ISO-10303-21;
HEADER;
/* Generated by software containing ST-Developer
 * from STEP Tools, Inc. (www.steptools.com) 
 */

FILE_DESCRIPTION(
/* description */ (''),
/* implementation_level */ '2;1');

FILE_NAME(
/* name */ 'paperwhite_3.step',
/* time_stamp */ '2026-09-25T21:20:26+02:00',
/* author */ (''),
/* organization */ (''),
/* preprocessor_version */ 'ST-DEVELOPER v20.2',
/* originating_system */ 'Autodesk Translation Framework v15.15.0.0',
/* authorisation */ '');

FILE_SCHEMA (('AUTOMOTIVE_DESIGN { 1 0 10303 214 3 1 1 }'));
ENDSEC;

DATA;
#10=MECHANICAL_DESIGN_GEOMETRIC_PRESENTATION_REPRESENTATION('',(#13,#14),
#4884);
#11=SHAPE_REPRESENTATION_RELATIONSHIP('SRR','None',#4891,#12);
#12=ADVANCED_BREP_SHAPE_REPRESENTATION('',(#15,#16),#4883);
#13=STYLED_ITEM('',(#4900),#15);
#14=STYLED_ITEM('',(#4901),#16);
#15=MANIFOLD_SOLID_BREP('Body6',#3063);
#16=MANIFOLD_SOLID_BREP('Body7',#3064);
#17=FACE_BOUND('',#286,.T.);
#18=FACE_BOUND('',#287,.T.);
#19=FACE_BOUND('',#288,.T.);
#20=FACE_BOUND('',#289,.T.);
#21=FACE_BOUND('',#290,.T.);
#22=FACE_BOUND('',#291,.T.);
#23=FACE_BOUND('',#292,.T.);
#24=FACE_BOUND('',#293,.T.);
#25=FACE_BOUND('',#327,.T.);
#26=FACE_BOUND('',#335,.T.);
#27=FACE_BOUND('',#379,.T.);
#28=ELLIPSE('',#3114,3.88908729652407,2.75);
#29=ELLIPSE('',#3124,3.88908729652245,2.75);
#30=CIRCLE('',#3105,2.75);
#31=CIRCLE('',#3106,2.75);
#32=CIRCLE('',#3109,2.75);
#33=CIRCLE('',#3110,2.75);
#34=CIRCLE('',#3113,2.75);
#35=CIRCLE('',#3116,2.75);
#36=CIRCLE('',#3119,2.75);
#37=CIRCLE('',#3120,2.75);
#38=CIRCLE('',#3123,2.75);
#39=CIRCLE('',#3126,2.75);
#40=CIRCLE('',#3130,2.75);
#41=CIRCLE('',#3131,2.75);
#42=CIRCLE('',#3134,2.75);
#43=CIRCLE('',#3135,2.75);
#44=CIRCLE('',#3237,2.);
#45=CIRCLE('',#3238,2.);
#46=CIRCLE('',#3241,2.);
#47=CIRCLE('',#3244,2.);
#48=CYLINDRICAL_SURFACE('',#3104,2.75);
#49=CYLINDRICAL_SURFACE('',#3108,2.75);
#50=CYLINDRICAL_SURFACE('',#3112,2.75);
#51=CYLINDRICAL_SURFACE('',#3115,2.75);
#52=CYLINDRICAL_SURFACE('',#3118,2.75);
#53=CYLINDRICAL_SURFACE('',#3122,2.75);
#54=CYLINDRICAL_SURFACE('',#3125,2.75);
#55=CYLINDRICAL_SURFACE('',#3129,2.75);
#56=CYLINDRICAL_SURFACE('',#3133,2.75);
#57=CYLINDRICAL_SURFACE('',#3240,2.);
#58=CYLINDRICAL_SURFACE('',#3243,2.);
#59=FACE_OUTER_BOUND('',#214,.T.);
#60=FACE_OUTER_BOUND('',#215,.T.);
#61=FACE_OUTER_BOUND('',#216,.T.);
#62=FACE_OUTER_BOUND('',#217,.T.);
#63=FACE_OUTER_BOUND('',#218,.T.);
#64=FACE_OUTER_BOUND('',#219,.T.);
#65=FACE_OUTER_BOUND('',#220,.T.);
#66=FACE_OUTER_BOUND('',#221,.T.);
#67=FACE_OUTER_BOUND('',#222,.T.);
#68=FACE_OUTER_BOUND('',#223,.T.);
#69=FACE_OUTER_BOUND('',#224,.T.);
#70=FACE_OUTER_BOUND('',#225,.T.);
#71=FACE_OUTER_BOUND('',#226,.T.);
#72=FACE_OUTER_BOUND('',#227,.T.);
#73=FACE_OUTER_BOUND('',#228,.T.);
#74=FACE_OUTER_BOUND('',#229,.T.);
#75=FACE_OUTER_BOUND('',#230,.T.);
#76=FACE_OUTER_BOUND('',#231,.T.);
#77=FACE_OUTER_BOUND('',#232,.T.);
#78=FACE_OUTER_BOUND('',#233,.T.);
#79=FACE_OUTER_BOUND('',#234,.T.);
#80=FACE_OUTER_BOUND('',#235,.T.);
#81=FACE_OUTER_BOUND('',#236,.T.);
#82=FACE_OUTER_BOUND('',#237,.T.);
#83=FACE_OUTER_BOUND('',#238,.T.);
#84=FACE_OUTER_BOUND('',#239,.T.);
#85=FACE_OUTER_BOUND('',#240,.T.);
#86=FACE_OUTER_BOUND('',#241,.T.);
#87=FACE_OUTER_BOUND('',#242,.T.);
#88=FACE_OUTER_BOUND('',#243,.T.);
#89=FACE_OUTER_BOUND('',#244,.T.);
#90=FACE_OUTER_BOUND('',#245,.T.);
#91=FACE_OUTER_BOUND('',#246,.T.);
#92=FACE_OUTER_BOUND('',#247,.T.);
#93=FACE_OUTER_BOUND('',#248,.T.);
#94=FACE_OUTER_BOUND('',#249,.T.);
#95=FACE_OUTER_BOUND('',#250,.T.);
#96=FACE_OUTER_BOUND('',#251,.T.);
#97=FACE_OUTER_BOUND('',#252,.T.);
#98=FACE_OUTER_BOUND('',#253,.T.);
#99=FACE_OUTER_BOUND('',#254,.T.);
#100=FACE_OUTER_BOUND('',#255,.T.);
#101=FACE_OUTER_BOUND('',#256,.T.);
#102=FACE_OUTER_BOUND('',#257,.T.);
#103=FACE_OUTER_BOUND('',#258,.T.);
#104=FACE_OUTER_BOUND('',#259,.T.);
#105=FACE_OUTER_BOUND('',#260,.T.);
#106=FACE_OUTER_BOUND('',#261,.T.);
#107=FACE_OUTER_BOUND('',#262,.T.);
#108=FACE_OUTER_BOUND('',#263,.T.);
#109=FACE_OUTER_BOUND('',#264,.T.);
#110=FACE_OUTER_BOUND('',#265,.T.);
#111=FACE_OUTER_BOUND('',#266,.T.);
#112=FACE_OUTER_BOUND('',#267,.T.);
#113=FACE_OUTER_BOUND('',#268,.T.);
#114=FACE_OUTER_BOUND('',#269,.T.);
#115=FACE_OUTER_BOUND('',#270,.T.);
#116=FACE_OUTER_BOUND('',#271,.T.);
#117=FACE_OUTER_BOUND('',#272,.T.);
#118=FACE_OUTER_BOUND('',#273,.T.);
#119=FACE_OUTER_BOUND('',#274,.T.);
#120=FACE_OUTER_BOUND('',#275,.T.);
#121=FACE_OUTER_BOUND('',#276,.T.);
#122=FACE_OUTER_BOUND('',#277,.T.);
#123=FACE_OUTER_BOUND('',#278,.T.);
#124=FACE_OUTER_BOUND('',#279,.T.);
#125=FACE_OUTER_BOUND('',#280,.T.);
#126=FACE_OUTER_BOUND('',#281,.T.);
#127=FACE_OUTER_BOUND('',#282,.T.);
#128=FACE_OUTER_BOUND('',#283,.T.);
#129=FACE_OUTER_BOUND('',#284,.T.);
#130=FACE_OUTER_BOUND('',#285,.T.);
#131=FACE_OUTER_BOUND('',#294,.T.);
#132=FACE_OUTER_BOUND('',#295,.T.);
#133=FACE_OUTER_BOUND('',#296,.T.);
#134=FACE_OUTER_BOUND('',#297,.T.);
#135=FACE_OUTER_BOUND('',#298,.T.);
#136=FACE_OUTER_BOUND('',#299,.T.);
#137=FACE_OUTER_BOUND('',#300,.T.);
#138=FACE_OUTER_BOUND('',#301,.T.);
#139=FACE_OUTER_BOUND('',#302,.T.);
#140=FACE_OUTER_BOUND('',#303,.T.);
#141=FACE_OUTER_BOUND('',#304,.T.);
#142=FACE_OUTER_BOUND('',#305,.T.);
#143=FACE_OUTER_BOUND('',#306,.T.);
#144=FACE_OUTER_BOUND('',#307,.T.);
#145=FACE_OUTER_BOUND('',#308,.T.);
#146=FACE_OUTER_BOUND('',#309,.T.);
#147=FACE_OUTER_BOUND('',#310,.T.);
#148=FACE_OUTER_BOUND('',#311,.T.);
#149=FACE_OUTER_BOUND('',#312,.T.);
#150=FACE_OUTER_BOUND('',#313,.T.);
#151=FACE_OUTER_BOUND('',#314,.T.);
#152=FACE_OUTER_BOUND('',#315,.T.);
#153=FACE_OUTER_BOUND('',#316,.T.);
#154=FACE_OUTER_BOUND('',#317,.T.);
#155=FACE_OUTER_BOUND('',#318,.T.);
#156=FACE_OUTER_BOUND('',#319,.T.);
#157=FACE_OUTER_BOUND('',#320,.T.);
#158=FACE_OUTER_BOUND('',#321,.T.);
#159=FACE_OUTER_BOUND('',#322,.T.);
#160=FACE_OUTER_BOUND('',#323,.T.);
#161=FACE_OUTER_BOUND('',#324,.T.);
#162=FACE_OUTER_BOUND('',#325,.T.);
#163=FACE_OUTER_BOUND('',#326,.T.);
#164=FACE_OUTER_BOUND('',#328,.T.);
#165=FACE_OUTER_BOUND('',#329,.T.);
#166=FACE_OUTER_BOUND('',#330,.T.);
#167=FACE_OUTER_BOUND('',#331,.T.);
#168=FACE_OUTER_BOUND('',#332,.T.);
#169=FACE_OUTER_BOUND('',#333,.T.);
#170=FACE_OUTER_BOUND('',#334,.T.);
#171=FACE_OUTER_BOUND('',#336,.T.);
#172=FACE_OUTER_BOUND('',#337,.T.);
#173=FACE_OUTER_BOUND('',#338,.T.);
#174=FACE_OUTER_BOUND('',#339,.T.);
#175=FACE_OUTER_BOUND('',#340,.T.);
#176=FACE_OUTER_BOUND('',#341,.T.);
#177=FACE_OUTER_BOUND('',#342,.T.);
#178=FACE_OUTER_BOUND('',#343,.T.);
#179=FACE_OUTER_BOUND('',#344,.T.);
#180=FACE_OUTER_BOUND('',#345,.T.);
#181=FACE_OUTER_BOUND('',#346,.T.);
#182=FACE_OUTER_BOUND('',#347,.T.);
#183=FACE_OUTER_BOUND('',#348,.T.);
#184=FACE_OUTER_BOUND('',#349,.T.);
#185=FACE_OUTER_BOUND('',#350,.T.);
#186=FACE_OUTER_BOUND('',#351,.T.);
#187=FACE_OUTER_BOUND('',#352,.T.);
#188=FACE_OUTER_BOUND('',#353,.T.);
#189=FACE_OUTER_BOUND('',#354,.T.);
#190=FACE_OUTER_BOUND('',#355,.T.);
#191=FACE_OUTER_BOUND('',#356,.T.);
#192=FACE_OUTER_BOUND('',#357,.T.);
#193=FACE_OUTER_BOUND('',#358,.T.);
#194=FACE_OUTER_BOUND('',#359,.T.);
#195=FACE_OUTER_BOUND('',#360,.T.);
#196=FACE_OUTER_BOUND('',#361,.T.);
#197=FACE_OUTER_BOUND('',#362,.T.);
#198=FACE_OUTER_BOUND('',#363,.T.);
#199=FACE_OUTER_BOUND('',#364,.T.);
#200=FACE_OUTER_BOUND('',#365,.T.);
#201=FACE_OUTER_BOUND('',#366,.T.);
#202=FACE_OUTER_BOUND('',#367,.T.);
#203=FACE_OUTER_BOUND('',#368,.T.);
#204=FACE_OUTER_BOUND('',#369,.T.);
#205=FACE_OUTER_BOUND('',#370,.T.);
#206=FACE_OUTER_BOUND('',#371,.T.);
#207=FACE_OUTER_BOUND('',#372,.T.);
#208=FACE_OUTER_BOUND('',#373,.T.);
#209=FACE_OUTER_BOUND('',#374,.T.);
#210=FACE_OUTER_BOUND('',#375,.T.);
#211=FACE_OUTER_BOUND('',#376,.T.);
#212=FACE_OUTER_BOUND('',#377,.T.);
#213=FACE_OUTER_BOUND('',#378,.T.);
#214=EDGE_LOOP('',(#1908,#1909,#1910,#1911));
#215=EDGE_LOOP('',(#1912,#1913,#1914,#1915,#1916,#1917));
#216=EDGE_LOOP('',(#1918,#1919,#1920,#1921));
#217=EDGE_LOOP('',(#1922,#1923,#1924,#1925));
#218=EDGE_LOOP('',(#1926,#1927,#1928,#1929));
#219=EDGE_LOOP('',(#1930,#1931,#1932,#1933,#1934,#1935));
#220=EDGE_LOOP('',(#1936,#1937,#1938,#1939));
#221=EDGE_LOOP('',(#1940,#1941,#1942,#1943));
#222=EDGE_LOOP('',(#1944,#1945,#1946,#1947));
#223=EDGE_LOOP('',(#1948,#1949,#1950,#1951,#1952,#1953));
#224=EDGE_LOOP('',(#1954,#1955,#1956,#1957));
#225=EDGE_LOOP('',(#1958,#1959,#1960,#1961));
#226=EDGE_LOOP('',(#1962,#1963,#1964,#1965));
#227=EDGE_LOOP('',(#1966,#1967,#1968,#1969,#1970,#1971));
#228=EDGE_LOOP('',(#1972,#1973,#1974,#1975));
#229=EDGE_LOOP('',(#1976,#1977,#1978,#1979));
#230=EDGE_LOOP('',(#1980,#1981,#1982,#1983,#1984,#1985));
#231=EDGE_LOOP('',(#1986,#1987,#1988,#1989));
#232=EDGE_LOOP('',(#1990,#1991,#1992,#1993,#1994,#1995));
#233=EDGE_LOOP('',(#1996,#1997,#1998,#1999));
#234=EDGE_LOOP('',(#2000,#2001,#2002,#2003));
#235=EDGE_LOOP('',(#2004,#2005,#2006,#2007,#2008,#2009));
#236=EDGE_LOOP('',(#2010,#2011,#2012,#2013));
#237=EDGE_LOOP('',(#2014,#2015,#2016,#2017,#2018,#2019));
#238=EDGE_LOOP('',(#2020,#2021,#2022,#2023));
#239=EDGE_LOOP('',(#2024,#2025,#2026,#2027));
#240=EDGE_LOOP('',(#2028,#2029,#2030,#2031));
#241=EDGE_LOOP('',(#2032,#2033,#2034,#2035));
#242=EDGE_LOOP('',(#2036,#2037,#2038,#2039));
#243=EDGE_LOOP('',(#2040,#2041,#2042,#2043));
#244=EDGE_LOOP('',(#2044,#2045,#2046,#2047));
#245=EDGE_LOOP('',(#2048,#2049,#2050,#2051));
#246=EDGE_LOOP('',(#2052,#2053,#2054,#2055,#2056,#2057));
#247=EDGE_LOOP('',(#2058,#2059,#2060,#2061));
#248=EDGE_LOOP('',(#2062,#2063,#2064,#2065));
#249=EDGE_LOOP('',(#2066,#2067,#2068,#2069));
#250=EDGE_LOOP('',(#2070,#2071,#2072,#2073));
#251=EDGE_LOOP('',(#2074,#2075,#2076,#2077));
#252=EDGE_LOOP('',(#2078,#2079,#2080,#2081));
#253=EDGE_LOOP('',(#2082,#2083,#2084,#2085));
#254=EDGE_LOOP('',(#2086,#2087,#2088,#2089));
#255=EDGE_LOOP('',(#2090,#2091,#2092,#2093));
#256=EDGE_LOOP('',(#2094,#2095,#2096,#2097));
#257=EDGE_LOOP('',(#2098,#2099,#2100,#2101));
#258=EDGE_LOOP('',(#2102,#2103,#2104,#2105,#2106,#2107));
#259=EDGE_LOOP('',(#2108,#2109,#2110,#2111));
#260=EDGE_LOOP('',(#2112,#2113,#2114,#2115));
#261=EDGE_LOOP('',(#2116,#2117,#2118,#2119,#2120,#2121));
#262=EDGE_LOOP('',(#2122,#2123,#2124,#2125));
#263=EDGE_LOOP('',(#2126,#2127,#2128,#2129));
#264=EDGE_LOOP('',(#2130,#2131,#2132,#2133));
#265=EDGE_LOOP('',(#2134,#2135,#2136,#2137));
#266=EDGE_LOOP('',(#2138,#2139,#2140,#2141));
#267=EDGE_LOOP('',(#2142,#2143,#2144,#2145,#2146,#2147));
#268=EDGE_LOOP('',(#2148,#2149,#2150,#2151));
#269=EDGE_LOOP('',(#2152,#2153,#2154,#2155));
#270=EDGE_LOOP('',(#2156,#2157,#2158,#2159));
#271=EDGE_LOOP('',(#2160,#2161,#2162,#2163));
#272=EDGE_LOOP('',(#2164,#2165,#2166,#2167));
#273=EDGE_LOOP('',(#2168,#2169,#2170,#2171));
#274=EDGE_LOOP('',(#2172,#2173,#2174,#2175));
#275=EDGE_LOOP('',(#2176,#2177,#2178,#2179));
#276=EDGE_LOOP('',(#2180,#2181,#2182,#2183));
#277=EDGE_LOOP('',(#2184,#2185,#2186,#2187));
#278=EDGE_LOOP('',(#2188,#2189,#2190,#2191));
#279=EDGE_LOOP('',(#2192,#2193,#2194,#2195));
#280=EDGE_LOOP('',(#2196,#2197,#2198,#2199));
#281=EDGE_LOOP('',(#2200,#2201,#2202,#2203));
#282=EDGE_LOOP('',(#2204,#2205,#2206,#2207));
#283=EDGE_LOOP('',(#2208,#2209,#2210,#2211));
#284=EDGE_LOOP('',(#2212,#2213,#2214,#2215));
#285=EDGE_LOOP('',(#2216,#2217,#2218,#2219,#2220,#2221,#2222,#2223,#2224,
#2225,#2226,#2227,#2228,#2229,#2230,#2231,#2232,#2233,#2234,#2235));
#286=EDGE_LOOP('',(#2236,#2237,#2238,#2239));
#287=EDGE_LOOP('',(#2240,#2241,#2242,#2243));
#288=EDGE_LOOP('',(#2244,#2245,#2246,#2247));
#289=EDGE_LOOP('',(#2248,#2249,#2250,#2251));
#290=EDGE_LOOP('',(#2252,#2253,#2254,#2255));
#291=EDGE_LOOP('',(#2256,#2257,#2258,#2259,#2260,#2261));
#292=EDGE_LOOP('',(#2262,#2263,#2264,#2265,#2266,#2267));
#293=EDGE_LOOP('',(#2268,#2269,#2270,#2271));
#294=EDGE_LOOP('',(#2272,#2273,#2274,#2275));
#295=EDGE_LOOP('',(#2276,#2277,#2278,#2279));
#296=EDGE_LOOP('',(#2280,#2281,#2282,#2283));
#297=EDGE_LOOP('',(#2284,#2285,#2286,#2287));
#298=EDGE_LOOP('',(#2288,#2289,#2290,#2291));
#299=EDGE_LOOP('',(#2292,#2293,#2294,#2295));
#300=EDGE_LOOP('',(#2296,#2297,#2298,#2299));
#301=EDGE_LOOP('',(#2300,#2301,#2302,#2303));
#302=EDGE_LOOP('',(#2304,#2305,#2306,#2307,#2308,#2309,#2310,#2311));
#303=EDGE_LOOP('',(#2312,#2313,#2314,#2315,#2316,#2317,#2318,#2319));
#304=EDGE_LOOP('',(#2320,#2321,#2322,#2323,#2324,#2325,#2326,#2327));
#305=EDGE_LOOP('',(#2328,#2329,#2330,#2331,#2332,#2333,#2334,#2335));
#306=EDGE_LOOP('',(#2336,#2337,#2338,#2339,#2340,#2341,#2342,#2343));
#307=EDGE_LOOP('',(#2344,#2345,#2346,#2347,#2348,#2349,#2350,#2351));
#308=EDGE_LOOP('',(#2352,#2353,#2354,#2355,#2356,#2357,#2358,#2359));
#309=EDGE_LOOP('',(#2360,#2361,#2362,#2363));
#310=EDGE_LOOP('',(#2364,#2365,#2366,#2367));
#311=EDGE_LOOP('',(#2368,#2369,#2370,#2371,#2372,#2373,#2374,#2375));
#312=EDGE_LOOP('',(#2376,#2377,#2378,#2379,#2380,#2381,#2382,#2383));
#313=EDGE_LOOP('',(#2384,#2385,#2386,#2387,#2388,#2389,#2390,#2391));
#314=EDGE_LOOP('',(#2392,#2393,#2394,#2395));
#315=EDGE_LOOP('',(#2396,#2397,#2398,#2399));
#316=EDGE_LOOP('',(#2400,#2401,#2402,#2403,#2404,#2405,#2406,#2407));
#317=EDGE_LOOP('',(#2408,#2409,#2410,#2411,#2412,#2413,#2414,#2415));
#318=EDGE_LOOP('',(#2416,#2417,#2418,#2419));
#319=EDGE_LOOP('',(#2420,#2421,#2422,#2423,#2424,#2425,#2426,#2427));
#320=EDGE_LOOP('',(#2428,#2429,#2430,#2431,#2432,#2433,#2434,#2435));
#321=EDGE_LOOP('',(#2436,#2437,#2438,#2439));
#322=EDGE_LOOP('',(#2440,#2441,#2442,#2443));
#323=EDGE_LOOP('',(#2444,#2445,#2446,#2447));
#324=EDGE_LOOP('',(#2448,#2449,#2450,#2451));
#325=EDGE_LOOP('',(#2452,#2453,#2454,#2455));
#326=EDGE_LOOP('',(#2456,#2457,#2458,#2459,#2460,#2461,#2462,#2463,#2464,
#2465,#2466,#2467,#2468,#2469,#2470,#2471,#2472,#2473,#2474,#2475));
#327=EDGE_LOOP('',(#2476,#2477,#2478,#2479));
#328=EDGE_LOOP('',(#2480,#2481,#2482,#2483));
#329=EDGE_LOOP('',(#2484,#2485,#2486,#2487));
#330=EDGE_LOOP('',(#2488,#2489,#2490,#2491));
#331=EDGE_LOOP('',(#2492,#2493,#2494,#2495));
#332=EDGE_LOOP('',(#2496,#2497,#2498,#2499));
#333=EDGE_LOOP('',(#2500,#2501,#2502,#2503));
#334=EDGE_LOOP('',(#2504,#2505,#2506,#2507));
#335=EDGE_LOOP('',(#2508,#2509,#2510,#2511));
#336=EDGE_LOOP('',(#2512,#2513,#2514,#2515));
#337=EDGE_LOOP('',(#2516,#2517,#2518,#2519));
#338=EDGE_LOOP('',(#2520,#2521,#2522,#2523));
#339=EDGE_LOOP('',(#2524,#2525,#2526,#2527));
#340=EDGE_LOOP('',(#2528,#2529,#2530,#2531));
#341=EDGE_LOOP('',(#2532,#2533,#2534,#2535));
#342=EDGE_LOOP('',(#2536,#2537,#2538,#2539));
#343=EDGE_LOOP('',(#2540,#2541,#2542,#2543));
#344=EDGE_LOOP('',(#2544,#2545,#2546,#2547,#2548,#2549,#2550));
#345=EDGE_LOOP('',(#2551,#2552,#2553,#2554,#2555,#2556,#2557));
#346=EDGE_LOOP('',(#2558,#2559,#2560,#2561,#2562,#2563,#2564));
#347=EDGE_LOOP('',(#2565,#2566,#2567,#2568));
#348=EDGE_LOOP('',(#2569,#2570,#2571,#2572,#2573,#2574,#2575));
#349=EDGE_LOOP('',(#2576,#2577,#2578,#2579));
#350=EDGE_LOOP('',(#2580,#2581,#2582,#2583));
#351=EDGE_LOOP('',(#2584,#2585,#2586,#2587));
#352=EDGE_LOOP('',(#2588,#2589,#2590,#2591));
#353=EDGE_LOOP('',(#2592,#2593,#2594,#2595));
#354=EDGE_LOOP('',(#2596,#2597,#2598,#2599));
#355=EDGE_LOOP('',(#2600,#2601,#2602,#2603));
#356=EDGE_LOOP('',(#2604,#2605,#2606,#2607));
#357=EDGE_LOOP('',(#2608,#2609,#2610,#2611));
#358=EDGE_LOOP('',(#2612,#2613,#2614,#2615));
#359=EDGE_LOOP('',(#2616,#2617,#2618,#2619));
#360=EDGE_LOOP('',(#2620,#2621,#2622,#2623,#2624,#2625,#2626));
#361=EDGE_LOOP('',(#2627,#2628,#2629,#2630,#2631,#2632,#2633));
#362=EDGE_LOOP('',(#2634,#2635,#2636,#2637,#2638,#2639,#2640));
#363=EDGE_LOOP('',(#2641,#2642,#2643,#2644,#2645,#2646,#2647));
#364=EDGE_LOOP('',(#2648,#2649,#2650,#2651,#2652,#2653,#2654,#2655,#2656,
#2657,#2658,#2659));
#365=EDGE_LOOP('',(#2660,#2661,#2662,#2663,#2664,#2665,#2666,#2667,#2668,
#2669,#2670,#2671));
#366=EDGE_LOOP('',(#2672,#2673,#2674,#2675,#2676,#2677,#2678,#2679,#2680,
#2681));
#367=EDGE_LOOP('',(#2682,#2683,#2684,#2685));
#368=EDGE_LOOP('',(#2686,#2687,#2688,#2689));
#369=EDGE_LOOP('',(#2690,#2691,#2692,#2693));
#370=EDGE_LOOP('',(#2694,#2695,#2696,#2697));
#371=EDGE_LOOP('',(#2698,#2699,#2700,#2701));
#372=EDGE_LOOP('',(#2702,#2703,#2704,#2705,#2706,#2707,#2708,#2709,#2710,
#2711,#2712,#2713));
#373=EDGE_LOOP('',(#2714,#2715,#2716,#2717));
#374=EDGE_LOOP('',(#2718,#2719,#2720,#2721));
#375=EDGE_LOOP('',(#2722,#2723,#2724,#2725,#2726,#2727,#2728,#2729,#2730,
#2731));
#376=EDGE_LOOP('',(#2732,#2733,#2734,#2735));
#377=EDGE_LOOP('',(#2736,#2737,#2738,#2739));
#378=EDGE_LOOP('',(#2740,#2741,#2742,#2743,#2744,#2745,#2746,#2747,#2748,
#2749,#2750,#2751,#2752,#2753,#2754,#2755,#2756,#2757,#2758,#2759));
#379=EDGE_LOOP('',(#2760,#2761,#2762,#2763));
#380=LINE('',#4017,#788);
#381=LINE('',#4019,#789);
#382=LINE('',#4021,#790);
#383=LINE('',#4022,#791);
#384=LINE('',#4025,#792);
#385=LINE('',#4027,#793);
#386=LINE('',#4029,#794);
#387=LINE('',#4031,#795);
#388=LINE('',#4032,#796);
#389=LINE('',#4035,#797);
#390=LINE('',#4036,#798);
#391=LINE('',#4039,#799);
#392=LINE('',#4040,#800);
#393=LINE('',#4044,#801);
#394=LINE('',#4046,#802);
#395=LINE('',#4048,#803);
#396=LINE('',#4049,#804);
#397=LINE('',#4052,#805);
#398=LINE('',#4054,#806);
#399=LINE('',#4056,#807);
#400=LINE('',#4058,#808);
#401=LINE('',#4059,#809);
#402=LINE('',#4062,#810);
#403=LINE('',#4063,#811);
#404=LINE('',#4066,#812);
#405=LINE('',#4067,#813);
#406=LINE('',#4071,#814);
#407=LINE('',#4073,#815);
#408=LINE('',#4075,#816);
#409=LINE('',#4076,#817);
#410=LINE('',#4079,#818);
#411=LINE('',#4081,#819);
#412=LINE('',#4083,#820);
#413=LINE('',#4085,#821);
#414=LINE('',#4086,#822);
#415=LINE('',#4089,#823);
#416=LINE('',#4090,#824);
#417=LINE('',#4093,#825);
#418=LINE('',#4094,#826);
#419=LINE('',#4098,#827);
#420=LINE('',#4100,#828);
#421=LINE('',#4102,#829);
#422=LINE('',#4103,#830);
#423=LINE('',#4106,#831);
#424=LINE('',#4108,#832);
#425=LINE('',#4110,#833);
#426=LINE('',#4112,#834);
#427=LINE('',#4113,#835);
#428=LINE('',#4116,#836);
#429=LINE('',#4117,#837);
#430=LINE('',#4120,#838);
#431=LINE('',#4121,#839);
#432=LINE('',#4124,#840);
#433=LINE('',#4126,#841);
#434=LINE('',#4127,#842);
#435=LINE('',#4129,#843);
#436=LINE('',#4130,#844);
#437=LINE('',#4133,#845);
#438=LINE('',#4135,#846);
#439=LINE('',#4136,#847);
#440=LINE('',#4139,#848);
#441=LINE('',#4141,#849);
#442=LINE('',#4142,#850);
#443=LINE('',#4145,#851);
#444=LINE('',#4147,#852);
#445=LINE('',#4148,#853);
#446=LINE('',#4151,#854);
#447=LINE('',#4153,#855);
#448=LINE('',#4154,#856);
#449=LINE('',#4157,#857);
#450=LINE('',#4159,#858);
#451=LINE('',#4160,#859);
#452=LINE('',#4162,#860);
#453=LINE('',#4163,#861);
#454=LINE('',#4166,#862);
#455=LINE('',#4168,#863);
#456=LINE('',#4169,#864);
#457=LINE('',#4172,#865);
#458=LINE('',#4174,#866);
#459=LINE('',#4175,#867);
#460=LINE('',#4181,#868);
#461=LINE('',#4184,#869);
#462=LINE('',#4187,#870);
#463=LINE('',#4189,#871);
#464=LINE('',#4190,#872);
#465=LINE('',#4196,#873);
#466=LINE('',#4199,#874);
#467=LINE('',#4202,#875);
#468=LINE('',#4204,#876);
#469=LINE('',#4205,#877);
#470=LINE('',#4209,#878);
#471=LINE('',#4213,#879);
#472=LINE('',#4217,#880);
#473=LINE('',#4220,#881);
#474=LINE('',#4223,#882);
#475=LINE('',#4225,#883);
#476=LINE('',#4227,#884);
#477=LINE('',#4228,#885);
#478=LINE('',#4234,#886);
#479=LINE('',#4237,#887);
#480=LINE('',#4240,#888);
#481=LINE('',#4242,#889);
#482=LINE('',#4243,#890);
#483=LINE('',#4247,#891);
#484=LINE('',#4251,#892);
#485=LINE('',#4255,#893);
#486=LINE('',#4258,#894);
#487=LINE('',#4261,#895);
#488=LINE('',#4263,#896);
#489=LINE('',#4264,#897);
#490=LINE('',#4267,#898);
#491=LINE('',#4268,#899);
#492=LINE('',#4274,#900);
#493=LINE('',#4277,#901);
#494=LINE('',#4280,#902);
#495=LINE('',#4282,#903);
#496=LINE('',#4283,#904);
#497=LINE('',#4289,#905);
#498=LINE('',#4292,#906);
#499=LINE('',#4295,#907);
#500=LINE('',#4297,#908);
#501=LINE('',#4298,#909);
#502=LINE('',#4302,#910);
#503=LINE('',#4304,#911);
#504=LINE('',#4306,#912);
#505=LINE('',#4307,#913);
#506=LINE('',#4311,#914);
#507=LINE('',#4313,#915);
#508=LINE('',#4315,#916);
#509=LINE('',#4317,#917);
#510=LINE('',#4319,#918);
#511=LINE('',#4320,#919);
#512=LINE('',#4324,#920);
#513=LINE('',#4326,#921);
#514=LINE('',#4328,#922);
#515=LINE('',#4329,#923);
#516=LINE('',#4333,#924);
#517=LINE('',#4335,#925);
#518=LINE('',#4337,#926);
#519=LINE('',#4338,#927);
#520=LINE('',#4342,#928);
#521=LINE('',#4344,#929);
#522=LINE('',#4346,#930);
#523=LINE('',#4348,#931);
#524=LINE('',#4350,#932);
#525=LINE('',#4351,#933);
#526=LINE('',#4355,#934);
#527=LINE('',#4357,#935);
#528=LINE('',#4359,#936);
#529=LINE('',#4360,#937);
#530=LINE('',#4362,#938);
#531=LINE('',#4363,#939);
#532=LINE('',#4366,#940);
#533=LINE('',#4368,#941);
#534=LINE('',#4369,#942);
#535=LINE('',#4372,#943);
#536=LINE('',#4374,#944);
#537=LINE('',#4375,#945);
#538=LINE('',#4378,#946);
#539=LINE('',#4379,#947);
#540=LINE('',#4381,#948);
#541=LINE('',#4382,#949);
#542=LINE('',#4384,#950);
#543=LINE('',#4385,#951);
#544=LINE('',#4388,#952);
#545=LINE('',#4390,#953);
#546=LINE('',#4391,#954);
#547=LINE('',#4393,#955);
#548=LINE('',#4394,#956);
#549=LINE('',#4397,#957);
#550=LINE('',#4399,#958);
#551=LINE('',#4400,#959);
#552=LINE('',#4404,#960);
#553=LINE('',#4405,#961);
#554=LINE('',#4406,#962);
#555=LINE('',#4408,#963);
#556=LINE('',#4409,#964);
#557=LINE('',#4412,#965);
#558=LINE('',#4414,#966);
#559=LINE('',#4415,#967);
#560=LINE('',#4417,#968);
#561=LINE('',#4418,#969);
#562=LINE('',#4420,#970);
#563=LINE('',#4423,#971);
#564=LINE('',#4425,#972);
#565=LINE('',#4426,#973);
#566=LINE('',#4429,#974);
#567=LINE('',#4430,#975);
#568=LINE('',#4434,#976);
#569=LINE('',#4436,#977);
#570=LINE('',#4438,#978);
#571=LINE('',#4439,#979);
#572=LINE('',#4441,#980);
#573=LINE('',#4442,#981);
#574=LINE('',#4446,#982);
#575=LINE('',#4448,#983);
#576=LINE('',#4450,#984);
#577=LINE('',#4451,#985);
#578=LINE('',#4453,#986);
#579=LINE('',#4454,#987);
#580=LINE('',#4458,#988);
#581=LINE('',#4460,#989);
#582=LINE('',#4462,#990);
#583=LINE('',#4463,#991);
#584=LINE('',#4466,#992);
#585=LINE('',#4468,#993);
#586=LINE('',#4469,#994);
#587=LINE('',#4471,#995);
#588=LINE('',#4472,#996);
#589=LINE('',#4473,#997);
#590=LINE('',#4474,#998);
#591=LINE('',#4475,#999);
#592=LINE('',#4476,#1000);
#593=LINE('',#4478,#1001);
#594=LINE('',#4480,#1002);
#595=LINE('',#4481,#1003);
#596=LINE('',#4483,#1004);
#597=LINE('',#4485,#1005);
#598=LINE('',#4486,#1006);
#599=LINE('',#4489,#1007);
#600=LINE('',#4491,#1008);
#601=LINE('',#4493,#1009);
#602=LINE('',#4494,#1010);
#603=LINE('',#4495,#1011);
#604=LINE('',#4496,#1012);
#605=LINE('',#4498,#1013);
#606=LINE('',#4500,#1014);
#607=LINE('',#4502,#1015);
#608=LINE('',#4503,#1016);
#609=LINE('',#4506,#1017);
#610=LINE('',#4508,#1018);
#611=LINE('',#4510,#1019);
#612=LINE('',#4511,#1020);
#613=LINE('',#4514,#1021);
#614=LINE('',#4516,#1022);
#615=LINE('',#4517,#1023);
#616=LINE('',#4520,#1024);
#617=LINE('',#4522,#1025);
#618=LINE('',#4523,#1026);
#619=LINE('',#4526,#1027);
#620=LINE('',#4528,#1028);
#621=LINE('',#4529,#1029);
#622=LINE('',#4532,#1030);
#623=LINE('',#4533,#1031);
#624=LINE('',#4536,#1032);
#625=LINE('',#4538,#1033);
#626=LINE('',#4539,#1034);
#627=LINE('',#4541,#1035);
#628=LINE('',#4542,#1036);
#629=LINE('',#4545,#1037);
#630=LINE('',#4547,#1038);
#631=LINE('',#4548,#1039);
#632=LINE('',#4550,#1040);
#633=LINE('',#4551,#1041);
#634=LINE('',#4559,#1042);
#635=LINE('',#4561,#1043);
#636=LINE('',#4563,#1044);
#637=LINE('',#4566,#1045);
#638=LINE('',#4568,#1046);
#639=LINE('',#4570,#1047);
#640=LINE('',#4575,#1048);
#641=LINE('',#4576,#1049);
#642=LINE('',#4578,#1050);
#643=LINE('',#4580,#1051);
#644=LINE('',#4584,#1052);
#645=LINE('',#4586,#1053);
#646=LINE('',#4587,#1054);
#647=LINE('',#4591,#1055);
#648=LINE('',#4592,#1056);
#649=LINE('',#4593,#1057);
#650=LINE('',#4595,#1058);
#651=LINE('',#4597,#1059);
#652=LINE('',#4599,#1060);
#653=LINE('',#4600,#1061);
#654=LINE('',#4606,#1062);
#655=LINE('',#4608,#1063);
#656=LINE('',#4610,#1064);
#657=LINE('',#4611,#1065);
#658=LINE('',#4614,#1066);
#659=LINE('',#4616,#1067);
#660=LINE('',#4617,#1068);
#661=LINE('',#4620,#1069);
#662=LINE('',#4622,#1070);
#663=LINE('',#4623,#1071);
#664=LINE('',#4625,#1072);
#665=LINE('',#4626,#1073);
#666=LINE('',#4630,#1074);
#667=LINE('',#4632,#1075);
#668=LINE('',#4634,#1076);
#669=LINE('',#4635,#1077);
#670=LINE('',#4639,#1078);
#671=LINE('',#4641,#1079);
#672=LINE('',#4643,#1080);
#673=LINE('',#4644,#1081);
#674=LINE('',#4647,#1082);
#675=LINE('',#4649,#1083);
#676=LINE('',#4650,#1084);
#677=LINE('',#4654,#1085);
#678=LINE('',#4656,#1086);
#679=LINE('',#4658,#1087);
#680=LINE('',#4659,#1088);
#681=LINE('',#4662,#1089);
#682=LINE('',#4664,#1090);
#683=LINE('',#4665,#1091);
#684=LINE('',#4669,#1092);
#685=LINE('',#4671,#1093);
#686=LINE('',#4673,#1094);
#687=LINE('',#4674,#1095);
#688=LINE('',#4677,#1096);
#689=LINE('',#4679,#1097);
#690=LINE('',#4680,#1098);
#691=LINE('',#4684,#1099);
#692=LINE('',#4686,#1100);
#693=LINE('',#4688,#1101);
#694=LINE('',#4689,#1102);
#695=LINE('',#4692,#1103);
#696=LINE('',#4694,#1104);
#697=LINE('',#4695,#1105);
#698=LINE('',#4698,#1106);
#699=LINE('',#4700,#1107);
#700=LINE('',#4702,#1108);
#701=LINE('',#4704,#1109);
#702=LINE('',#4705,#1110);
#703=LINE('',#4708,#1111);
#704=LINE('',#4710,#1112);
#705=LINE('',#4712,#1113);
#706=LINE('',#4714,#1114);
#707=LINE('',#4715,#1115);
#708=LINE('',#4718,#1116);
#709=LINE('',#4720,#1117);
#710=LINE('',#4722,#1118);
#711=LINE('',#4724,#1119);
#712=LINE('',#4725,#1120);
#713=LINE('',#4729,#1121);
#714=LINE('',#4731,#1122);
#715=LINE('',#4733,#1123);
#716=LINE('',#4734,#1124);
#717=LINE('',#4737,#1125);
#718=LINE('',#4739,#1126);
#719=LINE('',#4740,#1127);
#720=LINE('',#4741,#1128);
#721=LINE('',#4744,#1129);
#722=LINE('',#4745,#1130);
#723=LINE('',#4747,#1131);
#724=LINE('',#4751,#1132);
#725=LINE('',#4752,#1133);
#726=LINE('',#4753,#1134);
#727=LINE('',#4756,#1135);
#728=LINE('',#4757,#1136);
#729=LINE('',#4759,#1137);
#730=LINE('',#4763,#1138);
#731=LINE('',#4764,#1139);
#732=LINE('',#4765,#1140);
#733=LINE('',#4768,#1141);
#734=LINE('',#4769,#1142);
#735=LINE('',#4771,#1143);
#736=LINE('',#4774,#1144);
#737=LINE('',#4776,#1145);
#738=LINE('',#4777,#1146);
#739=LINE('',#4780,#1147);
#740=LINE('',#4781,#1148);
#741=LINE('',#4783,#1149);
#742=LINE('',#4786,#1150);
#743=LINE('',#4787,#1151);
#744=LINE('',#4790,#1152);
#745=LINE('',#4791,#1153);
#746=LINE('',#4794,#1154);
#747=LINE('',#4795,#1155);
#748=LINE('',#4798,#1156);
#749=LINE('',#4799,#1157);
#750=LINE('',#4801,#1158);
#751=LINE('',#4803,#1159);
#752=LINE('',#4805,#1160);
#753=LINE('',#4807,#1161);
#754=LINE('',#4809,#1162);
#755=LINE('',#4810,#1163);
#756=LINE('',#4812,#1164);
#757=LINE('',#4814,#1165);
#758=LINE('',#4816,#1166);
#759=LINE('',#4818,#1167);
#760=LINE('',#4820,#1168);
#761=LINE('',#4821,#1169);
#762=LINE('',#4825,#1170);
#763=LINE('',#4829,#1171);
#764=LINE('',#4833,#1172);
#765=LINE('',#4834,#1173);
#766=LINE('',#4835,#1174);
#767=LINE('',#4836,#1175);
#768=LINE('',#4839,#1176);
#769=LINE('',#4841,#1177);
#770=LINE('',#4842,#1178);
#771=LINE('',#4845,#1179);
#772=LINE('',#4849,#1180);
#773=LINE('',#4850,#1181);
#774=LINE('',#4853,#1182);
#775=LINE('',#4857,#1183);
#776=LINE('',#4858,#1184);
#777=LINE('',#4861,#1185);
#778=LINE('',#4863,#1186);
#779=LINE('',#4865,#1187);
#780=LINE('',#4867,#1188);
#781=LINE('',#4868,#1189);
#782=LINE('',#4869,#1190);
#783=LINE('',#4871,#1191);
#784=LINE('',#4873,#1192);
#785=LINE('',#4874,#1193);
#786=LINE('',#4876,#1194);
#787=LINE('',#4878,#1195);
#788=VECTOR('',#3257,10.);
#789=VECTOR('',#3258,10.);
#790=VECTOR('',#3259,10.);
#791=VECTOR('',#3260,10.);
#792=VECTOR('',#3263,10.);
#793=VECTOR('',#3264,10.);
#794=VECTOR('',#3265,10.);
#795=VECTOR('',#3266,10.);
#796=VECTOR('',#3267,10.);
#797=VECTOR('',#3270,10.);
#798=VECTOR('',#3271,10.);
#799=VECTOR('',#3274,10.);
#800=VECTOR('',#3275,10.);
#801=VECTOR('',#3278,10.);
#802=VECTOR('',#3279,10.);
#803=VECTOR('',#3280,10.);
#804=VECTOR('',#3281,10.);
#805=VECTOR('',#3284,10.);
#806=VECTOR('',#3285,10.);
#807=VECTOR('',#3286,10.);
#808=VECTOR('',#3287,10.);
#809=VECTOR('',#3288,10.);
#810=VECTOR('',#3291,10.);
#811=VECTOR('',#3292,10.);
#812=VECTOR('',#3295,10.);
#813=VECTOR('',#3296,10.);
#814=VECTOR('',#3299,10.);
#815=VECTOR('',#3300,10.);
#816=VECTOR('',#3301,10.);
#817=VECTOR('',#3302,10.);
#818=VECTOR('',#3305,10.);
#819=VECTOR('',#3306,10.);
#820=VECTOR('',#3307,10.);
#821=VECTOR('',#3308,10.);
#822=VECTOR('',#3309,10.);
#823=VECTOR('',#3312,10.);
#824=VECTOR('',#3313,10.);
#825=VECTOR('',#3316,10.);
#826=VECTOR('',#3317,10.);
#827=VECTOR('',#3320,10.);
#828=VECTOR('',#3321,10.);
#829=VECTOR('',#3322,10.);
#830=VECTOR('',#3323,10.);
#831=VECTOR('',#3326,10.);
#832=VECTOR('',#3327,10.);
#833=VECTOR('',#3328,10.);
#834=VECTOR('',#3329,10.);
#835=VECTOR('',#3330,10.);
#836=VECTOR('',#3333,10.);
#837=VECTOR('',#3334,10.);
#838=VECTOR('',#3337,10.);
#839=VECTOR('',#3338,10.);
#840=VECTOR('',#3341,10.);
#841=VECTOR('',#3342,10.);
#842=VECTOR('',#3343,10.);
#843=VECTOR('',#3346,10.);
#844=VECTOR('',#3347,10.);
#845=VECTOR('',#3350,10.);
#846=VECTOR('',#3351,10.);
#847=VECTOR('',#3352,10.);
#848=VECTOR('',#3355,10.);
#849=VECTOR('',#3356,10.);
#850=VECTOR('',#3357,10.);
#851=VECTOR('',#3360,10.);
#852=VECTOR('',#3361,10.);
#853=VECTOR('',#3362,10.);
#854=VECTOR('',#3365,10.);
#855=VECTOR('',#3366,10.);
#856=VECTOR('',#3367,10.);
#857=VECTOR('',#3370,10.);
#858=VECTOR('',#3371,10.);
#859=VECTOR('',#3372,10.);
#860=VECTOR('',#3375,10.);
#861=VECTOR('',#3376,10.);
#862=VECTOR('',#3379,10.);
#863=VECTOR('',#3380,10.);
#864=VECTOR('',#3381,10.);
#865=VECTOR('',#3384,10.);
#866=VECTOR('',#3385,10.);
#867=VECTOR('',#3386,10.);
#868=VECTOR('',#3391,10.);
#869=VECTOR('',#3394,10.);
#870=VECTOR('',#3397,10.);
#871=VECTOR('',#3398,10.);
#872=VECTOR('',#3399,10.);
#873=VECTOR('',#3404,10.);
#874=VECTOR('',#3407,10.);
#875=VECTOR('',#3410,10.);
#876=VECTOR('',#3411,10.);
#877=VECTOR('',#3412,10.);
#878=VECTOR('',#3415,10.);
#879=VECTOR('',#3418,10.);
#880=VECTOR('',#3423,10.);
#881=VECTOR('',#3426,10.);
#882=VECTOR('',#3429,10.);
#883=VECTOR('',#3430,10.);
#884=VECTOR('',#3431,10.);
#885=VECTOR('',#3432,10.);
#886=VECTOR('',#3437,10.);
#887=VECTOR('',#3440,10.);
#888=VECTOR('',#3443,10.);
#889=VECTOR('',#3444,10.);
#890=VECTOR('',#3445,10.);
#891=VECTOR('',#3448,10.);
#892=VECTOR('',#3451,10.);
#893=VECTOR('',#3456,10.);
#894=VECTOR('',#3459,10.);
#895=VECTOR('',#3462,10.);
#896=VECTOR('',#3463,10.);
#897=VECTOR('',#3464,10.);
#898=VECTOR('',#3467,10.);
#899=VECTOR('',#3468,10.);
#900=VECTOR('',#3473,10.);
#901=VECTOR('',#3476,10.);
#902=VECTOR('',#3479,10.);
#903=VECTOR('',#3480,10.);
#904=VECTOR('',#3481,10.);
#905=VECTOR('',#3486,10.);
#906=VECTOR('',#3489,10.);
#907=VECTOR('',#3492,10.);
#908=VECTOR('',#3493,10.);
#909=VECTOR('',#3494,10.);
#910=VECTOR('',#3497,10.);
#911=VECTOR('',#3498,10.);
#912=VECTOR('',#3499,10.);
#913=VECTOR('',#3500,10.);
#914=VECTOR('',#3503,10.);
#915=VECTOR('',#3504,10.);
#916=VECTOR('',#3505,10.);
#917=VECTOR('',#3506,10.);
#918=VECTOR('',#3507,10.);
#919=VECTOR('',#3508,10.);
#920=VECTOR('',#3511,10.);
#921=VECTOR('',#3512,10.);
#922=VECTOR('',#3513,10.);
#923=VECTOR('',#3514,10.);
#924=VECTOR('',#3517,10.);
#925=VECTOR('',#3518,10.);
#926=VECTOR('',#3519,10.);
#927=VECTOR('',#3520,10.);
#928=VECTOR('',#3523,10.);
#929=VECTOR('',#3524,10.);
#930=VECTOR('',#3525,10.);
#931=VECTOR('',#3526,10.);
#932=VECTOR('',#3527,10.);
#933=VECTOR('',#3528,10.);
#934=VECTOR('',#3531,10.);
#935=VECTOR('',#3532,10.);
#936=VECTOR('',#3533,10.);
#937=VECTOR('',#3534,10.);
#938=VECTOR('',#3537,10.);
#939=VECTOR('',#3538,10.);
#940=VECTOR('',#3541,10.);
#941=VECTOR('',#3542,10.);
#942=VECTOR('',#3543,10.);
#943=VECTOR('',#3546,10.);
#944=VECTOR('',#3547,10.);
#945=VECTOR('',#3548,10.);
#946=VECTOR('',#3551,10.);
#947=VECTOR('',#3552,10.);
#948=VECTOR('',#3555,10.);
#949=VECTOR('',#3556,10.);
#950=VECTOR('',#3559,10.);
#951=VECTOR('',#3560,10.);
#952=VECTOR('',#3563,10.);
#953=VECTOR('',#3564,10.);
#954=VECTOR('',#3565,10.);
#955=VECTOR('',#3568,10.);
#956=VECTOR('',#3569,10.);
#957=VECTOR('',#3572,10.);
#958=VECTOR('',#3573,10.);
#959=VECTOR('',#3574,10.);
#960=VECTOR('',#3577,10.);
#961=VECTOR('',#3578,10.);
#962=VECTOR('',#3579,10.);
#963=VECTOR('',#3582,10.);
#964=VECTOR('',#3583,10.);
#965=VECTOR('',#3586,10.);
#966=VECTOR('',#3587,10.);
#967=VECTOR('',#3588,10.);
#968=VECTOR('',#3591,10.);
#969=VECTOR('',#3592,10.);
#970=VECTOR('',#3595,10.);
#971=VECTOR('',#3598,10.);
#972=VECTOR('',#3599,10.);
#973=VECTOR('',#3600,10.);
#974=VECTOR('',#3603,10.);
#975=VECTOR('',#3604,10.);
#976=VECTOR('',#3607,10.);
#977=VECTOR('',#3608,10.);
#978=VECTOR('',#3609,10.);
#979=VECTOR('',#3610,10.);
#980=VECTOR('',#3613,10.);
#981=VECTOR('',#3614,10.);
#982=VECTOR('',#3617,10.);
#983=VECTOR('',#3618,10.);
#984=VECTOR('',#3619,10.);
#985=VECTOR('',#3620,10.);
#986=VECTOR('',#3623,10.);
#987=VECTOR('',#3624,10.);
#988=VECTOR('',#3627,10.);
#989=VECTOR('',#3628,10.);
#990=VECTOR('',#3629,10.);
#991=VECTOR('',#3630,10.);
#992=VECTOR('',#3633,10.);
#993=VECTOR('',#3634,10.);
#994=VECTOR('',#3635,10.);
#995=VECTOR('',#3638,10.);
#996=VECTOR('',#3639,10.);
#997=VECTOR('',#3640,10.);
#998=VECTOR('',#3641,10.);
#999=VECTOR('',#3642,10.);
#1000=VECTOR('',#3643,10.);
#1001=VECTOR('',#3644,10.);
#1002=VECTOR('',#3645,10.);
#1003=VECTOR('',#3646,10.);
#1004=VECTOR('',#3647,10.);
#1005=VECTOR('',#3648,10.);
#1006=VECTOR('',#3649,10.);
#1007=VECTOR('',#3650,10.);
#1008=VECTOR('',#3651,10.);
#1009=VECTOR('',#3652,10.);
#1010=VECTOR('',#3653,10.);
#1011=VECTOR('',#3654,10.);
#1012=VECTOR('',#3655,10.);
#1013=VECTOR('',#3656,10.);
#1014=VECTOR('',#3657,10.);
#1015=VECTOR('',#3658,10.);
#1016=VECTOR('',#3659,10.);
#1017=VECTOR('',#3660,10.);
#1018=VECTOR('',#3661,10.);
#1019=VECTOR('',#3662,10.);
#1020=VECTOR('',#3663,10.);
#1021=VECTOR('',#3666,10.);
#1022=VECTOR('',#3667,10.);
#1023=VECTOR('',#3668,10.);
#1024=VECTOR('',#3671,10.);
#1025=VECTOR('',#3672,10.);
#1026=VECTOR('',#3673,10.);
#1027=VECTOR('',#3676,10.);
#1028=VECTOR('',#3677,10.);
#1029=VECTOR('',#3678,10.);
#1030=VECTOR('',#3681,10.);
#1031=VECTOR('',#3682,10.);
#1032=VECTOR('',#3685,10.);
#1033=VECTOR('',#3686,10.);
#1034=VECTOR('',#3687,10.);
#1035=VECTOR('',#3690,10.);
#1036=VECTOR('',#3691,10.);
#1037=VECTOR('',#3694,10.);
#1038=VECTOR('',#3695,10.);
#1039=VECTOR('',#3696,10.);
#1040=VECTOR('',#3699,10.);
#1041=VECTOR('',#3700,10.);
#1042=VECTOR('',#3715,10.);
#1043=VECTOR('',#3718,10.);
#1044=VECTOR('',#3721,10.);
#1045=VECTOR('',#3726,10.);
#1046=VECTOR('',#3729,10.);
#1047=VECTOR('',#3732,10.);
#1048=VECTOR('',#3741,10.);
#1049=VECTOR('',#3742,10.);
#1050=VECTOR('',#3745,10.);
#1051=VECTOR('',#3748,10.);
#1052=VECTOR('',#3753,10.);
#1053=VECTOR('',#3754,10.);
#1054=VECTOR('',#3755,10.);
#1055=VECTOR('',#3758,10.);
#1056=VECTOR('',#3759,10.);
#1057=VECTOR('',#3760,10.);
#1058=VECTOR('',#3763,10.);
#1059=VECTOR('',#3766,10.);
#1060=VECTOR('',#3769,10.);
#1061=VECTOR('',#3770,10.);
#1062=VECTOR('',#3777,10.);
#1063=VECTOR('',#3778,10.);
#1064=VECTOR('',#3779,10.);
#1065=VECTOR('',#3780,10.);
#1066=VECTOR('',#3783,10.);
#1067=VECTOR('',#3784,10.);
#1068=VECTOR('',#3785,10.);
#1069=VECTOR('',#3788,10.);
#1070=VECTOR('',#3789,10.);
#1071=VECTOR('',#3790,10.);
#1072=VECTOR('',#3793,10.);
#1073=VECTOR('',#3794,10.);
#1074=VECTOR('',#3797,10.);
#1075=VECTOR('',#3798,10.);
#1076=VECTOR('',#3799,10.);
#1077=VECTOR('',#3800,10.);
#1078=VECTOR('',#3803,10.);
#1079=VECTOR('',#3804,10.);
#1080=VECTOR('',#3805,10.);
#1081=VECTOR('',#3806,10.);
#1082=VECTOR('',#3809,10.);
#1083=VECTOR('',#3810,10.);
#1084=VECTOR('',#3811,10.);
#1085=VECTOR('',#3814,10.);
#1086=VECTOR('',#3815,10.);
#1087=VECTOR('',#3816,10.);
#1088=VECTOR('',#3817,10.);
#1089=VECTOR('',#3820,10.);
#1090=VECTOR('',#3821,10.);
#1091=VECTOR('',#3822,10.);
#1092=VECTOR('',#3825,10.);
#1093=VECTOR('',#3826,10.);
#1094=VECTOR('',#3827,10.);
#1095=VECTOR('',#3828,10.);
#1096=VECTOR('',#3831,10.);
#1097=VECTOR('',#3832,10.);
#1098=VECTOR('',#3833,10.);
#1099=VECTOR('',#3836,10.);
#1100=VECTOR('',#3837,10.);
#1101=VECTOR('',#3838,10.);
#1102=VECTOR('',#3839,10.);
#1103=VECTOR('',#3842,10.);
#1104=VECTOR('',#3843,10.);
#1105=VECTOR('',#3844,10.);
#1106=VECTOR('',#3847,10.);
#1107=VECTOR('',#3848,10.);
#1108=VECTOR('',#3849,10.);
#1109=VECTOR('',#3850,10.);
#1110=VECTOR('',#3851,10.);
#1111=VECTOR('',#3854,10.);
#1112=VECTOR('',#3855,10.);
#1113=VECTOR('',#3856,10.);
#1114=VECTOR('',#3857,10.);
#1115=VECTOR('',#3858,10.);
#1116=VECTOR('',#3861,10.);
#1117=VECTOR('',#3862,10.);
#1118=VECTOR('',#3863,10.);
#1119=VECTOR('',#3864,10.);
#1120=VECTOR('',#3865,10.);
#1121=VECTOR('',#3868,10.);
#1122=VECTOR('',#3869,10.);
#1123=VECTOR('',#3870,10.);
#1124=VECTOR('',#3871,10.);
#1125=VECTOR('',#3874,10.);
#1126=VECTOR('',#3875,10.);
#1127=VECTOR('',#3876,10.);
#1128=VECTOR('',#3877,10.);
#1129=VECTOR('',#3880,10.);
#1130=VECTOR('',#3881,10.);
#1131=VECTOR('',#3884,10.);
#1132=VECTOR('',#3887,10.);
#1133=VECTOR('',#3888,10.);
#1134=VECTOR('',#3889,10.);
#1135=VECTOR('',#3892,10.);
#1136=VECTOR('',#3893,10.);
#1137=VECTOR('',#3896,10.);
#1138=VECTOR('',#3899,10.);
#1139=VECTOR('',#3900,10.);
#1140=VECTOR('',#3901,10.);
#1141=VECTOR('',#3904,10.);
#1142=VECTOR('',#3905,10.);
#1143=VECTOR('',#3908,10.);
#1144=VECTOR('',#3911,10.);
#1145=VECTOR('',#3912,10.);
#1146=VECTOR('',#3913,10.);
#1147=VECTOR('',#3916,10.);
#1148=VECTOR('',#3917,10.);
#1149=VECTOR('',#3920,10.);
#1150=VECTOR('',#3923,10.);
#1151=VECTOR('',#3924,10.);
#1152=VECTOR('',#3927,10.);
#1153=VECTOR('',#3928,10.);
#1154=VECTOR('',#3931,10.);
#1155=VECTOR('',#3932,10.);
#1156=VECTOR('',#3935,10.);
#1157=VECTOR('',#3936,10.);
#1158=VECTOR('',#3939,10.);
#1159=VECTOR('',#3940,10.);
#1160=VECTOR('',#3941,10.);
#1161=VECTOR('',#3942,10.);
#1162=VECTOR('',#3943,10.);
#1163=VECTOR('',#3944,10.);
#1164=VECTOR('',#3947,10.);
#1165=VECTOR('',#3948,10.);
#1166=VECTOR('',#3949,10.);
#1167=VECTOR('',#3950,10.);
#1168=VECTOR('',#3951,10.);
#1169=VECTOR('',#3952,10.);
#1170=VECTOR('',#3955,10.);
#1171=VECTOR('',#3958,10.);
#1172=VECTOR('',#3961,10.);
#1173=VECTOR('',#3962,10.);
#1174=VECTOR('',#3963,10.);
#1175=VECTOR('',#3964,10.);
#1176=VECTOR('',#3967,10.);
#1177=VECTOR('',#3968,10.);
#1178=VECTOR('',#3969,10.);
#1179=VECTOR('',#3972,10.);
#1180=VECTOR('',#3977,10.);
#1181=VECTOR('',#3978,10.);
#1182=VECTOR('',#3981,10.);
#1183=VECTOR('',#3986,10.);
#1184=VECTOR('',#3987,10.);
#1185=VECTOR('',#3990,10.);
#1186=VECTOR('',#3991,10.);
#1187=VECTOR('',#3992,10.);
#1188=VECTOR('',#3993,10.);
#1189=VECTOR('',#3994,10.);
#1190=VECTOR('',#3995,10.);
#1191=VECTOR('',#3998,10.);
#1192=VECTOR('',#4001,10.);
#1193=VECTOR('',#4002,10.);
#1194=VECTOR('',#4005,10.);
#1195=VECTOR('',#4008,10.);
#1196=VERTEX_POINT('',#4015);
#1197=VERTEX_POINT('',#4016);
#1198=VERTEX_POINT('',#4018);
#1199=VERTEX_POINT('',#4020);
#1200=VERTEX_POINT('',#4024);
#1201=VERTEX_POINT('',#4026);
#1202=VERTEX_POINT('',#4028);
#1203=VERTEX_POINT('',#4030);
#1204=VERTEX_POINT('',#4034);
#1205=VERTEX_POINT('',#4038);
#1206=VERTEX_POINT('',#4042);
#1207=VERTEX_POINT('',#4043);
#1208=VERTEX_POINT('',#4045);
#1209=VERTEX_POINT('',#4047);
#1210=VERTEX_POINT('',#4051);
#1211=VERTEX_POINT('',#4053);
#1212=VERTEX_POINT('',#4055);
#1213=VERTEX_POINT('',#4057);
#1214=VERTEX_POINT('',#4061);
#1215=VERTEX_POINT('',#4065);
#1216=VERTEX_POINT('',#4069);
#1217=VERTEX_POINT('',#4070);
#1218=VERTEX_POINT('',#4072);
#1219=VERTEX_POINT('',#4074);
#1220=VERTEX_POINT('',#4078);
#1221=VERTEX_POINT('',#4080);
#1222=VERTEX_POINT('',#4082);
#1223=VERTEX_POINT('',#4084);
#1224=VERTEX_POINT('',#4088);
#1225=VERTEX_POINT('',#4092);
#1226=VERTEX_POINT('',#4096);
#1227=VERTEX_POINT('',#4097);
#1228=VERTEX_POINT('',#4099);
#1229=VERTEX_POINT('',#4101);
#1230=VERTEX_POINT('',#4105);
#1231=VERTEX_POINT('',#4107);
#1232=VERTEX_POINT('',#4109);
#1233=VERTEX_POINT('',#4111);
#1234=VERTEX_POINT('',#4115);
#1235=VERTEX_POINT('',#4119);
#1236=VERTEX_POINT('',#4123);
#1237=VERTEX_POINT('',#4125);
#1238=VERTEX_POINT('',#4132);
#1239=VERTEX_POINT('',#4134);
#1240=VERTEX_POINT('',#4138);
#1241=VERTEX_POINT('',#4140);
#1242=VERTEX_POINT('',#4144);
#1243=VERTEX_POINT('',#4146);
#1244=VERTEX_POINT('',#4150);
#1245=VERTEX_POINT('',#4152);
#1246=VERTEX_POINT('',#4156);
#1247=VERTEX_POINT('',#4158);
#1248=VERTEX_POINT('',#4165);
#1249=VERTEX_POINT('',#4167);
#1250=VERTEX_POINT('',#4171);
#1251=VERTEX_POINT('',#4173);
#1252=VERTEX_POINT('',#4177);
#1253=VERTEX_POINT('',#4178);
#1254=VERTEX_POINT('',#4180);
#1255=VERTEX_POINT('',#4182);
#1256=VERTEX_POINT('',#4186);
#1257=VERTEX_POINT('',#4188);
#1258=VERTEX_POINT('',#4192);
#1259=VERTEX_POINT('',#4193);
#1260=VERTEX_POINT('',#4195);
#1261=VERTEX_POINT('',#4197);
#1262=VERTEX_POINT('',#4201);
#1263=VERTEX_POINT('',#4203);
#1264=VERTEX_POINT('',#4207);
#1265=VERTEX_POINT('',#4208);
#1266=VERTEX_POINT('',#4210);
#1267=VERTEX_POINT('',#4212);
#1268=VERTEX_POINT('',#4216);
#1269=VERTEX_POINT('',#4218);
#1270=VERTEX_POINT('',#4222);
#1271=VERTEX_POINT('',#4224);
#1272=VERTEX_POINT('',#4226);
#1273=VERTEX_POINT('',#4230);
#1274=VERTEX_POINT('',#4231);
#1275=VERTEX_POINT('',#4233);
#1276=VERTEX_POINT('',#4235);
#1277=VERTEX_POINT('',#4239);
#1278=VERTEX_POINT('',#4241);
#1279=VERTEX_POINT('',#4245);
#1280=VERTEX_POINT('',#4246);
#1281=VERTEX_POINT('',#4248);
#1282=VERTEX_POINT('',#4250);
#1283=VERTEX_POINT('',#4254);
#1284=VERTEX_POINT('',#4256);
#1285=VERTEX_POINT('',#4260);
#1286=VERTEX_POINT('',#4262);
#1287=VERTEX_POINT('',#4266);
#1288=VERTEX_POINT('',#4270);
#1289=VERTEX_POINT('',#4271);
#1290=VERTEX_POINT('',#4273);
#1291=VERTEX_POINT('',#4275);
#1292=VERTEX_POINT('',#4279);
#1293=VERTEX_POINT('',#4281);
#1294=VERTEX_POINT('',#4285);
#1295=VERTEX_POINT('',#4286);
#1296=VERTEX_POINT('',#4288);
#1297=VERTEX_POINT('',#4290);
#1298=VERTEX_POINT('',#4294);
#1299=VERTEX_POINT('',#4296);
#1300=VERTEX_POINT('',#4300);
#1301=VERTEX_POINT('',#4301);
#1302=VERTEX_POINT('',#4303);
#1303=VERTEX_POINT('',#4305);
#1304=VERTEX_POINT('',#4309);
#1305=VERTEX_POINT('',#4310);
#1306=VERTEX_POINT('',#4312);
#1307=VERTEX_POINT('',#4314);
#1308=VERTEX_POINT('',#4316);
#1309=VERTEX_POINT('',#4318);
#1310=VERTEX_POINT('',#4322);
#1311=VERTEX_POINT('',#4323);
#1312=VERTEX_POINT('',#4325);
#1313=VERTEX_POINT('',#4327);
#1314=VERTEX_POINT('',#4331);
#1315=VERTEX_POINT('',#4332);
#1316=VERTEX_POINT('',#4334);
#1317=VERTEX_POINT('',#4336);
#1318=VERTEX_POINT('',#4340);
#1319=VERTEX_POINT('',#4341);
#1320=VERTEX_POINT('',#4343);
#1321=VERTEX_POINT('',#4345);
#1322=VERTEX_POINT('',#4347);
#1323=VERTEX_POINT('',#4349);
#1324=VERTEX_POINT('',#4353);
#1325=VERTEX_POINT('',#4354);
#1326=VERTEX_POINT('',#4356);
#1327=VERTEX_POINT('',#4358);
#1328=VERTEX_POINT('',#4365);
#1329=VERTEX_POINT('',#4367);
#1330=VERTEX_POINT('',#4371);
#1331=VERTEX_POINT('',#4373);
#1332=VERTEX_POINT('',#4377);
#1333=VERTEX_POINT('',#4387);
#1334=VERTEX_POINT('',#4389);
#1335=VERTEX_POINT('',#4396);
#1336=VERTEX_POINT('',#4398);
#1337=VERTEX_POINT('',#4402);
#1338=VERTEX_POINT('',#4403);
#1339=VERTEX_POINT('',#4411);
#1340=VERTEX_POINT('',#4413);
#1341=VERTEX_POINT('',#4422);
#1342=VERTEX_POINT('',#4424);
#1343=VERTEX_POINT('',#4428);
#1344=VERTEX_POINT('',#4432);
#1345=VERTEX_POINT('',#4433);
#1346=VERTEX_POINT('',#4435);
#1347=VERTEX_POINT('',#4437);
#1348=VERTEX_POINT('',#4444);
#1349=VERTEX_POINT('',#4445);
#1350=VERTEX_POINT('',#4447);
#1351=VERTEX_POINT('',#4449);
#1352=VERTEX_POINT('',#4456);
#1353=VERTEX_POINT('',#4457);
#1354=VERTEX_POINT('',#4459);
#1355=VERTEX_POINT('',#4461);
#1356=VERTEX_POINT('',#4465);
#1357=VERTEX_POINT('',#4467);
#1358=VERTEX_POINT('',#4477);
#1359=VERTEX_POINT('',#4479);
#1360=VERTEX_POINT('',#4482);
#1361=VERTEX_POINT('',#4484);
#1362=VERTEX_POINT('',#4487);
#1363=VERTEX_POINT('',#4488);
#1364=VERTEX_POINT('',#4490);
#1365=VERTEX_POINT('',#4492);
#1366=VERTEX_POINT('',#4497);
#1367=VERTEX_POINT('',#4499);
#1368=VERTEX_POINT('',#4501);
#1369=VERTEX_POINT('',#4504);
#1370=VERTEX_POINT('',#4505);
#1371=VERTEX_POINT('',#4507);
#1372=VERTEX_POINT('',#4509);
#1373=VERTEX_POINT('',#4513);
#1374=VERTEX_POINT('',#4515);
#1375=VERTEX_POINT('',#4519);
#1376=VERTEX_POINT('',#4521);
#1377=VERTEX_POINT('',#4525);
#1378=VERTEX_POINT('',#4527);
#1379=VERTEX_POINT('',#4531);
#1380=VERTEX_POINT('',#4535);
#1381=VERTEX_POINT('',#4537);
#1382=VERTEX_POINT('',#4544);
#1383=VERTEX_POINT('',#4546);
#1384=VERTEX_POINT('',#4583);
#1385=VERTEX_POINT('',#4585);
#1386=VERTEX_POINT('',#4589);
#1387=VERTEX_POINT('',#4590);
#1388=VERTEX_POINT('',#4604);
#1389=VERTEX_POINT('',#4605);
#1390=VERTEX_POINT('',#4607);
#1391=VERTEX_POINT('',#4609);
#1392=VERTEX_POINT('',#4613);
#1393=VERTEX_POINT('',#4615);
#1394=VERTEX_POINT('',#4619);
#1395=VERTEX_POINT('',#4621);
#1396=VERTEX_POINT('',#4628);
#1397=VERTEX_POINT('',#4629);
#1398=VERTEX_POINT('',#4631);
#1399=VERTEX_POINT('',#4633);
#1400=VERTEX_POINT('',#4637);
#1401=VERTEX_POINT('',#4638);
#1402=VERTEX_POINT('',#4640);
#1403=VERTEX_POINT('',#4642);
#1404=VERTEX_POINT('',#4646);
#1405=VERTEX_POINT('',#4648);
#1406=VERTEX_POINT('',#4652);
#1407=VERTEX_POINT('',#4653);
#1408=VERTEX_POINT('',#4655);
#1409=VERTEX_POINT('',#4657);
#1410=VERTEX_POINT('',#4661);
#1411=VERTEX_POINT('',#4663);
#1412=VERTEX_POINT('',#4667);
#1413=VERTEX_POINT('',#4668);
#1414=VERTEX_POINT('',#4670);
#1415=VERTEX_POINT('',#4672);
#1416=VERTEX_POINT('',#4676);
#1417=VERTEX_POINT('',#4678);
#1418=VERTEX_POINT('',#4682);
#1419=VERTEX_POINT('',#4683);
#1420=VERTEX_POINT('',#4685);
#1421=VERTEX_POINT('',#4687);
#1422=VERTEX_POINT('',#4691);
#1423=VERTEX_POINT('',#4693);
#1424=VERTEX_POINT('',#4697);
#1425=VERTEX_POINT('',#4699);
#1426=VERTEX_POINT('',#4701);
#1427=VERTEX_POINT('',#4703);
#1428=VERTEX_POINT('',#4707);
#1429=VERTEX_POINT('',#4709);
#1430=VERTEX_POINT('',#4711);
#1431=VERTEX_POINT('',#4713);
#1432=VERTEX_POINT('',#4717);
#1433=VERTEX_POINT('',#4719);
#1434=VERTEX_POINT('',#4721);
#1435=VERTEX_POINT('',#4723);
#1436=VERTEX_POINT('',#4727);
#1437=VERTEX_POINT('',#4728);
#1438=VERTEX_POINT('',#4730);
#1439=VERTEX_POINT('',#4732);
#1440=VERTEX_POINT('',#4736);
#1441=VERTEX_POINT('',#4738);
#1442=VERTEX_POINT('',#4743);
#1443=VERTEX_POINT('',#4749);
#1444=VERTEX_POINT('',#4750);
#1445=VERTEX_POINT('',#4755);
#1446=VERTEX_POINT('',#4761);
#1447=VERTEX_POINT('',#4762);
#1448=VERTEX_POINT('',#4767);
#1449=VERTEX_POINT('',#4773);
#1450=VERTEX_POINT('',#4775);
#1451=VERTEX_POINT('',#4779);
#1452=VERTEX_POINT('',#4785);
#1453=VERTEX_POINT('',#4789);
#1454=VERTEX_POINT('',#4793);
#1455=VERTEX_POINT('',#4797);
#1456=VERTEX_POINT('',#4802);
#1457=VERTEX_POINT('',#4804);
#1458=VERTEX_POINT('',#4806);
#1459=VERTEX_POINT('',#4808);
#1460=VERTEX_POINT('',#4813);
#1461=VERTEX_POINT('',#4815);
#1462=VERTEX_POINT('',#4817);
#1463=VERTEX_POINT('',#4819);
#1464=VERTEX_POINT('',#4823);
#1465=VERTEX_POINT('',#4824);
#1466=VERTEX_POINT('',#4826);
#1467=VERTEX_POINT('',#4828);
#1468=VERTEX_POINT('',#4830);
#1469=VERTEX_POINT('',#4832);
#1470=VERTEX_POINT('',#4838);
#1471=VERTEX_POINT('',#4840);
#1472=VERTEX_POINT('',#4844);
#1473=VERTEX_POINT('',#4848);
#1474=VERTEX_POINT('',#4852);
#1475=VERTEX_POINT('',#4856);
#1476=VERTEX_POINT('',#4860);
#1477=VERTEX_POINT('',#4862);
#1478=VERTEX_POINT('',#4864);
#1479=VERTEX_POINT('',#4866);
#1480=EDGE_CURVE('',#1196,#1197,#380,.T.);
#1481=EDGE_CURVE('',#1197,#1198,#381,.T.);
#1482=EDGE_CURVE('',#1198,#1199,#382,.T.);
#1483=EDGE_CURVE('',#1199,#1196,#383,.T.);
#1484=EDGE_CURVE('',#1200,#1196,#384,.T.);
#1485=EDGE_CURVE('',#1201,#1200,#385,.T.);
#1486=EDGE_CURVE('',#1201,#1202,#386,.T.);
#1487=EDGE_CURVE('',#1203,#1202,#387,.T.);
#1488=EDGE_CURVE('',#1197,#1203,#388,.T.);
#1489=EDGE_CURVE('',#1204,#1199,#389,.T.);
#1490=EDGE_CURVE('',#1200,#1204,#390,.T.);
#1491=EDGE_CURVE('',#1204,#1205,#391,.T.);
#1492=EDGE_CURVE('',#1205,#1201,#392,.T.);
#1493=EDGE_CURVE('',#1206,#1207,#393,.T.);
#1494=EDGE_CURVE('',#1207,#1208,#394,.T.);
#1495=EDGE_CURVE('',#1208,#1209,#395,.T.);
#1496=EDGE_CURVE('',#1209,#1206,#396,.T.);
#1497=EDGE_CURVE('',#1210,#1208,#397,.T.);
#1498=EDGE_CURVE('',#1211,#1210,#398,.T.);
#1499=EDGE_CURVE('',#1211,#1212,#399,.T.);
#1500=EDGE_CURVE('',#1213,#1212,#400,.T.);
#1501=EDGE_CURVE('',#1209,#1213,#401,.T.);
#1502=EDGE_CURVE('',#1214,#1207,#402,.T.);
#1503=EDGE_CURVE('',#1210,#1214,#403,.T.);
#1504=EDGE_CURVE('',#1214,#1215,#404,.T.);
#1505=EDGE_CURVE('',#1215,#1211,#405,.T.);
#1506=EDGE_CURVE('',#1216,#1217,#406,.T.);
#1507=EDGE_CURVE('',#1217,#1218,#407,.T.);
#1508=EDGE_CURVE('',#1218,#1219,#408,.T.);
#1509=EDGE_CURVE('',#1219,#1216,#409,.T.);
#1510=EDGE_CURVE('',#1220,#1218,#410,.T.);
#1511=EDGE_CURVE('',#1221,#1220,#411,.T.);
#1512=EDGE_CURVE('',#1221,#1222,#412,.T.);
#1513=EDGE_CURVE('',#1223,#1222,#413,.T.);
#1514=EDGE_CURVE('',#1219,#1223,#414,.T.);
#1515=EDGE_CURVE('',#1224,#1217,#415,.T.);
#1516=EDGE_CURVE('',#1220,#1224,#416,.T.);
#1517=EDGE_CURVE('',#1224,#1225,#417,.T.);
#1518=EDGE_CURVE('',#1225,#1221,#418,.T.);
#1519=EDGE_CURVE('',#1226,#1227,#419,.T.);
#1520=EDGE_CURVE('',#1227,#1228,#420,.T.);
#1521=EDGE_CURVE('',#1228,#1229,#421,.T.);
#1522=EDGE_CURVE('',#1229,#1226,#422,.T.);
#1523=EDGE_CURVE('',#1230,#1226,#423,.T.);
#1524=EDGE_CURVE('',#1231,#1230,#424,.T.);
#1525=EDGE_CURVE('',#1231,#1232,#425,.T.);
#1526=EDGE_CURVE('',#1233,#1232,#426,.T.);
#1527=EDGE_CURVE('',#1227,#1233,#427,.T.);
#1528=EDGE_CURVE('',#1234,#1229,#428,.T.);
#1529=EDGE_CURVE('',#1230,#1234,#429,.T.);
#1530=EDGE_CURVE('',#1234,#1235,#430,.T.);
#1531=EDGE_CURVE('',#1235,#1231,#431,.T.);
#1532=EDGE_CURVE('',#1236,#1228,#432,.T.);
#1533=EDGE_CURVE('',#1237,#1236,#433,.T.);
#1534=EDGE_CURVE('',#1235,#1237,#434,.T.);
#1535=EDGE_CURVE('',#1223,#1236,#435,.T.);
#1536=EDGE_CURVE('',#1222,#1237,#436,.T.);
#1537=EDGE_CURVE('',#1238,#1206,#437,.T.);
#1538=EDGE_CURVE('',#1239,#1238,#438,.T.);
#1539=EDGE_CURVE('',#1215,#1239,#439,.T.);
#1540=EDGE_CURVE('',#1240,#1238,#440,.T.);
#1541=EDGE_CURVE('',#1241,#1240,#441,.T.);
#1542=EDGE_CURVE('',#1239,#1241,#442,.F.);
#1543=EDGE_CURVE('',#1242,#1212,#443,.F.);
#1544=EDGE_CURVE('',#1242,#1243,#444,.T.);
#1545=EDGE_CURVE('',#1213,#1243,#445,.T.);
#1546=EDGE_CURVE('',#1244,#1216,#446,.T.);
#1547=EDGE_CURVE('',#1245,#1244,#447,.T.);
#1548=EDGE_CURVE('',#1225,#1245,#448,.T.);
#1549=EDGE_CURVE('',#1246,#1244,#449,.T.);
#1550=EDGE_CURVE('',#1246,#1247,#450,.T.);
#1551=EDGE_CURVE('',#1247,#1245,#451,.T.);
#1552=EDGE_CURVE('',#1243,#1198,#452,.T.);
#1553=EDGE_CURVE('',#1205,#1242,#453,.T.);
#1554=EDGE_CURVE('',#1248,#1202,#454,.F.);
#1555=EDGE_CURVE('',#1249,#1248,#455,.F.);
#1556=EDGE_CURVE('',#1203,#1249,#456,.T.);
#1557=EDGE_CURVE('',#1240,#1250,#457,.T.);
#1558=EDGE_CURVE('',#1250,#1251,#458,.T.);
#1559=EDGE_CURVE('',#1251,#1241,#459,.T.);
#1560=EDGE_CURVE('',#1252,#1253,#30,.T.);
#1561=EDGE_CURVE('',#1253,#1254,#460,.T.);
#1562=EDGE_CURVE('',#1254,#1255,#31,.T.);
#1563=EDGE_CURVE('',#1255,#1252,#461,.T.);
#1564=EDGE_CURVE('',#1253,#1256,#462,.T.);
#1565=EDGE_CURVE('',#1256,#1257,#463,.T.);
#1566=EDGE_CURVE('',#1257,#1254,#464,.T.);
#1567=EDGE_CURVE('',#1258,#1259,#32,.T.);
#1568=EDGE_CURVE('',#1259,#1260,#465,.T.);
#1569=EDGE_CURVE('',#1260,#1261,#33,.T.);
#1570=EDGE_CURVE('',#1261,#1258,#466,.T.);
#1571=EDGE_CURVE('',#1259,#1262,#467,.T.);
#1572=EDGE_CURVE('',#1262,#1263,#468,.T.);
#1573=EDGE_CURVE('',#1263,#1260,#469,.T.);
#1574=EDGE_CURVE('',#1264,#1265,#470,.T.);
#1575=EDGE_CURVE('',#1265,#1266,#34,.T.);
#1576=EDGE_CURVE('',#1266,#1267,#471,.T.);
#1577=EDGE_CURVE('',#1267,#1264,#28,.T.);
#1578=EDGE_CURVE('',#1267,#1268,#472,.T.);
#1579=EDGE_CURVE('',#1268,#1269,#35,.T.);
#1580=EDGE_CURVE('',#1269,#1264,#473,.T.);
#1581=EDGE_CURVE('',#1269,#1270,#474,.T.);
#1582=EDGE_CURVE('',#1270,#1271,#475,.T.);
#1583=EDGE_CURVE('',#1271,#1272,#476,.T.);
#1584=EDGE_CURVE('',#1272,#1265,#477,.T.);
#1585=EDGE_CURVE('',#1273,#1274,#36,.T.);
#1586=EDGE_CURVE('',#1274,#1275,#478,.T.);
#1587=EDGE_CURVE('',#1275,#1276,#37,.T.);
#1588=EDGE_CURVE('',#1276,#1273,#479,.T.);
#1589=EDGE_CURVE('',#1274,#1277,#480,.T.);
#1590=EDGE_CURVE('',#1277,#1278,#481,.T.);
#1591=EDGE_CURVE('',#1278,#1275,#482,.T.);
#1592=EDGE_CURVE('',#1279,#1280,#483,.T.);
#1593=EDGE_CURVE('',#1280,#1281,#38,.T.);
#1594=EDGE_CURVE('',#1281,#1282,#484,.T.);
#1595=EDGE_CURVE('',#1282,#1279,#29,.T.);
#1596=EDGE_CURVE('',#1282,#1283,#485,.T.);
#1597=EDGE_CURVE('',#1283,#1284,#39,.T.);
#1598=EDGE_CURVE('',#1284,#1279,#486,.T.);
#1599=EDGE_CURVE('',#1285,#1279,#487,.T.);
#1600=EDGE_CURVE('',#1286,#1285,#488,.T.);
#1601=EDGE_CURVE('',#1286,#1280,#489,.T.);
#1602=EDGE_CURVE('',#1287,#1284,#490,.T.);
#1603=EDGE_CURVE('',#1285,#1287,#491,.T.);
#1604=EDGE_CURVE('',#1288,#1289,#40,.T.);
#1605=EDGE_CURVE('',#1289,#1290,#492,.T.);
#1606=EDGE_CURVE('',#1290,#1291,#41,.T.);
#1607=EDGE_CURVE('',#1291,#1288,#493,.T.);
#1608=EDGE_CURVE('',#1289,#1292,#494,.T.);
#1609=EDGE_CURVE('',#1292,#1293,#495,.T.);
#1610=EDGE_CURVE('',#1293,#1290,#496,.T.);
#1611=EDGE_CURVE('',#1294,#1295,#42,.T.);
#1612=EDGE_CURVE('',#1295,#1296,#497,.T.);
#1613=EDGE_CURVE('',#1296,#1297,#43,.T.);
#1614=EDGE_CURVE('',#1297,#1294,#498,.T.);
#1615=EDGE_CURVE('',#1295,#1298,#499,.T.);
#1616=EDGE_CURVE('',#1298,#1299,#500,.T.);
#1617=EDGE_CURVE('',#1299,#1296,#501,.T.);
#1618=EDGE_CURVE('',#1300,#1301,#502,.T.);
#1619=EDGE_CURVE('',#1301,#1302,#503,.T.);
#1620=EDGE_CURVE('',#1302,#1303,#504,.T.);
#1621=EDGE_CURVE('',#1303,#1300,#505,.T.);
#1622=EDGE_CURVE('',#1304,#1305,#506,.T.);
#1623=EDGE_CURVE('',#1305,#1306,#507,.T.);
#1624=EDGE_CURVE('',#1306,#1307,#508,.T.);
#1625=EDGE_CURVE('',#1307,#1308,#509,.T.);
#1626=EDGE_CURVE('',#1308,#1309,#510,.T.);
#1627=EDGE_CURVE('',#1309,#1304,#511,.T.);
#1628=EDGE_CURVE('',#1310,#1311,#512,.T.);
#1629=EDGE_CURVE('',#1311,#1312,#513,.T.);
#1630=EDGE_CURVE('',#1312,#1313,#514,.T.);
#1631=EDGE_CURVE('',#1313,#1310,#515,.T.);
#1632=EDGE_CURVE('',#1314,#1315,#516,.T.);
#1633=EDGE_CURVE('',#1315,#1316,#517,.T.);
#1634=EDGE_CURVE('',#1316,#1317,#518,.T.);
#1635=EDGE_CURVE('',#1317,#1314,#519,.T.);
#1636=EDGE_CURVE('',#1318,#1319,#520,.T.);
#1637=EDGE_CURVE('',#1319,#1320,#521,.T.);
#1638=EDGE_CURVE('',#1320,#1321,#522,.T.);
#1639=EDGE_CURVE('',#1321,#1322,#523,.T.);
#1640=EDGE_CURVE('',#1322,#1323,#524,.T.);
#1641=EDGE_CURVE('',#1323,#1318,#525,.T.);
#1642=EDGE_CURVE('',#1324,#1325,#526,.T.);
#1643=EDGE_CURVE('',#1325,#1326,#527,.T.);
#1644=EDGE_CURVE('',#1326,#1327,#528,.T.);
#1645=EDGE_CURVE('',#1327,#1324,#529,.T.);
#1646=EDGE_CURVE('',#1257,#1315,#530,.T.);
#1647=EDGE_CURVE('',#1256,#1316,#531,.T.);
#1648=EDGE_CURVE('',#1328,#1255,#532,.T.);
#1649=EDGE_CURVE('',#1329,#1328,#533,.T.);
#1650=EDGE_CURVE('',#1329,#1252,#534,.T.);
#1651=EDGE_CURVE('',#1330,#1308,#535,.T.);
#1652=EDGE_CURVE('',#1331,#1330,#536,.T.);
#1653=EDGE_CURVE('',#1331,#1309,#537,.T.);
#1654=EDGE_CURVE('',#1332,#1331,#538,.T.);
#1655=EDGE_CURVE('',#1332,#1304,#539,.T.);
#1656=EDGE_CURVE('',#1281,#1332,#540,.T.);
#1657=EDGE_CURVE('',#1330,#1283,#541,.T.);
#1658=EDGE_CURVE('',#1327,#1299,#542,.T.);
#1659=EDGE_CURVE('',#1298,#1324,#543,.T.);
#1660=EDGE_CURVE('',#1333,#1297,#544,.T.);
#1661=EDGE_CURVE('',#1334,#1333,#545,.T.);
#1662=EDGE_CURVE('',#1334,#1294,#546,.T.);
#1663=EDGE_CURVE('',#1263,#1311,#547,.T.);
#1664=EDGE_CURVE('',#1262,#1312,#548,.T.);
#1665=EDGE_CURVE('',#1335,#1261,#549,.T.);
#1666=EDGE_CURVE('',#1336,#1335,#550,.T.);
#1667=EDGE_CURVE('',#1336,#1258,#551,.T.);
#1668=EDGE_CURVE('',#1337,#1338,#552,.T.);
#1669=EDGE_CURVE('',#1338,#1278,#553,.T.);
#1670=EDGE_CURVE('',#1337,#1277,#554,.T.);
#1671=EDGE_CURVE('',#1303,#1293,#555,.T.);
#1672=EDGE_CURVE('',#1292,#1300,#556,.T.);
#1673=EDGE_CURVE('',#1339,#1291,#557,.T.);
#1674=EDGE_CURVE('',#1340,#1339,#558,.T.);
#1675=EDGE_CURVE('',#1340,#1288,#559,.T.);
#1676=EDGE_CURVE('',#1272,#1321,#560,.T.);
#1677=EDGE_CURVE('',#1271,#1322,#561,.T.);
#1678=EDGE_CURVE('',#1323,#1270,#562,.T.);
#1679=EDGE_CURVE('',#1341,#1267,#563,.T.);
#1680=EDGE_CURVE('',#1342,#1341,#564,.T.);
#1681=EDGE_CURVE('',#1342,#1268,#565,.T.);
#1682=EDGE_CURVE('',#1343,#1266,#566,.T.);
#1683=EDGE_CURVE('',#1341,#1343,#567,.T.);
#1684=EDGE_CURVE('',#1344,#1345,#568,.T.);
#1685=EDGE_CURVE('',#1345,#1346,#569,.T.);
#1686=EDGE_CURVE('',#1346,#1347,#570,.T.);
#1687=EDGE_CURVE('',#1347,#1344,#571,.T.);
#1688=EDGE_CURVE('',#1345,#1314,#572,.T.);
#1689=EDGE_CURVE('',#1346,#1317,#573,.T.);
#1690=EDGE_CURVE('',#1348,#1349,#574,.T.);
#1691=EDGE_CURVE('',#1349,#1350,#575,.T.);
#1692=EDGE_CURVE('',#1350,#1351,#576,.T.);
#1693=EDGE_CURVE('',#1351,#1348,#577,.T.);
#1694=EDGE_CURVE('',#1349,#1310,#578,.T.);
#1695=EDGE_CURVE('',#1350,#1313,#579,.T.);
#1696=EDGE_CURVE('',#1352,#1353,#580,.T.);
#1697=EDGE_CURVE('',#1353,#1354,#581,.T.);
#1698=EDGE_CURVE('',#1354,#1355,#582,.T.);
#1699=EDGE_CURVE('',#1355,#1352,#583,.T.);
#1700=EDGE_CURVE('',#1355,#1356,#584,.T.);
#1701=EDGE_CURVE('',#1356,#1357,#585,.T.);
#1702=EDGE_CURVE('',#1357,#1352,#586,.T.);
#1703=EDGE_CURVE('',#1232,#1251,#587,.T.);
#1704=EDGE_CURVE('',#1247,#1248,#588,.F.);
#1705=EDGE_CURVE('',#1347,#1329,#589,.T.);
#1706=EDGE_CURVE('',#1328,#1344,#590,.T.);
#1707=EDGE_CURVE('',#1351,#1336,#591,.T.);
#1708=EDGE_CURVE('',#1335,#1348,#592,.T.);
#1709=EDGE_CURVE('',#1358,#1334,#593,.T.);
#1710=EDGE_CURVE('',#1333,#1359,#594,.T.);
#1711=EDGE_CURVE('',#1358,#1359,#595,.T.);
#1712=EDGE_CURVE('',#1360,#1340,#596,.T.);
#1713=EDGE_CURVE('',#1339,#1361,#597,.T.);
#1714=EDGE_CURVE('',#1360,#1361,#598,.T.);
#1715=EDGE_CURVE('',#1362,#1363,#599,.T.);
#1716=EDGE_CURVE('',#1363,#1364,#600,.T.);
#1717=EDGE_CURVE('',#1364,#1365,#601,.T.);
#1718=EDGE_CURVE('',#1365,#1362,#602,.T.);
#1719=EDGE_CURVE('',#1343,#1353,#603,.T.);
#1720=EDGE_CURVE('',#1357,#1342,#604,.T.);
#1721=EDGE_CURVE('',#1287,#1366,#605,.T.);
#1722=EDGE_CURVE('',#1367,#1366,#606,.T.);
#1723=EDGE_CURVE('',#1368,#1367,#607,.T.);
#1724=EDGE_CURVE('',#1368,#1286,#608,.T.);
#1725=EDGE_CURVE('',#1369,#1370,#609,.T.);
#1726=EDGE_CURVE('',#1370,#1371,#610,.T.);
#1727=EDGE_CURVE('',#1371,#1372,#611,.T.);
#1728=EDGE_CURVE('',#1369,#1372,#612,.T.);
#1729=EDGE_CURVE('',#1372,#1373,#613,.T.);
#1730=EDGE_CURVE('',#1373,#1374,#614,.T.);
#1731=EDGE_CURVE('',#1374,#1369,#615,.T.);
#1732=EDGE_CURVE('',#1373,#1375,#616,.T.);
#1733=EDGE_CURVE('',#1376,#1375,#617,.T.);
#1734=EDGE_CURVE('',#1374,#1376,#618,.T.);
#1735=EDGE_CURVE('',#1366,#1377,#619,.T.);
#1736=EDGE_CURVE('',#1377,#1378,#620,.T.);
#1737=EDGE_CURVE('',#1378,#1367,#621,.T.);
#1738=EDGE_CURVE('',#1378,#1379,#622,.T.);
#1739=EDGE_CURVE('',#1379,#1368,#623,.T.);
#1740=EDGE_CURVE('',#1359,#1380,#624,.T.);
#1741=EDGE_CURVE('',#1380,#1381,#625,.T.);
#1742=EDGE_CURVE('',#1381,#1358,#626,.T.);
#1743=EDGE_CURVE('',#1380,#1326,#627,.T.);
#1744=EDGE_CURVE('',#1381,#1325,#628,.T.);
#1745=EDGE_CURVE('',#1361,#1382,#629,.T.);
#1746=EDGE_CURVE('',#1382,#1383,#630,.T.);
#1747=EDGE_CURVE('',#1383,#1360,#631,.T.);
#1748=EDGE_CURVE('',#1382,#1302,#632,.T.);
#1749=EDGE_CURVE('',#1383,#1301,#633,.T.);
#1750=EDGE_CURVE('',#1377,#1307,#634,.T.);
#1751=EDGE_CURVE('',#1378,#1306,#635,.T.);
#1752=EDGE_CURVE('',#1379,#1305,#636,.T.);
#1753=EDGE_CURVE('',#1356,#1318,#637,.T.);
#1754=EDGE_CURVE('',#1354,#1320,#638,.T.);
#1755=EDGE_CURVE('',#1355,#1319,#639,.T.);
#1756=EDGE_CURVE('',#1371,#1276,#640,.T.);
#1757=EDGE_CURVE('',#1370,#1273,#641,.T.);
#1758=EDGE_CURVE('',#1375,#1338,#642,.T.);
#1759=EDGE_CURVE('',#1376,#1337,#643,.T.);
#1760=EDGE_CURVE('',#1362,#1384,#644,.T.);
#1761=EDGE_CURVE('',#1384,#1385,#645,.T.);
#1762=EDGE_CURVE('',#1385,#1363,#646,.T.);
#1763=EDGE_CURVE('',#1386,#1387,#647,.T.);
#1764=EDGE_CURVE('',#1387,#1365,#648,.T.);
#1765=EDGE_CURVE('',#1386,#1364,#649,.T.);
#1766=EDGE_CURVE('',#1387,#1384,#650,.T.);
#1767=EDGE_CURVE('',#1385,#1386,#651,.T.);
#1768=EDGE_CURVE('',#1249,#1246,#652,.T.);
#1769=EDGE_CURVE('',#1233,#1250,#653,.T.);
#1770=EDGE_CURVE('',#1388,#1389,#654,.T.);
#1771=EDGE_CURVE('',#1389,#1390,#655,.T.);
#1772=EDGE_CURVE('',#1391,#1390,#656,.T.);
#1773=EDGE_CURVE('',#1388,#1391,#657,.T.);
#1774=EDGE_CURVE('',#1389,#1392,#658,.T.);
#1775=EDGE_CURVE('',#1392,#1393,#659,.T.);
#1776=EDGE_CURVE('',#1390,#1393,#660,.T.);
#1777=EDGE_CURVE('',#1392,#1394,#661,.T.);
#1778=EDGE_CURVE('',#1394,#1395,#662,.T.);
#1779=EDGE_CURVE('',#1393,#1395,#663,.T.);
#1780=EDGE_CURVE('',#1395,#1391,#664,.T.);
#1781=EDGE_CURVE('',#1394,#1388,#665,.T.);
#1782=EDGE_CURVE('',#1396,#1397,#666,.T.);
#1783=EDGE_CURVE('',#1397,#1398,#667,.T.);
#1784=EDGE_CURVE('',#1398,#1399,#668,.T.);
#1785=EDGE_CURVE('',#1399,#1396,#669,.T.);
#1786=EDGE_CURVE('',#1400,#1401,#670,.F.);
#1787=EDGE_CURVE('',#1401,#1402,#671,.T.);
#1788=EDGE_CURVE('',#1402,#1403,#672,.F.);
#1789=EDGE_CURVE('',#1403,#1400,#673,.T.);
#1790=EDGE_CURVE('',#1404,#1401,#674,.F.);
#1791=EDGE_CURVE('',#1404,#1405,#675,.F.);
#1792=EDGE_CURVE('',#1405,#1402,#676,.T.);
#1793=EDGE_CURVE('',#1406,#1407,#677,.F.);
#1794=EDGE_CURVE('',#1407,#1408,#678,.T.);
#1795=EDGE_CURVE('',#1408,#1409,#679,.F.);
#1796=EDGE_CURVE('',#1409,#1406,#680,.T.);
#1797=EDGE_CURVE('',#1410,#1407,#681,.T.);
#1798=EDGE_CURVE('',#1410,#1411,#682,.F.);
#1799=EDGE_CURVE('',#1411,#1408,#683,.F.);
#1800=EDGE_CURVE('',#1412,#1413,#684,.F.);
#1801=EDGE_CURVE('',#1413,#1414,#685,.T.);
#1802=EDGE_CURVE('',#1414,#1415,#686,.F.);
#1803=EDGE_CURVE('',#1415,#1412,#687,.T.);
#1804=EDGE_CURVE('',#1416,#1413,#688,.T.);
#1805=EDGE_CURVE('',#1416,#1417,#689,.F.);
#1806=EDGE_CURVE('',#1417,#1414,#690,.F.);
#1807=EDGE_CURVE('',#1418,#1419,#691,.F.);
#1808=EDGE_CURVE('',#1419,#1420,#692,.T.);
#1809=EDGE_CURVE('',#1420,#1421,#693,.F.);
#1810=EDGE_CURVE('',#1421,#1418,#694,.T.);
#1811=EDGE_CURVE('',#1422,#1419,#695,.T.);
#1812=EDGE_CURVE('',#1422,#1423,#696,.F.);
#1813=EDGE_CURVE('',#1423,#1420,#697,.F.);
#1814=EDGE_CURVE('',#1409,#1424,#698,.T.);
#1815=EDGE_CURVE('',#1411,#1425,#699,.F.);
#1816=EDGE_CURVE('',#1425,#1426,#700,.F.);
#1817=EDGE_CURVE('',#1426,#1427,#701,.F.);
#1818=EDGE_CURVE('',#1427,#1424,#702,.T.);
#1819=EDGE_CURVE('',#1403,#1428,#703,.T.);
#1820=EDGE_CURVE('',#1405,#1429,#704,.F.);
#1821=EDGE_CURVE('',#1429,#1430,#705,.T.);
#1822=EDGE_CURVE('',#1430,#1431,#706,.T.);
#1823=EDGE_CURVE('',#1431,#1428,#707,.T.);
#1824=EDGE_CURVE('',#1415,#1432,#708,.T.);
#1825=EDGE_CURVE('',#1417,#1433,#709,.T.);
#1826=EDGE_CURVE('',#1433,#1434,#710,.T.);
#1827=EDGE_CURVE('',#1434,#1435,#711,.T.);
#1828=EDGE_CURVE('',#1435,#1432,#712,.T.);
#1829=EDGE_CURVE('',#1436,#1437,#713,.F.);
#1830=EDGE_CURVE('',#1438,#1436,#714,.F.);
#1831=EDGE_CURVE('',#1439,#1438,#715,.F.);
#1832=EDGE_CURVE('',#1437,#1439,#716,.F.);
#1833=EDGE_CURVE('',#1421,#1440,#717,.T.);
#1834=EDGE_CURVE('',#1423,#1441,#718,.T.);
#1835=EDGE_CURVE('',#1441,#1436,#719,.F.);
#1836=EDGE_CURVE('',#1437,#1440,#720,.T.);
#1837=EDGE_CURVE('',#1441,#1442,#721,.T.);
#1838=EDGE_CURVE('',#1442,#1438,#722,.T.);
#1839=EDGE_CURVE('',#1442,#1422,#723,.T.);
#1840=EDGE_CURVE('',#1443,#1444,#724,.F.);
#1841=EDGE_CURVE('',#1435,#1443,#725,.F.);
#1842=EDGE_CURVE('',#1444,#1434,#726,.F.);
#1843=EDGE_CURVE('',#1433,#1445,#727,.T.);
#1844=EDGE_CURVE('',#1445,#1444,#728,.T.);
#1845=EDGE_CURVE('',#1445,#1416,#729,.F.);
#1846=EDGE_CURVE('',#1446,#1447,#730,.F.);
#1847=EDGE_CURVE('',#1431,#1446,#731,.F.);
#1848=EDGE_CURVE('',#1447,#1430,#732,.T.);
#1849=EDGE_CURVE('',#1429,#1448,#733,.F.);
#1850=EDGE_CURVE('',#1448,#1447,#734,.T.);
#1851=EDGE_CURVE('',#1448,#1404,#735,.F.);
#1852=EDGE_CURVE('',#1449,#1426,#736,.F.);
#1853=EDGE_CURVE('',#1450,#1449,#737,.T.);
#1854=EDGE_CURVE('',#1427,#1450,#738,.F.);
#1855=EDGE_CURVE('',#1425,#1451,#739,.T.);
#1856=EDGE_CURVE('',#1451,#1449,#740,.F.);
#1857=EDGE_CURVE('',#1451,#1410,#741,.T.);
#1858=EDGE_CURVE('',#1452,#1406,#742,.T.);
#1859=EDGE_CURVE('',#1452,#1450,#743,.T.);
#1860=EDGE_CURVE('',#1453,#1412,#744,.T.);
#1861=EDGE_CURVE('',#1453,#1443,#745,.T.);
#1862=EDGE_CURVE('',#1454,#1400,#746,.T.);
#1863=EDGE_CURVE('',#1454,#1446,#747,.T.);
#1864=EDGE_CURVE('',#1455,#1418,#748,.T.);
#1865=EDGE_CURVE('',#1455,#1439,#749,.T.);
#1866=EDGE_CURVE('',#1452,#1428,#750,.T.);
#1867=EDGE_CURVE('',#1456,#1424,#751,.T.);
#1868=EDGE_CURVE('',#1456,#1457,#752,.T.);
#1869=EDGE_CURVE('',#1458,#1457,#753,.T.);
#1870=EDGE_CURVE('',#1459,#1458,#754,.T.);
#1871=EDGE_CURVE('',#1454,#1459,#755,.T.);
#1872=EDGE_CURVE('',#1455,#1432,#756,.T.);
#1873=EDGE_CURVE('',#1460,#1440,#757,.T.);
#1874=EDGE_CURVE('',#1460,#1461,#758,.T.);
#1875=EDGE_CURVE('',#1462,#1461,#759,.T.);
#1876=EDGE_CURVE('',#1462,#1463,#760,.T.);
#1877=EDGE_CURVE('',#1453,#1463,#761,.T.);
#1878=EDGE_CURVE('',#1464,#1465,#762,.T.);
#1879=EDGE_CURVE('',#1466,#1464,#44,.T.);
#1880=EDGE_CURVE('',#1467,#1466,#763,.T.);
#1881=EDGE_CURVE('',#1468,#1467,#45,.T.);
#1882=EDGE_CURVE('',#1469,#1468,#764,.T.);
#1883=EDGE_CURVE('',#1457,#1469,#765,.T.);
#1884=EDGE_CURVE('',#1463,#1456,#766,.T.);
#1885=EDGE_CURVE('',#1465,#1462,#767,.T.);
#1886=EDGE_CURVE('',#1470,#1468,#768,.T.);
#1887=EDGE_CURVE('',#1471,#1470,#769,.T.);
#1888=EDGE_CURVE('',#1469,#1471,#770,.T.);
#1889=EDGE_CURVE('',#1467,#1472,#771,.T.);
#1890=EDGE_CURVE('',#1472,#1470,#46,.T.);
#1891=EDGE_CURVE('',#1473,#1466,#772,.T.);
#1892=EDGE_CURVE('',#1472,#1473,#773,.T.);
#1893=EDGE_CURVE('',#1464,#1474,#774,.T.);
#1894=EDGE_CURVE('',#1474,#1473,#47,.T.);
#1895=EDGE_CURVE('',#1475,#1465,#775,.T.);
#1896=EDGE_CURVE('',#1474,#1475,#776,.T.);
#1897=EDGE_CURVE('',#1471,#1476,#777,.T.);
#1898=EDGE_CURVE('',#1476,#1477,#778,.T.);
#1899=EDGE_CURVE('',#1477,#1478,#779,.T.);
#1900=EDGE_CURVE('',#1478,#1479,#780,.T.);
#1901=EDGE_CURVE('',#1479,#1475,#781,.T.);
#1902=EDGE_CURVE('',#1461,#1458,#782,.T.);
#1903=EDGE_CURVE('',#1459,#1460,#783,.T.);
#1904=EDGE_CURVE('',#1396,#1478,#784,.T.);
#1905=EDGE_CURVE('',#1399,#1479,#785,.T.);
#1906=EDGE_CURVE('',#1398,#1476,#786,.T.);
#1907=EDGE_CURVE('',#1477,#1397,#787,.T.);
#1908=ORIENTED_EDGE('',*,*,#1480,.T.);
#1909=ORIENTED_EDGE('',*,*,#1481,.T.);
#1910=ORIENTED_EDGE('',*,*,#1482,.T.);
#1911=ORIENTED_EDGE('',*,*,#1483,.T.);
#1912=ORIENTED_EDGE('',*,*,#1480,.F.);
#1913=ORIENTED_EDGE('',*,*,#1484,.F.);
#1914=ORIENTED_EDGE('',*,*,#1485,.F.);
#1915=ORIENTED_EDGE('',*,*,#1486,.T.);
#1916=ORIENTED_EDGE('',*,*,#1487,.F.);
#1917=ORIENTED_EDGE('',*,*,#1488,.F.);
#1918=ORIENTED_EDGE('',*,*,#1483,.F.);
#1919=ORIENTED_EDGE('',*,*,#1489,.F.);
#1920=ORIENTED_EDGE('',*,*,#1490,.F.);
#1921=ORIENTED_EDGE('',*,*,#1484,.T.);
#1922=ORIENTED_EDGE('',*,*,#1485,.T.);
#1923=ORIENTED_EDGE('',*,*,#1490,.T.);
#1924=ORIENTED_EDGE('',*,*,#1491,.T.);
#1925=ORIENTED_EDGE('',*,*,#1492,.T.);
#1926=ORIENTED_EDGE('',*,*,#1493,.T.);
#1927=ORIENTED_EDGE('',*,*,#1494,.T.);
#1928=ORIENTED_EDGE('',*,*,#1495,.T.);
#1929=ORIENTED_EDGE('',*,*,#1496,.T.);
#1930=ORIENTED_EDGE('',*,*,#1495,.F.);
#1931=ORIENTED_EDGE('',*,*,#1497,.F.);
#1932=ORIENTED_EDGE('',*,*,#1498,.F.);
#1933=ORIENTED_EDGE('',*,*,#1499,.T.);
#1934=ORIENTED_EDGE('',*,*,#1500,.F.);
#1935=ORIENTED_EDGE('',*,*,#1501,.F.);
#1936=ORIENTED_EDGE('',*,*,#1494,.F.);
#1937=ORIENTED_EDGE('',*,*,#1502,.F.);
#1938=ORIENTED_EDGE('',*,*,#1503,.F.);
#1939=ORIENTED_EDGE('',*,*,#1497,.T.);
#1940=ORIENTED_EDGE('',*,*,#1504,.T.);
#1941=ORIENTED_EDGE('',*,*,#1505,.T.);
#1942=ORIENTED_EDGE('',*,*,#1498,.T.);
#1943=ORIENTED_EDGE('',*,*,#1503,.T.);
#1944=ORIENTED_EDGE('',*,*,#1506,.T.);
#1945=ORIENTED_EDGE('',*,*,#1507,.T.);
#1946=ORIENTED_EDGE('',*,*,#1508,.T.);
#1947=ORIENTED_EDGE('',*,*,#1509,.T.);
#1948=ORIENTED_EDGE('',*,*,#1508,.F.);
#1949=ORIENTED_EDGE('',*,*,#1510,.F.);
#1950=ORIENTED_EDGE('',*,*,#1511,.F.);
#1951=ORIENTED_EDGE('',*,*,#1512,.T.);
#1952=ORIENTED_EDGE('',*,*,#1513,.F.);
#1953=ORIENTED_EDGE('',*,*,#1514,.F.);
#1954=ORIENTED_EDGE('',*,*,#1507,.F.);
#1955=ORIENTED_EDGE('',*,*,#1515,.F.);
#1956=ORIENTED_EDGE('',*,*,#1516,.F.);
#1957=ORIENTED_EDGE('',*,*,#1510,.T.);
#1958=ORIENTED_EDGE('',*,*,#1517,.T.);
#1959=ORIENTED_EDGE('',*,*,#1518,.T.);
#1960=ORIENTED_EDGE('',*,*,#1511,.T.);
#1961=ORIENTED_EDGE('',*,*,#1516,.T.);
#1962=ORIENTED_EDGE('',*,*,#1519,.T.);
#1963=ORIENTED_EDGE('',*,*,#1520,.T.);
#1964=ORIENTED_EDGE('',*,*,#1521,.T.);
#1965=ORIENTED_EDGE('',*,*,#1522,.T.);
#1966=ORIENTED_EDGE('',*,*,#1519,.F.);
#1967=ORIENTED_EDGE('',*,*,#1523,.F.);
#1968=ORIENTED_EDGE('',*,*,#1524,.F.);
#1969=ORIENTED_EDGE('',*,*,#1525,.T.);
#1970=ORIENTED_EDGE('',*,*,#1526,.F.);
#1971=ORIENTED_EDGE('',*,*,#1527,.F.);
#1972=ORIENTED_EDGE('',*,*,#1522,.F.);
#1973=ORIENTED_EDGE('',*,*,#1528,.F.);
#1974=ORIENTED_EDGE('',*,*,#1529,.F.);
#1975=ORIENTED_EDGE('',*,*,#1523,.T.);
#1976=ORIENTED_EDGE('',*,*,#1524,.T.);
#1977=ORIENTED_EDGE('',*,*,#1529,.T.);
#1978=ORIENTED_EDGE('',*,*,#1530,.T.);
#1979=ORIENTED_EDGE('',*,*,#1531,.T.);
#1980=ORIENTED_EDGE('',*,*,#1521,.F.);
#1981=ORIENTED_EDGE('',*,*,#1532,.F.);
#1982=ORIENTED_EDGE('',*,*,#1533,.F.);
#1983=ORIENTED_EDGE('',*,*,#1534,.F.);
#1984=ORIENTED_EDGE('',*,*,#1530,.F.);
#1985=ORIENTED_EDGE('',*,*,#1528,.T.);
#1986=ORIENTED_EDGE('',*,*,#1533,.T.);
#1987=ORIENTED_EDGE('',*,*,#1535,.F.);
#1988=ORIENTED_EDGE('',*,*,#1513,.T.);
#1989=ORIENTED_EDGE('',*,*,#1536,.T.);
#1990=ORIENTED_EDGE('',*,*,#1493,.F.);
#1991=ORIENTED_EDGE('',*,*,#1537,.F.);
#1992=ORIENTED_EDGE('',*,*,#1538,.F.);
#1993=ORIENTED_EDGE('',*,*,#1539,.F.);
#1994=ORIENTED_EDGE('',*,*,#1504,.F.);
#1995=ORIENTED_EDGE('',*,*,#1502,.T.);
#1996=ORIENTED_EDGE('',*,*,#1538,.T.);
#1997=ORIENTED_EDGE('',*,*,#1540,.F.);
#1998=ORIENTED_EDGE('',*,*,#1541,.F.);
#1999=ORIENTED_EDGE('',*,*,#1542,.F.);
#2000=ORIENTED_EDGE('',*,*,#1500,.T.);
#2001=ORIENTED_EDGE('',*,*,#1543,.F.);
#2002=ORIENTED_EDGE('',*,*,#1544,.T.);
#2003=ORIENTED_EDGE('',*,*,#1545,.F.);
#2004=ORIENTED_EDGE('',*,*,#1506,.F.);
#2005=ORIENTED_EDGE('',*,*,#1546,.F.);
#2006=ORIENTED_EDGE('',*,*,#1547,.F.);
#2007=ORIENTED_EDGE('',*,*,#1548,.F.);
#2008=ORIENTED_EDGE('',*,*,#1517,.F.);
#2009=ORIENTED_EDGE('',*,*,#1515,.T.);
#2010=ORIENTED_EDGE('',*,*,#1547,.T.);
#2011=ORIENTED_EDGE('',*,*,#1549,.F.);
#2012=ORIENTED_EDGE('',*,*,#1550,.T.);
#2013=ORIENTED_EDGE('',*,*,#1551,.T.);
#2014=ORIENTED_EDGE('',*,*,#1482,.F.);
#2015=ORIENTED_EDGE('',*,*,#1552,.F.);
#2016=ORIENTED_EDGE('',*,*,#1544,.F.);
#2017=ORIENTED_EDGE('',*,*,#1553,.F.);
#2018=ORIENTED_EDGE('',*,*,#1491,.F.);
#2019=ORIENTED_EDGE('',*,*,#1489,.T.);
#2020=ORIENTED_EDGE('',*,*,#1487,.T.);
#2021=ORIENTED_EDGE('',*,*,#1554,.F.);
#2022=ORIENTED_EDGE('',*,*,#1555,.F.);
#2023=ORIENTED_EDGE('',*,*,#1556,.F.);
#2024=ORIENTED_EDGE('',*,*,#1557,.T.);
#2025=ORIENTED_EDGE('',*,*,#1558,.T.);
#2026=ORIENTED_EDGE('',*,*,#1559,.T.);
#2027=ORIENTED_EDGE('',*,*,#1541,.T.);
#2028=ORIENTED_EDGE('',*,*,#1560,.T.);
#2029=ORIENTED_EDGE('',*,*,#1561,.T.);
#2030=ORIENTED_EDGE('',*,*,#1562,.T.);
#2031=ORIENTED_EDGE('',*,*,#1563,.T.);
#2032=ORIENTED_EDGE('',*,*,#1561,.F.);
#2033=ORIENTED_EDGE('',*,*,#1564,.T.);
#2034=ORIENTED_EDGE('',*,*,#1565,.T.);
#2035=ORIENTED_EDGE('',*,*,#1566,.T.);
#2036=ORIENTED_EDGE('',*,*,#1567,.T.);
#2037=ORIENTED_EDGE('',*,*,#1568,.T.);
#2038=ORIENTED_EDGE('',*,*,#1569,.T.);
#2039=ORIENTED_EDGE('',*,*,#1570,.T.);
#2040=ORIENTED_EDGE('',*,*,#1568,.F.);
#2041=ORIENTED_EDGE('',*,*,#1571,.T.);
#2042=ORIENTED_EDGE('',*,*,#1572,.T.);
#2043=ORIENTED_EDGE('',*,*,#1573,.T.);
#2044=ORIENTED_EDGE('',*,*,#1574,.T.);
#2045=ORIENTED_EDGE('',*,*,#1575,.T.);
#2046=ORIENTED_EDGE('',*,*,#1576,.T.);
#2047=ORIENTED_EDGE('',*,*,#1577,.T.);
#2048=ORIENTED_EDGE('',*,*,#1578,.T.);
#2049=ORIENTED_EDGE('',*,*,#1579,.T.);
#2050=ORIENTED_EDGE('',*,*,#1580,.T.);
#2051=ORIENTED_EDGE('',*,*,#1577,.F.);
#2052=ORIENTED_EDGE('',*,*,#1574,.F.);
#2053=ORIENTED_EDGE('',*,*,#1580,.F.);
#2054=ORIENTED_EDGE('',*,*,#1581,.T.);
#2055=ORIENTED_EDGE('',*,*,#1582,.T.);
#2056=ORIENTED_EDGE('',*,*,#1583,.T.);
#2057=ORIENTED_EDGE('',*,*,#1584,.T.);
#2058=ORIENTED_EDGE('',*,*,#1585,.T.);
#2059=ORIENTED_EDGE('',*,*,#1586,.T.);
#2060=ORIENTED_EDGE('',*,*,#1587,.T.);
#2061=ORIENTED_EDGE('',*,*,#1588,.T.);
#2062=ORIENTED_EDGE('',*,*,#1586,.F.);
#2063=ORIENTED_EDGE('',*,*,#1589,.T.);
#2064=ORIENTED_EDGE('',*,*,#1590,.T.);
#2065=ORIENTED_EDGE('',*,*,#1591,.T.);
#2066=ORIENTED_EDGE('',*,*,#1592,.T.);
#2067=ORIENTED_EDGE('',*,*,#1593,.T.);
#2068=ORIENTED_EDGE('',*,*,#1594,.T.);
#2069=ORIENTED_EDGE('',*,*,#1595,.T.);
#2070=ORIENTED_EDGE('',*,*,#1596,.T.);
#2071=ORIENTED_EDGE('',*,*,#1597,.T.);
#2072=ORIENTED_EDGE('',*,*,#1598,.T.);
#2073=ORIENTED_EDGE('',*,*,#1595,.F.);
#2074=ORIENTED_EDGE('',*,*,#1592,.F.);
#2075=ORIENTED_EDGE('',*,*,#1599,.F.);
#2076=ORIENTED_EDGE('',*,*,#1600,.F.);
#2077=ORIENTED_EDGE('',*,*,#1601,.T.);
#2078=ORIENTED_EDGE('',*,*,#1598,.F.);
#2079=ORIENTED_EDGE('',*,*,#1602,.F.);
#2080=ORIENTED_EDGE('',*,*,#1603,.F.);
#2081=ORIENTED_EDGE('',*,*,#1599,.T.);
#2082=ORIENTED_EDGE('',*,*,#1604,.T.);
#2083=ORIENTED_EDGE('',*,*,#1605,.T.);
#2084=ORIENTED_EDGE('',*,*,#1606,.T.);
#2085=ORIENTED_EDGE('',*,*,#1607,.T.);
#2086=ORIENTED_EDGE('',*,*,#1605,.F.);
#2087=ORIENTED_EDGE('',*,*,#1608,.T.);
#2088=ORIENTED_EDGE('',*,*,#1609,.T.);
#2089=ORIENTED_EDGE('',*,*,#1610,.T.);
#2090=ORIENTED_EDGE('',*,*,#1611,.T.);
#2091=ORIENTED_EDGE('',*,*,#1612,.T.);
#2092=ORIENTED_EDGE('',*,*,#1613,.T.);
#2093=ORIENTED_EDGE('',*,*,#1614,.T.);
#2094=ORIENTED_EDGE('',*,*,#1612,.F.);
#2095=ORIENTED_EDGE('',*,*,#1615,.T.);
#2096=ORIENTED_EDGE('',*,*,#1616,.T.);
#2097=ORIENTED_EDGE('',*,*,#1617,.T.);
#2098=ORIENTED_EDGE('',*,*,#1618,.T.);
#2099=ORIENTED_EDGE('',*,*,#1619,.T.);
#2100=ORIENTED_EDGE('',*,*,#1620,.T.);
#2101=ORIENTED_EDGE('',*,*,#1621,.T.);
#2102=ORIENTED_EDGE('',*,*,#1622,.T.);
#2103=ORIENTED_EDGE('',*,*,#1623,.T.);
#2104=ORIENTED_EDGE('',*,*,#1624,.T.);
#2105=ORIENTED_EDGE('',*,*,#1625,.T.);
#2106=ORIENTED_EDGE('',*,*,#1626,.T.);
#2107=ORIENTED_EDGE('',*,*,#1627,.T.);
#2108=ORIENTED_EDGE('',*,*,#1628,.T.);
#2109=ORIENTED_EDGE('',*,*,#1629,.T.);
#2110=ORIENTED_EDGE('',*,*,#1630,.T.);
#2111=ORIENTED_EDGE('',*,*,#1631,.T.);
#2112=ORIENTED_EDGE('',*,*,#1632,.T.);
#2113=ORIENTED_EDGE('',*,*,#1633,.T.);
#2114=ORIENTED_EDGE('',*,*,#1634,.T.);
#2115=ORIENTED_EDGE('',*,*,#1635,.T.);
#2116=ORIENTED_EDGE('',*,*,#1636,.T.);
#2117=ORIENTED_EDGE('',*,*,#1637,.T.);
#2118=ORIENTED_EDGE('',*,*,#1638,.T.);
#2119=ORIENTED_EDGE('',*,*,#1639,.T.);
#2120=ORIENTED_EDGE('',*,*,#1640,.T.);
#2121=ORIENTED_EDGE('',*,*,#1641,.T.);
#2122=ORIENTED_EDGE('',*,*,#1642,.T.);
#2123=ORIENTED_EDGE('',*,*,#1643,.T.);
#2124=ORIENTED_EDGE('',*,*,#1644,.T.);
#2125=ORIENTED_EDGE('',*,*,#1645,.T.);
#2126=ORIENTED_EDGE('',*,*,#1646,.F.);
#2127=ORIENTED_EDGE('',*,*,#1565,.F.);
#2128=ORIENTED_EDGE('',*,*,#1647,.T.);
#2129=ORIENTED_EDGE('',*,*,#1633,.F.);
#2130=ORIENTED_EDGE('',*,*,#1563,.F.);
#2131=ORIENTED_EDGE('',*,*,#1648,.F.);
#2132=ORIENTED_EDGE('',*,*,#1649,.F.);
#2133=ORIENTED_EDGE('',*,*,#1650,.T.);
#2134=ORIENTED_EDGE('',*,*,#1651,.F.);
#2135=ORIENTED_EDGE('',*,*,#1652,.F.);
#2136=ORIENTED_EDGE('',*,*,#1653,.T.);
#2137=ORIENTED_EDGE('',*,*,#1626,.F.);
#2138=ORIENTED_EDGE('',*,*,#1653,.F.);
#2139=ORIENTED_EDGE('',*,*,#1654,.F.);
#2140=ORIENTED_EDGE('',*,*,#1655,.T.);
#2141=ORIENTED_EDGE('',*,*,#1627,.F.);
#2142=ORIENTED_EDGE('',*,*,#1594,.F.);
#2143=ORIENTED_EDGE('',*,*,#1656,.T.);
#2144=ORIENTED_EDGE('',*,*,#1654,.T.);
#2145=ORIENTED_EDGE('',*,*,#1652,.T.);
#2146=ORIENTED_EDGE('',*,*,#1657,.T.);
#2147=ORIENTED_EDGE('',*,*,#1596,.F.);
#2148=ORIENTED_EDGE('',*,*,#1658,.T.);
#2149=ORIENTED_EDGE('',*,*,#1616,.F.);
#2150=ORIENTED_EDGE('',*,*,#1659,.T.);
#2151=ORIENTED_EDGE('',*,*,#1645,.F.);
#2152=ORIENTED_EDGE('',*,*,#1614,.F.);
#2153=ORIENTED_EDGE('',*,*,#1660,.F.);
#2154=ORIENTED_EDGE('',*,*,#1661,.F.);
#2155=ORIENTED_EDGE('',*,*,#1662,.T.);
#2156=ORIENTED_EDGE('',*,*,#1663,.F.);
#2157=ORIENTED_EDGE('',*,*,#1572,.F.);
#2158=ORIENTED_EDGE('',*,*,#1664,.T.);
#2159=ORIENTED_EDGE('',*,*,#1629,.F.);
#2160=ORIENTED_EDGE('',*,*,#1570,.F.);
#2161=ORIENTED_EDGE('',*,*,#1665,.F.);
#2162=ORIENTED_EDGE('',*,*,#1666,.F.);
#2163=ORIENTED_EDGE('',*,*,#1667,.T.);
#2164=ORIENTED_EDGE('',*,*,#1668,.T.);
#2165=ORIENTED_EDGE('',*,*,#1669,.T.);
#2166=ORIENTED_EDGE('',*,*,#1590,.F.);
#2167=ORIENTED_EDGE('',*,*,#1670,.F.);
#2168=ORIENTED_EDGE('',*,*,#1671,.T.);
#2169=ORIENTED_EDGE('',*,*,#1609,.F.);
#2170=ORIENTED_EDGE('',*,*,#1672,.T.);
#2171=ORIENTED_EDGE('',*,*,#1621,.F.);
#2172=ORIENTED_EDGE('',*,*,#1607,.F.);
#2173=ORIENTED_EDGE('',*,*,#1673,.F.);
#2174=ORIENTED_EDGE('',*,*,#1674,.F.);
#2175=ORIENTED_EDGE('',*,*,#1675,.T.);
#2176=ORIENTED_EDGE('',*,*,#1676,.F.);
#2177=ORIENTED_EDGE('',*,*,#1583,.F.);
#2178=ORIENTED_EDGE('',*,*,#1677,.T.);
#2179=ORIENTED_EDGE('',*,*,#1639,.F.);
#2180=ORIENTED_EDGE('',*,*,#1677,.F.);
#2181=ORIENTED_EDGE('',*,*,#1582,.F.);
#2182=ORIENTED_EDGE('',*,*,#1678,.F.);
#2183=ORIENTED_EDGE('',*,*,#1640,.F.);
#2184=ORIENTED_EDGE('',*,*,#1578,.F.);
#2185=ORIENTED_EDGE('',*,*,#1679,.F.);
#2186=ORIENTED_EDGE('',*,*,#1680,.F.);
#2187=ORIENTED_EDGE('',*,*,#1681,.T.);
#2188=ORIENTED_EDGE('',*,*,#1576,.F.);
#2189=ORIENTED_EDGE('',*,*,#1682,.F.);
#2190=ORIENTED_EDGE('',*,*,#1683,.F.);
#2191=ORIENTED_EDGE('',*,*,#1679,.T.);
#2192=ORIENTED_EDGE('',*,*,#1684,.T.);
#2193=ORIENTED_EDGE('',*,*,#1685,.T.);
#2194=ORIENTED_EDGE('',*,*,#1686,.T.);
#2195=ORIENTED_EDGE('',*,*,#1687,.T.);
#2196=ORIENTED_EDGE('',*,*,#1685,.F.);
#2197=ORIENTED_EDGE('',*,*,#1688,.T.);
#2198=ORIENTED_EDGE('',*,*,#1635,.F.);
#2199=ORIENTED_EDGE('',*,*,#1689,.F.);
#2200=ORIENTED_EDGE('',*,*,#1690,.T.);
#2201=ORIENTED_EDGE('',*,*,#1691,.T.);
#2202=ORIENTED_EDGE('',*,*,#1692,.T.);
#2203=ORIENTED_EDGE('',*,*,#1693,.T.);
#2204=ORIENTED_EDGE('',*,*,#1691,.F.);
#2205=ORIENTED_EDGE('',*,*,#1694,.T.);
#2206=ORIENTED_EDGE('',*,*,#1631,.F.);
#2207=ORIENTED_EDGE('',*,*,#1695,.F.);
#2208=ORIENTED_EDGE('',*,*,#1696,.T.);
#2209=ORIENTED_EDGE('',*,*,#1697,.T.);
#2210=ORIENTED_EDGE('',*,*,#1698,.T.);
#2211=ORIENTED_EDGE('',*,*,#1699,.T.);
#2212=ORIENTED_EDGE('',*,*,#1700,.T.);
#2213=ORIENTED_EDGE('',*,*,#1701,.T.);
#2214=ORIENTED_EDGE('',*,*,#1702,.T.);
#2215=ORIENTED_EDGE('',*,*,#1699,.F.);
#2216=ORIENTED_EDGE('',*,*,#1492,.F.);
#2217=ORIENTED_EDGE('',*,*,#1553,.T.);
#2218=ORIENTED_EDGE('',*,*,#1543,.T.);
#2219=ORIENTED_EDGE('',*,*,#1499,.F.);
#2220=ORIENTED_EDGE('',*,*,#1505,.F.);
#2221=ORIENTED_EDGE('',*,*,#1539,.T.);
#2222=ORIENTED_EDGE('',*,*,#1542,.T.);
#2223=ORIENTED_EDGE('',*,*,#1559,.F.);
#2224=ORIENTED_EDGE('',*,*,#1703,.F.);
#2225=ORIENTED_EDGE('',*,*,#1525,.F.);
#2226=ORIENTED_EDGE('',*,*,#1531,.F.);
#2227=ORIENTED_EDGE('',*,*,#1534,.T.);
#2228=ORIENTED_EDGE('',*,*,#1536,.F.);
#2229=ORIENTED_EDGE('',*,*,#1512,.F.);
#2230=ORIENTED_EDGE('',*,*,#1518,.F.);
#2231=ORIENTED_EDGE('',*,*,#1548,.T.);
#2232=ORIENTED_EDGE('',*,*,#1551,.F.);
#2233=ORIENTED_EDGE('',*,*,#1704,.T.);
#2234=ORIENTED_EDGE('',*,*,#1554,.T.);
#2235=ORIENTED_EDGE('',*,*,#1486,.F.);
#2236=ORIENTED_EDGE('',*,*,#1705,.T.);
#2237=ORIENTED_EDGE('',*,*,#1649,.T.);
#2238=ORIENTED_EDGE('',*,*,#1706,.T.);
#2239=ORIENTED_EDGE('',*,*,#1687,.F.);
#2240=ORIENTED_EDGE('',*,*,#1707,.T.);
#2241=ORIENTED_EDGE('',*,*,#1666,.T.);
#2242=ORIENTED_EDGE('',*,*,#1708,.T.);
#2243=ORIENTED_EDGE('',*,*,#1693,.F.);
#2244=ORIENTED_EDGE('',*,*,#1709,.T.);
#2245=ORIENTED_EDGE('',*,*,#1661,.T.);
#2246=ORIENTED_EDGE('',*,*,#1710,.T.);
#2247=ORIENTED_EDGE('',*,*,#1711,.F.);
#2248=ORIENTED_EDGE('',*,*,#1712,.T.);
#2249=ORIENTED_EDGE('',*,*,#1674,.T.);
#2250=ORIENTED_EDGE('',*,*,#1713,.T.);
#2251=ORIENTED_EDGE('',*,*,#1714,.F.);
#2252=ORIENTED_EDGE('',*,*,#1715,.T.);
#2253=ORIENTED_EDGE('',*,*,#1716,.T.);
#2254=ORIENTED_EDGE('',*,*,#1717,.T.);
#2255=ORIENTED_EDGE('',*,*,#1718,.T.);
#2256=ORIENTED_EDGE('',*,*,#1719,.T.);
#2257=ORIENTED_EDGE('',*,*,#1696,.F.);
#2258=ORIENTED_EDGE('',*,*,#1702,.F.);
#2259=ORIENTED_EDGE('',*,*,#1720,.T.);
#2260=ORIENTED_EDGE('',*,*,#1680,.T.);
#2261=ORIENTED_EDGE('',*,*,#1683,.T.);
#2262=ORIENTED_EDGE('',*,*,#1721,.T.);
#2263=ORIENTED_EDGE('',*,*,#1722,.F.);
#2264=ORIENTED_EDGE('',*,*,#1723,.F.);
#2265=ORIENTED_EDGE('',*,*,#1724,.T.);
#2266=ORIENTED_EDGE('',*,*,#1600,.T.);
#2267=ORIENTED_EDGE('',*,*,#1603,.T.);
#2268=ORIENTED_EDGE('',*,*,#1725,.T.);
#2269=ORIENTED_EDGE('',*,*,#1726,.T.);
#2270=ORIENTED_EDGE('',*,*,#1727,.T.);
#2271=ORIENTED_EDGE('',*,*,#1728,.F.);
#2272=ORIENTED_EDGE('',*,*,#1729,.T.);
#2273=ORIENTED_EDGE('',*,*,#1730,.T.);
#2274=ORIENTED_EDGE('',*,*,#1731,.T.);
#2275=ORIENTED_EDGE('',*,*,#1728,.T.);
#2276=ORIENTED_EDGE('',*,*,#1730,.F.);
#2277=ORIENTED_EDGE('',*,*,#1732,.T.);
#2278=ORIENTED_EDGE('',*,*,#1733,.F.);
#2279=ORIENTED_EDGE('',*,*,#1734,.F.);
#2280=ORIENTED_EDGE('',*,*,#1722,.T.);
#2281=ORIENTED_EDGE('',*,*,#1735,.T.);
#2282=ORIENTED_EDGE('',*,*,#1736,.T.);
#2283=ORIENTED_EDGE('',*,*,#1737,.T.);
#2284=ORIENTED_EDGE('',*,*,#1738,.T.);
#2285=ORIENTED_EDGE('',*,*,#1739,.T.);
#2286=ORIENTED_EDGE('',*,*,#1723,.T.);
#2287=ORIENTED_EDGE('',*,*,#1737,.F.);
#2288=ORIENTED_EDGE('',*,*,#1740,.T.);
#2289=ORIENTED_EDGE('',*,*,#1741,.T.);
#2290=ORIENTED_EDGE('',*,*,#1742,.T.);
#2291=ORIENTED_EDGE('',*,*,#1711,.T.);
#2292=ORIENTED_EDGE('',*,*,#1741,.F.);
#2293=ORIENTED_EDGE('',*,*,#1743,.T.);
#2294=ORIENTED_EDGE('',*,*,#1643,.F.);
#2295=ORIENTED_EDGE('',*,*,#1744,.F.);
#2296=ORIENTED_EDGE('',*,*,#1745,.T.);
#2297=ORIENTED_EDGE('',*,*,#1746,.T.);
#2298=ORIENTED_EDGE('',*,*,#1747,.T.);
#2299=ORIENTED_EDGE('',*,*,#1714,.T.);
#2300=ORIENTED_EDGE('',*,*,#1746,.F.);
#2301=ORIENTED_EDGE('',*,*,#1748,.T.);
#2302=ORIENTED_EDGE('',*,*,#1619,.F.);
#2303=ORIENTED_EDGE('',*,*,#1749,.F.);
#2304=ORIENTED_EDGE('',*,*,#1710,.F.);
#2305=ORIENTED_EDGE('',*,*,#1660,.T.);
#2306=ORIENTED_EDGE('',*,*,#1613,.F.);
#2307=ORIENTED_EDGE('',*,*,#1617,.F.);
#2308=ORIENTED_EDGE('',*,*,#1658,.F.);
#2309=ORIENTED_EDGE('',*,*,#1644,.F.);
#2310=ORIENTED_EDGE('',*,*,#1743,.F.);
#2311=ORIENTED_EDGE('',*,*,#1740,.F.);
#2312=ORIENTED_EDGE('',*,*,#1709,.F.);
#2313=ORIENTED_EDGE('',*,*,#1742,.F.);
#2314=ORIENTED_EDGE('',*,*,#1744,.T.);
#2315=ORIENTED_EDGE('',*,*,#1642,.F.);
#2316=ORIENTED_EDGE('',*,*,#1659,.F.);
#2317=ORIENTED_EDGE('',*,*,#1615,.F.);
#2318=ORIENTED_EDGE('',*,*,#1611,.F.);
#2319=ORIENTED_EDGE('',*,*,#1662,.F.);
#2320=ORIENTED_EDGE('',*,*,#1707,.F.);
#2321=ORIENTED_EDGE('',*,*,#1692,.F.);
#2322=ORIENTED_EDGE('',*,*,#1695,.T.);
#2323=ORIENTED_EDGE('',*,*,#1630,.F.);
#2324=ORIENTED_EDGE('',*,*,#1664,.F.);
#2325=ORIENTED_EDGE('',*,*,#1571,.F.);
#2326=ORIENTED_EDGE('',*,*,#1567,.F.);
#2327=ORIENTED_EDGE('',*,*,#1667,.F.);
#2328=ORIENTED_EDGE('',*,*,#1708,.F.);
#2329=ORIENTED_EDGE('',*,*,#1665,.T.);
#2330=ORIENTED_EDGE('',*,*,#1569,.F.);
#2331=ORIENTED_EDGE('',*,*,#1573,.F.);
#2332=ORIENTED_EDGE('',*,*,#1663,.T.);
#2333=ORIENTED_EDGE('',*,*,#1628,.F.);
#2334=ORIENTED_EDGE('',*,*,#1694,.F.);
#2335=ORIENTED_EDGE('',*,*,#1690,.F.);
#2336=ORIENTED_EDGE('',*,*,#1705,.F.);
#2337=ORIENTED_EDGE('',*,*,#1686,.F.);
#2338=ORIENTED_EDGE('',*,*,#1689,.T.);
#2339=ORIENTED_EDGE('',*,*,#1634,.F.);
#2340=ORIENTED_EDGE('',*,*,#1647,.F.);
#2341=ORIENTED_EDGE('',*,*,#1564,.F.);
#2342=ORIENTED_EDGE('',*,*,#1560,.F.);
#2343=ORIENTED_EDGE('',*,*,#1650,.F.);
#2344=ORIENTED_EDGE('',*,*,#1706,.F.);
#2345=ORIENTED_EDGE('',*,*,#1648,.T.);
#2346=ORIENTED_EDGE('',*,*,#1562,.F.);
#2347=ORIENTED_EDGE('',*,*,#1566,.F.);
#2348=ORIENTED_EDGE('',*,*,#1646,.T.);
#2349=ORIENTED_EDGE('',*,*,#1632,.F.);
#2350=ORIENTED_EDGE('',*,*,#1688,.F.);
#2351=ORIENTED_EDGE('',*,*,#1684,.F.);
#2352=ORIENTED_EDGE('',*,*,#1721,.F.);
#2353=ORIENTED_EDGE('',*,*,#1602,.T.);
#2354=ORIENTED_EDGE('',*,*,#1597,.F.);
#2355=ORIENTED_EDGE('',*,*,#1657,.F.);
#2356=ORIENTED_EDGE('',*,*,#1651,.T.);
#2357=ORIENTED_EDGE('',*,*,#1625,.F.);
#2358=ORIENTED_EDGE('',*,*,#1750,.F.);
#2359=ORIENTED_EDGE('',*,*,#1735,.F.);
#2360=ORIENTED_EDGE('',*,*,#1736,.F.);
#2361=ORIENTED_EDGE('',*,*,#1750,.T.);
#2362=ORIENTED_EDGE('',*,*,#1624,.F.);
#2363=ORIENTED_EDGE('',*,*,#1751,.F.);
#2364=ORIENTED_EDGE('',*,*,#1738,.F.);
#2365=ORIENTED_EDGE('',*,*,#1751,.T.);
#2366=ORIENTED_EDGE('',*,*,#1623,.F.);
#2367=ORIENTED_EDGE('',*,*,#1752,.F.);
#2368=ORIENTED_EDGE('',*,*,#1724,.F.);
#2369=ORIENTED_EDGE('',*,*,#1739,.F.);
#2370=ORIENTED_EDGE('',*,*,#1752,.T.);
#2371=ORIENTED_EDGE('',*,*,#1622,.F.);
#2372=ORIENTED_EDGE('',*,*,#1655,.F.);
#2373=ORIENTED_EDGE('',*,*,#1656,.F.);
#2374=ORIENTED_EDGE('',*,*,#1593,.F.);
#2375=ORIENTED_EDGE('',*,*,#1601,.F.);
#2376=ORIENTED_EDGE('',*,*,#1720,.F.);
#2377=ORIENTED_EDGE('',*,*,#1701,.F.);
#2378=ORIENTED_EDGE('',*,*,#1753,.T.);
#2379=ORIENTED_EDGE('',*,*,#1641,.F.);
#2380=ORIENTED_EDGE('',*,*,#1678,.T.);
#2381=ORIENTED_EDGE('',*,*,#1581,.F.);
#2382=ORIENTED_EDGE('',*,*,#1579,.F.);
#2383=ORIENTED_EDGE('',*,*,#1681,.F.);
#2384=ORIENTED_EDGE('',*,*,#1719,.F.);
#2385=ORIENTED_EDGE('',*,*,#1682,.T.);
#2386=ORIENTED_EDGE('',*,*,#1575,.F.);
#2387=ORIENTED_EDGE('',*,*,#1584,.F.);
#2388=ORIENTED_EDGE('',*,*,#1676,.T.);
#2389=ORIENTED_EDGE('',*,*,#1638,.F.);
#2390=ORIENTED_EDGE('',*,*,#1754,.F.);
#2391=ORIENTED_EDGE('',*,*,#1697,.F.);
#2392=ORIENTED_EDGE('',*,*,#1698,.F.);
#2393=ORIENTED_EDGE('',*,*,#1754,.T.);
#2394=ORIENTED_EDGE('',*,*,#1637,.F.);
#2395=ORIENTED_EDGE('',*,*,#1755,.F.);
#2396=ORIENTED_EDGE('',*,*,#1700,.F.);
#2397=ORIENTED_EDGE('',*,*,#1755,.T.);
#2398=ORIENTED_EDGE('',*,*,#1636,.F.);
#2399=ORIENTED_EDGE('',*,*,#1753,.F.);
#2400=ORIENTED_EDGE('',*,*,#1713,.F.);
#2401=ORIENTED_EDGE('',*,*,#1673,.T.);
#2402=ORIENTED_EDGE('',*,*,#1606,.F.);
#2403=ORIENTED_EDGE('',*,*,#1610,.F.);
#2404=ORIENTED_EDGE('',*,*,#1671,.F.);
#2405=ORIENTED_EDGE('',*,*,#1620,.F.);
#2406=ORIENTED_EDGE('',*,*,#1748,.F.);
#2407=ORIENTED_EDGE('',*,*,#1745,.F.);
#2408=ORIENTED_EDGE('',*,*,#1712,.F.);
#2409=ORIENTED_EDGE('',*,*,#1747,.F.);
#2410=ORIENTED_EDGE('',*,*,#1749,.T.);
#2411=ORIENTED_EDGE('',*,*,#1618,.F.);
#2412=ORIENTED_EDGE('',*,*,#1672,.F.);
#2413=ORIENTED_EDGE('',*,*,#1608,.F.);
#2414=ORIENTED_EDGE('',*,*,#1604,.F.);
#2415=ORIENTED_EDGE('',*,*,#1675,.F.);
#2416=ORIENTED_EDGE('',*,*,#1588,.F.);
#2417=ORIENTED_EDGE('',*,*,#1756,.F.);
#2418=ORIENTED_EDGE('',*,*,#1726,.F.);
#2419=ORIENTED_EDGE('',*,*,#1757,.T.);
#2420=ORIENTED_EDGE('',*,*,#1727,.F.);
#2421=ORIENTED_EDGE('',*,*,#1756,.T.);
#2422=ORIENTED_EDGE('',*,*,#1587,.F.);
#2423=ORIENTED_EDGE('',*,*,#1591,.F.);
#2424=ORIENTED_EDGE('',*,*,#1669,.F.);
#2425=ORIENTED_EDGE('',*,*,#1758,.F.);
#2426=ORIENTED_EDGE('',*,*,#1732,.F.);
#2427=ORIENTED_EDGE('',*,*,#1729,.F.);
#2428=ORIENTED_EDGE('',*,*,#1725,.F.);
#2429=ORIENTED_EDGE('',*,*,#1731,.F.);
#2430=ORIENTED_EDGE('',*,*,#1734,.T.);
#2431=ORIENTED_EDGE('',*,*,#1759,.T.);
#2432=ORIENTED_EDGE('',*,*,#1670,.T.);
#2433=ORIENTED_EDGE('',*,*,#1589,.F.);
#2434=ORIENTED_EDGE('',*,*,#1585,.F.);
#2435=ORIENTED_EDGE('',*,*,#1757,.F.);
#2436=ORIENTED_EDGE('',*,*,#1759,.F.);
#2437=ORIENTED_EDGE('',*,*,#1733,.T.);
#2438=ORIENTED_EDGE('',*,*,#1758,.T.);
#2439=ORIENTED_EDGE('',*,*,#1668,.F.);
#2440=ORIENTED_EDGE('',*,*,#1715,.F.);
#2441=ORIENTED_EDGE('',*,*,#1760,.T.);
#2442=ORIENTED_EDGE('',*,*,#1761,.T.);
#2443=ORIENTED_EDGE('',*,*,#1762,.T.);
#2444=ORIENTED_EDGE('',*,*,#1763,.T.);
#2445=ORIENTED_EDGE('',*,*,#1764,.T.);
#2446=ORIENTED_EDGE('',*,*,#1717,.F.);
#2447=ORIENTED_EDGE('',*,*,#1765,.F.);
#2448=ORIENTED_EDGE('',*,*,#1718,.F.);
#2449=ORIENTED_EDGE('',*,*,#1764,.F.);
#2450=ORIENTED_EDGE('',*,*,#1766,.T.);
#2451=ORIENTED_EDGE('',*,*,#1760,.F.);
#2452=ORIENTED_EDGE('',*,*,#1716,.F.);
#2453=ORIENTED_EDGE('',*,*,#1762,.F.);
#2454=ORIENTED_EDGE('',*,*,#1767,.T.);
#2455=ORIENTED_EDGE('',*,*,#1765,.T.);
#2456=ORIENTED_EDGE('',*,*,#1481,.F.);
#2457=ORIENTED_EDGE('',*,*,#1488,.T.);
#2458=ORIENTED_EDGE('',*,*,#1556,.T.);
#2459=ORIENTED_EDGE('',*,*,#1768,.T.);
#2460=ORIENTED_EDGE('',*,*,#1549,.T.);
#2461=ORIENTED_EDGE('',*,*,#1546,.T.);
#2462=ORIENTED_EDGE('',*,*,#1509,.F.);
#2463=ORIENTED_EDGE('',*,*,#1514,.T.);
#2464=ORIENTED_EDGE('',*,*,#1535,.T.);
#2465=ORIENTED_EDGE('',*,*,#1532,.T.);
#2466=ORIENTED_EDGE('',*,*,#1520,.F.);
#2467=ORIENTED_EDGE('',*,*,#1527,.T.);
#2468=ORIENTED_EDGE('',*,*,#1769,.T.);
#2469=ORIENTED_EDGE('',*,*,#1557,.F.);
#2470=ORIENTED_EDGE('',*,*,#1540,.T.);
#2471=ORIENTED_EDGE('',*,*,#1537,.T.);
#2472=ORIENTED_EDGE('',*,*,#1496,.F.);
#2473=ORIENTED_EDGE('',*,*,#1501,.T.);
#2474=ORIENTED_EDGE('',*,*,#1545,.T.);
#2475=ORIENTED_EDGE('',*,*,#1552,.T.);
#2476=ORIENTED_EDGE('',*,*,#1763,.F.);
#2477=ORIENTED_EDGE('',*,*,#1767,.F.);
#2478=ORIENTED_EDGE('',*,*,#1761,.F.);
#2479=ORIENTED_EDGE('',*,*,#1766,.F.);
#2480=ORIENTED_EDGE('',*,*,#1768,.F.);
#2481=ORIENTED_EDGE('',*,*,#1555,.T.);
#2482=ORIENTED_EDGE('',*,*,#1704,.F.);
#2483=ORIENTED_EDGE('',*,*,#1550,.F.);
#2484=ORIENTED_EDGE('',*,*,#1526,.T.);
#2485=ORIENTED_EDGE('',*,*,#1703,.T.);
#2486=ORIENTED_EDGE('',*,*,#1558,.F.);
#2487=ORIENTED_EDGE('',*,*,#1769,.F.);
#2488=ORIENTED_EDGE('',*,*,#1770,.T.);
#2489=ORIENTED_EDGE('',*,*,#1771,.T.);
#2490=ORIENTED_EDGE('',*,*,#1772,.F.);
#2491=ORIENTED_EDGE('',*,*,#1773,.F.);
#2492=ORIENTED_EDGE('',*,*,#1774,.T.);
#2493=ORIENTED_EDGE('',*,*,#1775,.T.);
#2494=ORIENTED_EDGE('',*,*,#1776,.F.);
#2495=ORIENTED_EDGE('',*,*,#1771,.F.);
#2496=ORIENTED_EDGE('',*,*,#1777,.T.);
#2497=ORIENTED_EDGE('',*,*,#1778,.T.);
#2498=ORIENTED_EDGE('',*,*,#1779,.F.);
#2499=ORIENTED_EDGE('',*,*,#1775,.F.);
#2500=ORIENTED_EDGE('',*,*,#1780,.F.);
#2501=ORIENTED_EDGE('',*,*,#1778,.F.);
#2502=ORIENTED_EDGE('',*,*,#1781,.T.);
#2503=ORIENTED_EDGE('',*,*,#1773,.T.);
#2504=ORIENTED_EDGE('',*,*,#1782,.T.);
#2505=ORIENTED_EDGE('',*,*,#1783,.T.);
#2506=ORIENTED_EDGE('',*,*,#1784,.T.);
#2507=ORIENTED_EDGE('',*,*,#1785,.T.);
#2508=ORIENTED_EDGE('',*,*,#1770,.F.);
#2509=ORIENTED_EDGE('',*,*,#1781,.F.);
#2510=ORIENTED_EDGE('',*,*,#1777,.F.);
#2511=ORIENTED_EDGE('',*,*,#1774,.F.);
#2512=ORIENTED_EDGE('',*,*,#1786,.T.);
#2513=ORIENTED_EDGE('',*,*,#1787,.T.);
#2514=ORIENTED_EDGE('',*,*,#1788,.T.);
#2515=ORIENTED_EDGE('',*,*,#1789,.T.);
#2516=ORIENTED_EDGE('',*,*,#1787,.F.);
#2517=ORIENTED_EDGE('',*,*,#1790,.F.);
#2518=ORIENTED_EDGE('',*,*,#1791,.T.);
#2519=ORIENTED_EDGE('',*,*,#1792,.T.);
#2520=ORIENTED_EDGE('',*,*,#1793,.T.);
#2521=ORIENTED_EDGE('',*,*,#1794,.T.);
#2522=ORIENTED_EDGE('',*,*,#1795,.T.);
#2523=ORIENTED_EDGE('',*,*,#1796,.T.);
#2524=ORIENTED_EDGE('',*,*,#1794,.F.);
#2525=ORIENTED_EDGE('',*,*,#1797,.F.);
#2526=ORIENTED_EDGE('',*,*,#1798,.T.);
#2527=ORIENTED_EDGE('',*,*,#1799,.T.);
#2528=ORIENTED_EDGE('',*,*,#1800,.T.);
#2529=ORIENTED_EDGE('',*,*,#1801,.T.);
#2530=ORIENTED_EDGE('',*,*,#1802,.T.);
#2531=ORIENTED_EDGE('',*,*,#1803,.T.);
#2532=ORIENTED_EDGE('',*,*,#1801,.F.);
#2533=ORIENTED_EDGE('',*,*,#1804,.F.);
#2534=ORIENTED_EDGE('',*,*,#1805,.T.);
#2535=ORIENTED_EDGE('',*,*,#1806,.T.);
#2536=ORIENTED_EDGE('',*,*,#1807,.T.);
#2537=ORIENTED_EDGE('',*,*,#1808,.T.);
#2538=ORIENTED_EDGE('',*,*,#1809,.T.);
#2539=ORIENTED_EDGE('',*,*,#1810,.T.);
#2540=ORIENTED_EDGE('',*,*,#1808,.F.);
#2541=ORIENTED_EDGE('',*,*,#1811,.F.);
#2542=ORIENTED_EDGE('',*,*,#1812,.T.);
#2543=ORIENTED_EDGE('',*,*,#1813,.T.);
#2544=ORIENTED_EDGE('',*,*,#1814,.F.);
#2545=ORIENTED_EDGE('',*,*,#1795,.F.);
#2546=ORIENTED_EDGE('',*,*,#1799,.F.);
#2547=ORIENTED_EDGE('',*,*,#1815,.T.);
#2548=ORIENTED_EDGE('',*,*,#1816,.T.);
#2549=ORIENTED_EDGE('',*,*,#1817,.T.);
#2550=ORIENTED_EDGE('',*,*,#1818,.T.);
#2551=ORIENTED_EDGE('',*,*,#1819,.F.);
#2552=ORIENTED_EDGE('',*,*,#1788,.F.);
#2553=ORIENTED_EDGE('',*,*,#1792,.F.);
#2554=ORIENTED_EDGE('',*,*,#1820,.T.);
#2555=ORIENTED_EDGE('',*,*,#1821,.T.);
#2556=ORIENTED_EDGE('',*,*,#1822,.T.);
#2557=ORIENTED_EDGE('',*,*,#1823,.T.);
#2558=ORIENTED_EDGE('',*,*,#1824,.F.);
#2559=ORIENTED_EDGE('',*,*,#1802,.F.);
#2560=ORIENTED_EDGE('',*,*,#1806,.F.);
#2561=ORIENTED_EDGE('',*,*,#1825,.T.);
#2562=ORIENTED_EDGE('',*,*,#1826,.T.);
#2563=ORIENTED_EDGE('',*,*,#1827,.T.);
#2564=ORIENTED_EDGE('',*,*,#1828,.T.);
#2565=ORIENTED_EDGE('',*,*,#1829,.F.);
#2566=ORIENTED_EDGE('',*,*,#1830,.F.);
#2567=ORIENTED_EDGE('',*,*,#1831,.F.);
#2568=ORIENTED_EDGE('',*,*,#1832,.F.);
#2569=ORIENTED_EDGE('',*,*,#1833,.F.);
#2570=ORIENTED_EDGE('',*,*,#1809,.F.);
#2571=ORIENTED_EDGE('',*,*,#1813,.F.);
#2572=ORIENTED_EDGE('',*,*,#1834,.T.);
#2573=ORIENTED_EDGE('',*,*,#1835,.T.);
#2574=ORIENTED_EDGE('',*,*,#1829,.T.);
#2575=ORIENTED_EDGE('',*,*,#1836,.T.);
#2576=ORIENTED_EDGE('',*,*,#1830,.T.);
#2577=ORIENTED_EDGE('',*,*,#1835,.F.);
#2578=ORIENTED_EDGE('',*,*,#1837,.T.);
#2579=ORIENTED_EDGE('',*,*,#1838,.T.);
#2580=ORIENTED_EDGE('',*,*,#1834,.F.);
#2581=ORIENTED_EDGE('',*,*,#1812,.F.);
#2582=ORIENTED_EDGE('',*,*,#1839,.F.);
#2583=ORIENTED_EDGE('',*,*,#1837,.F.);
#2584=ORIENTED_EDGE('',*,*,#1840,.F.);
#2585=ORIENTED_EDGE('',*,*,#1841,.F.);
#2586=ORIENTED_EDGE('',*,*,#1827,.F.);
#2587=ORIENTED_EDGE('',*,*,#1842,.F.);
#2588=ORIENTED_EDGE('',*,*,#1842,.T.);
#2589=ORIENTED_EDGE('',*,*,#1826,.F.);
#2590=ORIENTED_EDGE('',*,*,#1843,.T.);
#2591=ORIENTED_EDGE('',*,*,#1844,.T.);
#2592=ORIENTED_EDGE('',*,*,#1845,.F.);
#2593=ORIENTED_EDGE('',*,*,#1843,.F.);
#2594=ORIENTED_EDGE('',*,*,#1825,.F.);
#2595=ORIENTED_EDGE('',*,*,#1805,.F.);
#2596=ORIENTED_EDGE('',*,*,#1846,.F.);
#2597=ORIENTED_EDGE('',*,*,#1847,.F.);
#2598=ORIENTED_EDGE('',*,*,#1822,.F.);
#2599=ORIENTED_EDGE('',*,*,#1848,.F.);
#2600=ORIENTED_EDGE('',*,*,#1848,.T.);
#2601=ORIENTED_EDGE('',*,*,#1821,.F.);
#2602=ORIENTED_EDGE('',*,*,#1849,.T.);
#2603=ORIENTED_EDGE('',*,*,#1850,.T.);
#2604=ORIENTED_EDGE('',*,*,#1851,.F.);
#2605=ORIENTED_EDGE('',*,*,#1849,.F.);
#2606=ORIENTED_EDGE('',*,*,#1820,.F.);
#2607=ORIENTED_EDGE('',*,*,#1791,.F.);
#2608=ORIENTED_EDGE('',*,*,#1817,.F.);
#2609=ORIENTED_EDGE('',*,*,#1852,.F.);
#2610=ORIENTED_EDGE('',*,*,#1853,.F.);
#2611=ORIENTED_EDGE('',*,*,#1854,.F.);
#2612=ORIENTED_EDGE('',*,*,#1852,.T.);
#2613=ORIENTED_EDGE('',*,*,#1816,.F.);
#2614=ORIENTED_EDGE('',*,*,#1855,.T.);
#2615=ORIENTED_EDGE('',*,*,#1856,.T.);
#2616=ORIENTED_EDGE('',*,*,#1815,.F.);
#2617=ORIENTED_EDGE('',*,*,#1798,.F.);
#2618=ORIENTED_EDGE('',*,*,#1857,.F.);
#2619=ORIENTED_EDGE('',*,*,#1855,.F.);
#2620=ORIENTED_EDGE('',*,*,#1858,.F.);
#2621=ORIENTED_EDGE('',*,*,#1859,.T.);
#2622=ORIENTED_EDGE('',*,*,#1853,.T.);
#2623=ORIENTED_EDGE('',*,*,#1856,.F.);
#2624=ORIENTED_EDGE('',*,*,#1857,.T.);
#2625=ORIENTED_EDGE('',*,*,#1797,.T.);
#2626=ORIENTED_EDGE('',*,*,#1793,.F.);
#2627=ORIENTED_EDGE('',*,*,#1860,.F.);
#2628=ORIENTED_EDGE('',*,*,#1861,.T.);
#2629=ORIENTED_EDGE('',*,*,#1840,.T.);
#2630=ORIENTED_EDGE('',*,*,#1844,.F.);
#2631=ORIENTED_EDGE('',*,*,#1845,.T.);
#2632=ORIENTED_EDGE('',*,*,#1804,.T.);
#2633=ORIENTED_EDGE('',*,*,#1800,.F.);
#2634=ORIENTED_EDGE('',*,*,#1862,.F.);
#2635=ORIENTED_EDGE('',*,*,#1863,.T.);
#2636=ORIENTED_EDGE('',*,*,#1846,.T.);
#2637=ORIENTED_EDGE('',*,*,#1850,.F.);
#2638=ORIENTED_EDGE('',*,*,#1851,.T.);
#2639=ORIENTED_EDGE('',*,*,#1790,.T.);
#2640=ORIENTED_EDGE('',*,*,#1786,.F.);
#2641=ORIENTED_EDGE('',*,*,#1864,.F.);
#2642=ORIENTED_EDGE('',*,*,#1865,.T.);
#2643=ORIENTED_EDGE('',*,*,#1831,.T.);
#2644=ORIENTED_EDGE('',*,*,#1838,.F.);
#2645=ORIENTED_EDGE('',*,*,#1839,.T.);
#2646=ORIENTED_EDGE('',*,*,#1811,.T.);
#2647=ORIENTED_EDGE('',*,*,#1807,.F.);
#2648=ORIENTED_EDGE('',*,*,#1819,.T.);
#2649=ORIENTED_EDGE('',*,*,#1866,.F.);
#2650=ORIENTED_EDGE('',*,*,#1858,.T.);
#2651=ORIENTED_EDGE('',*,*,#1796,.F.);
#2652=ORIENTED_EDGE('',*,*,#1814,.T.);
#2653=ORIENTED_EDGE('',*,*,#1867,.F.);
#2654=ORIENTED_EDGE('',*,*,#1868,.T.);
#2655=ORIENTED_EDGE('',*,*,#1869,.F.);
#2656=ORIENTED_EDGE('',*,*,#1870,.F.);
#2657=ORIENTED_EDGE('',*,*,#1871,.F.);
#2658=ORIENTED_EDGE('',*,*,#1862,.T.);
#2659=ORIENTED_EDGE('',*,*,#1789,.F.);
#2660=ORIENTED_EDGE('',*,*,#1824,.T.);
#2661=ORIENTED_EDGE('',*,*,#1872,.F.);
#2662=ORIENTED_EDGE('',*,*,#1864,.T.);
#2663=ORIENTED_EDGE('',*,*,#1810,.F.);
#2664=ORIENTED_EDGE('',*,*,#1833,.T.);
#2665=ORIENTED_EDGE('',*,*,#1873,.F.);
#2666=ORIENTED_EDGE('',*,*,#1874,.T.);
#2667=ORIENTED_EDGE('',*,*,#1875,.F.);
#2668=ORIENTED_EDGE('',*,*,#1876,.T.);
#2669=ORIENTED_EDGE('',*,*,#1877,.F.);
#2670=ORIENTED_EDGE('',*,*,#1860,.T.);
#2671=ORIENTED_EDGE('',*,*,#1803,.F.);
#2672=ORIENTED_EDGE('',*,*,#1878,.F.);
#2673=ORIENTED_EDGE('',*,*,#1879,.F.);
#2674=ORIENTED_EDGE('',*,*,#1880,.F.);
#2675=ORIENTED_EDGE('',*,*,#1881,.F.);
#2676=ORIENTED_EDGE('',*,*,#1882,.F.);
#2677=ORIENTED_EDGE('',*,*,#1883,.F.);
#2678=ORIENTED_EDGE('',*,*,#1868,.F.);
#2679=ORIENTED_EDGE('',*,*,#1884,.F.);
#2680=ORIENTED_EDGE('',*,*,#1876,.F.);
#2681=ORIENTED_EDGE('',*,*,#1885,.F.);
#2682=ORIENTED_EDGE('',*,*,#1882,.T.);
#2683=ORIENTED_EDGE('',*,*,#1886,.F.);
#2684=ORIENTED_EDGE('',*,*,#1887,.F.);
#2685=ORIENTED_EDGE('',*,*,#1888,.F.);
#2686=ORIENTED_EDGE('',*,*,#1881,.T.);
#2687=ORIENTED_EDGE('',*,*,#1889,.T.);
#2688=ORIENTED_EDGE('',*,*,#1890,.T.);
#2689=ORIENTED_EDGE('',*,*,#1886,.T.);
#2690=ORIENTED_EDGE('',*,*,#1880,.T.);
#2691=ORIENTED_EDGE('',*,*,#1891,.F.);
#2692=ORIENTED_EDGE('',*,*,#1892,.F.);
#2693=ORIENTED_EDGE('',*,*,#1889,.F.);
#2694=ORIENTED_EDGE('',*,*,#1879,.T.);
#2695=ORIENTED_EDGE('',*,*,#1893,.T.);
#2696=ORIENTED_EDGE('',*,*,#1894,.T.);
#2697=ORIENTED_EDGE('',*,*,#1891,.T.);
#2698=ORIENTED_EDGE('',*,*,#1878,.T.);
#2699=ORIENTED_EDGE('',*,*,#1895,.F.);
#2700=ORIENTED_EDGE('',*,*,#1896,.F.);
#2701=ORIENTED_EDGE('',*,*,#1893,.F.);
#2702=ORIENTED_EDGE('',*,*,#1883,.T.);
#2703=ORIENTED_EDGE('',*,*,#1888,.T.);
#2704=ORIENTED_EDGE('',*,*,#1897,.T.);
#2705=ORIENTED_EDGE('',*,*,#1898,.T.);
#2706=ORIENTED_EDGE('',*,*,#1899,.T.);
#2707=ORIENTED_EDGE('',*,*,#1900,.T.);
#2708=ORIENTED_EDGE('',*,*,#1901,.T.);
#2709=ORIENTED_EDGE('',*,*,#1895,.T.);
#2710=ORIENTED_EDGE('',*,*,#1885,.T.);
#2711=ORIENTED_EDGE('',*,*,#1875,.T.);
#2712=ORIENTED_EDGE('',*,*,#1902,.T.);
#2713=ORIENTED_EDGE('',*,*,#1869,.T.);
#2714=ORIENTED_EDGE('',*,*,#1903,.F.);
#2715=ORIENTED_EDGE('',*,*,#1870,.T.);
#2716=ORIENTED_EDGE('',*,*,#1902,.F.);
#2717=ORIENTED_EDGE('',*,*,#1874,.F.);
#2718=ORIENTED_EDGE('',*,*,#1904,.F.);
#2719=ORIENTED_EDGE('',*,*,#1785,.F.);
#2720=ORIENTED_EDGE('',*,*,#1905,.T.);
#2721=ORIENTED_EDGE('',*,*,#1900,.F.);
#2722=ORIENTED_EDGE('',*,*,#1896,.T.);
#2723=ORIENTED_EDGE('',*,*,#1901,.F.);
#2724=ORIENTED_EDGE('',*,*,#1905,.F.);
#2725=ORIENTED_EDGE('',*,*,#1784,.F.);
#2726=ORIENTED_EDGE('',*,*,#1906,.T.);
#2727=ORIENTED_EDGE('',*,*,#1897,.F.);
#2728=ORIENTED_EDGE('',*,*,#1887,.T.);
#2729=ORIENTED_EDGE('',*,*,#1890,.F.);
#2730=ORIENTED_EDGE('',*,*,#1892,.T.);
#2731=ORIENTED_EDGE('',*,*,#1894,.F.);
#2732=ORIENTED_EDGE('',*,*,#1906,.F.);
#2733=ORIENTED_EDGE('',*,*,#1783,.F.);
#2734=ORIENTED_EDGE('',*,*,#1907,.F.);
#2735=ORIENTED_EDGE('',*,*,#1898,.F.);
#2736=ORIENTED_EDGE('',*,*,#1907,.T.);
#2737=ORIENTED_EDGE('',*,*,#1782,.F.);
#2738=ORIENTED_EDGE('',*,*,#1904,.T.);
#2739=ORIENTED_EDGE('',*,*,#1899,.F.);
#2740=ORIENTED_EDGE('',*,*,#1866,.T.);
#2741=ORIENTED_EDGE('',*,*,#1823,.F.);
#2742=ORIENTED_EDGE('',*,*,#1847,.T.);
#2743=ORIENTED_EDGE('',*,*,#1863,.F.);
#2744=ORIENTED_EDGE('',*,*,#1871,.T.);
#2745=ORIENTED_EDGE('',*,*,#1903,.T.);
#2746=ORIENTED_EDGE('',*,*,#1873,.T.);
#2747=ORIENTED_EDGE('',*,*,#1836,.F.);
#2748=ORIENTED_EDGE('',*,*,#1832,.T.);
#2749=ORIENTED_EDGE('',*,*,#1865,.F.);
#2750=ORIENTED_EDGE('',*,*,#1872,.T.);
#2751=ORIENTED_EDGE('',*,*,#1828,.F.);
#2752=ORIENTED_EDGE('',*,*,#1841,.T.);
#2753=ORIENTED_EDGE('',*,*,#1861,.F.);
#2754=ORIENTED_EDGE('',*,*,#1877,.T.);
#2755=ORIENTED_EDGE('',*,*,#1884,.T.);
#2756=ORIENTED_EDGE('',*,*,#1867,.T.);
#2757=ORIENTED_EDGE('',*,*,#1818,.F.);
#2758=ORIENTED_EDGE('',*,*,#1854,.T.);
#2759=ORIENTED_EDGE('',*,*,#1859,.F.);
#2760=ORIENTED_EDGE('',*,*,#1780,.T.);
#2761=ORIENTED_EDGE('',*,*,#1772,.T.);
#2762=ORIENTED_EDGE('',*,*,#1776,.T.);
#2763=ORIENTED_EDGE('',*,*,#1779,.T.);
#2764=PLANE('',#3078);
#2765=PLANE('',#3079);
#2766=PLANE('',#3080);
#2767=PLANE('',#3081);
#2768=PLANE('',#3082);
#2769=PLANE('',#3083);
#2770=PLANE('',#3084);
#2771=PLANE('',#3085);
#2772=PLANE('',#3086);
#2773=PLANE('',#3087);
#2774=PLANE('',#3088);
#2775=PLANE('',#3089);
#2776=PLANE('',#3090);
#2777=PLANE('',#3091);
#2778=PLANE('',#3092);
#2779=PLANE('',#3093);
#2780=PLANE('',#3094);
#2781=PLANE('',#3095);
#2782=PLANE('',#3096);
#2783=PLANE('',#3097);
#2784=PLANE('',#3098);
#2785=PLANE('',#3099);
#2786=PLANE('',#3100);
#2787=PLANE('',#3101);
#2788=PLANE('',#3102);
#2789=PLANE('',#3103);
#2790=PLANE('',#3107);
#2791=PLANE('',#3111);
#2792=PLANE('',#3117);
#2793=PLANE('',#3121);
#2794=PLANE('',#3127);
#2795=PLANE('',#3128);
#2796=PLANE('',#3132);
#2797=PLANE('',#3136);
#2798=PLANE('',#3137);
#2799=PLANE('',#3138);
#2800=PLANE('',#3139);
#2801=PLANE('',#3140);
#2802=PLANE('',#3141);
#2803=PLANE('',#3142);
#2804=PLANE('',#3143);
#2805=PLANE('',#3144);
#2806=PLANE('',#3145);
#2807=PLANE('',#3146);
#2808=PLANE('',#3147);
#2809=PLANE('',#3148);
#2810=PLANE('',#3149);
#2811=PLANE('',#3150);
#2812=PLANE('',#3151);
#2813=PLANE('',#3152);
#2814=PLANE('',#3153);
#2815=PLANE('',#3154);
#2816=PLANE('',#3155);
#2817=PLANE('',#3156);
#2818=PLANE('',#3157);
#2819=PLANE('',#3158);
#2820=PLANE('',#3159);
#2821=PLANE('',#3160);
#2822=PLANE('',#3161);
#2823=PLANE('',#3162);
#2824=PLANE('',#3163);
#2825=PLANE('',#3164);
#2826=PLANE('',#3165);
#2827=PLANE('',#3166);
#2828=PLANE('',#3167);
#2829=PLANE('',#3168);
#2830=PLANE('',#3169);
#2831=PLANE('',#3170);
#2832=PLANE('',#3171);
#2833=PLANE('',#3172);
#2834=PLANE('',#3173);
#2835=PLANE('',#3174);
#2836=PLANE('',#3175);
#2837=PLANE('',#3176);
#2838=PLANE('',#3177);
#2839=PLANE('',#3178);
#2840=PLANE('',#3179);
#2841=PLANE('',#3180);
#2842=PLANE('',#3181);
#2843=PLANE('',#3182);
#2844=PLANE('',#3183);
#2845=PLANE('',#3184);
#2846=PLANE('',#3185);
#2847=PLANE('',#3186);
#2848=PLANE('',#3187);
#2849=PLANE('',#3188);
#2850=PLANE('',#3189);
#2851=PLANE('',#3190);
#2852=PLANE('',#3191);
#2853=PLANE('',#3192);
#2854=PLANE('',#3193);
#2855=PLANE('',#3194);
#2856=PLANE('',#3195);
#2857=PLANE('',#3196);
#2858=PLANE('',#3197);
#2859=PLANE('',#3198);
#2860=PLANE('',#3199);
#2861=PLANE('',#3200);
#2862=PLANE('',#3201);
#2863=PLANE('',#3202);
#2864=PLANE('',#3203);
#2865=PLANE('',#3204);
#2866=PLANE('',#3205);
#2867=PLANE('',#3206);
#2868=PLANE('',#3207);
#2869=PLANE('',#3208);
#2870=PLANE('',#3209);
#2871=PLANE('',#3210);
#2872=PLANE('',#3211);
#2873=PLANE('',#3212);
#2874=PLANE('',#3213);
#2875=PLANE('',#3214);
#2876=PLANE('',#3215);
#2877=PLANE('',#3216);
#2878=PLANE('',#3217);
#2879=PLANE('',#3218);
#2880=PLANE('',#3219);
#2881=PLANE('',#3220);
#2882=PLANE('',#3221);
#2883=PLANE('',#3222);
#2884=PLANE('',#3223);
#2885=PLANE('',#3224);
#2886=PLANE('',#3225);
#2887=PLANE('',#3226);
#2888=PLANE('',#3227);
#2889=PLANE('',#3228);
#2890=PLANE('',#3229);
#2891=PLANE('',#3230);
#2892=PLANE('',#3231);
#2893=PLANE('',#3232);
#2894=PLANE('',#3233);
#2895=PLANE('',#3234);
#2896=PLANE('',#3235);
#2897=PLANE('',#3236);
#2898=PLANE('',#3239);
#2899=PLANE('',#3242);
#2900=PLANE('',#3245);
#2901=PLANE('',#3246);
#2902=PLANE('',#3247);
#2903=PLANE('',#3248);
#2904=PLANE('',#3249);
#2905=PLANE('',#3250);
#2906=PLANE('',#3251);
#2907=PLANE('',#3252);
#2908=ADVANCED_FACE('',(#59),#2764,.T.);
#2909=ADVANCED_FACE('',(#60),#2765,.T.);
#2910=ADVANCED_FACE('',(#61),#2766,.T.);
#2911=ADVANCED_FACE('',(#62),#2767,.T.);
#2912=ADVANCED_FACE('',(#63),#2768,.T.);
#2913=ADVANCED_FACE('',(#64),#2769,.T.);
#2914=ADVANCED_FACE('',(#65),#2770,.T.);
#2915=ADVANCED_FACE('',(#66),#2771,.T.);
#2916=ADVANCED_FACE('',(#67),#2772,.T.);
#2917=ADVANCED_FACE('',(#68),#2773,.T.);
#2918=ADVANCED_FACE('',(#69),#2774,.T.);
#2919=ADVANCED_FACE('',(#70),#2775,.T.);
#2920=ADVANCED_FACE('',(#71),#2776,.T.);
#2921=ADVANCED_FACE('',(#72),#2777,.T.);
#2922=ADVANCED_FACE('',(#73),#2778,.T.);
#2923=ADVANCED_FACE('',(#74),#2779,.T.);
#2924=ADVANCED_FACE('',(#75),#2780,.T.);
#2925=ADVANCED_FACE('',(#76),#2781,.T.);
#2926=ADVANCED_FACE('',(#77),#2782,.T.);
#2927=ADVANCED_FACE('',(#78),#2783,.T.);
#2928=ADVANCED_FACE('',(#79),#2784,.T.);
#2929=ADVANCED_FACE('',(#80),#2785,.T.);
#2930=ADVANCED_FACE('',(#81),#2786,.T.);
#2931=ADVANCED_FACE('',(#82),#2787,.T.);
#2932=ADVANCED_FACE('',(#83),#2788,.T.);
#2933=ADVANCED_FACE('',(#84),#2789,.T.);
#2934=ADVANCED_FACE('',(#85),#48,.F.);
#2935=ADVANCED_FACE('',(#86),#2790,.T.);
#2936=ADVANCED_FACE('',(#87),#49,.F.);
#2937=ADVANCED_FACE('',(#88),#2791,.T.);
#2938=ADVANCED_FACE('',(#89),#50,.F.);
#2939=ADVANCED_FACE('',(#90),#51,.F.);
#2940=ADVANCED_FACE('',(#91),#2792,.T.);
#2941=ADVANCED_FACE('',(#92),#52,.F.);
#2942=ADVANCED_FACE('',(#93),#2793,.T.);
#2943=ADVANCED_FACE('',(#94),#53,.F.);
#2944=ADVANCED_FACE('',(#95),#54,.F.);
#2945=ADVANCED_FACE('',(#96),#2794,.T.);
#2946=ADVANCED_FACE('',(#97),#2795,.T.);
#2947=ADVANCED_FACE('',(#98),#55,.F.);
#2948=ADVANCED_FACE('',(#99),#2796,.T.);
#2949=ADVANCED_FACE('',(#100),#56,.F.);
#2950=ADVANCED_FACE('',(#101),#2797,.T.);
#2951=ADVANCED_FACE('',(#102),#2798,.T.);
#2952=ADVANCED_FACE('',(#103),#2799,.T.);
#2953=ADVANCED_FACE('',(#104),#2800,.T.);
#2954=ADVANCED_FACE('',(#105),#2801,.T.);
#2955=ADVANCED_FACE('',(#106),#2802,.T.);
#2956=ADVANCED_FACE('',(#107),#2803,.T.);
#2957=ADVANCED_FACE('',(#108),#2804,.T.);
#2958=ADVANCED_FACE('',(#109),#2805,.T.);
#2959=ADVANCED_FACE('',(#110),#2806,.T.);
#2960=ADVANCED_FACE('',(#111),#2807,.T.);
#2961=ADVANCED_FACE('',(#112),#2808,.T.);
#2962=ADVANCED_FACE('',(#113),#2809,.T.);
#2963=ADVANCED_FACE('',(#114),#2810,.T.);
#2964=ADVANCED_FACE('',(#115),#2811,.T.);
#2965=ADVANCED_FACE('',(#116),#2812,.T.);
#2966=ADVANCED_FACE('',(#117),#2813,.T.);
#2967=ADVANCED_FACE('',(#118),#2814,.T.);
#2968=ADVANCED_FACE('',(#119),#2815,.T.);
#2969=ADVANCED_FACE('',(#120),#2816,.T.);
#2970=ADVANCED_FACE('',(#121),#2817,.T.);
#2971=ADVANCED_FACE('',(#122),#2818,.T.);
#2972=ADVANCED_FACE('',(#123),#2819,.T.);
#2973=ADVANCED_FACE('',(#124),#2820,.T.);
#2974=ADVANCED_FACE('',(#125),#2821,.T.);
#2975=ADVANCED_FACE('',(#126),#2822,.T.);
#2976=ADVANCED_FACE('',(#127),#2823,.T.);
#2977=ADVANCED_FACE('',(#128),#2824,.T.);
#2978=ADVANCED_FACE('',(#129),#2825,.T.);
#2979=ADVANCED_FACE('',(#130,#17,#18,#19,#20,#21,#22,#23,#24),#2826,.T.);
#2980=ADVANCED_FACE('',(#131),#2827,.T.);
#2981=ADVANCED_FACE('',(#132),#2828,.T.);
#2982=ADVANCED_FACE('',(#133),#2829,.T.);
#2983=ADVANCED_FACE('',(#134),#2830,.T.);
#2984=ADVANCED_FACE('',(#135),#2831,.T.);
#2985=ADVANCED_FACE('',(#136),#2832,.T.);
#2986=ADVANCED_FACE('',(#137),#2833,.T.);
#2987=ADVANCED_FACE('',(#138),#2834,.T.);
#2988=ADVANCED_FACE('',(#139),#2835,.T.);
#2989=ADVANCED_FACE('',(#140),#2836,.T.);
#2990=ADVANCED_FACE('',(#141),#2837,.T.);
#2991=ADVANCED_FACE('',(#142),#2838,.T.);
#2992=ADVANCED_FACE('',(#143),#2839,.T.);
#2993=ADVANCED_FACE('',(#144),#2840,.T.);
#2994=ADVANCED_FACE('',(#145),#2841,.T.);
#2995=ADVANCED_FACE('',(#146),#2842,.T.);
#2996=ADVANCED_FACE('',(#147),#2843,.T.);
#2997=ADVANCED_FACE('',(#148),#2844,.T.);
#2998=ADVANCED_FACE('',(#149),#2845,.T.);
#2999=ADVANCED_FACE('',(#150),#2846,.T.);
#3000=ADVANCED_FACE('',(#151),#2847,.T.);
#3001=ADVANCED_FACE('',(#152),#2848,.T.);
#3002=ADVANCED_FACE('',(#153),#2849,.T.);
#3003=ADVANCED_FACE('',(#154),#2850,.T.);
#3004=ADVANCED_FACE('',(#155),#2851,.T.);
#3005=ADVANCED_FACE('',(#156),#2852,.T.);
#3006=ADVANCED_FACE('',(#157),#2853,.T.);
#3007=ADVANCED_FACE('',(#158),#2854,.T.);
#3008=ADVANCED_FACE('',(#159),#2855,.T.);
#3009=ADVANCED_FACE('',(#160),#2856,.T.);
#3010=ADVANCED_FACE('',(#161),#2857,.T.);
#3011=ADVANCED_FACE('',(#162),#2858,.T.);
#3012=ADVANCED_FACE('',(#163,#25),#2859,.F.);
#3013=ADVANCED_FACE('',(#164),#2860,.T.);
#3014=ADVANCED_FACE('',(#165),#2861,.T.);
#3015=ADVANCED_FACE('',(#166),#2862,.T.);
#3016=ADVANCED_FACE('',(#167),#2863,.T.);
#3017=ADVANCED_FACE('',(#168),#2864,.T.);
#3018=ADVANCED_FACE('',(#169),#2865,.T.);
#3019=ADVANCED_FACE('',(#170,#26),#2866,.T.);
#3020=ADVANCED_FACE('',(#171),#2867,.T.);
#3021=ADVANCED_FACE('',(#172),#2868,.F.);
#3022=ADVANCED_FACE('',(#173),#2869,.T.);
#3023=ADVANCED_FACE('',(#174),#2870,.F.);
#3024=ADVANCED_FACE('',(#175),#2871,.T.);
#3025=ADVANCED_FACE('',(#176),#2872,.F.);
#3026=ADVANCED_FACE('',(#177),#2873,.T.);
#3027=ADVANCED_FACE('',(#178),#2874,.F.);
#3028=ADVANCED_FACE('',(#179),#2875,.F.);
#3029=ADVANCED_FACE('',(#180),#2876,.F.);
#3030=ADVANCED_FACE('',(#181),#2877,.F.);
#3031=ADVANCED_FACE('',(#182),#2878,.F.);
#3032=ADVANCED_FACE('',(#183),#2879,.F.);
#3033=ADVANCED_FACE('',(#184),#2880,.F.);
#3034=ADVANCED_FACE('',(#185),#2881,.F.);
#3035=ADVANCED_FACE('',(#186),#2882,.F.);
#3036=ADVANCED_FACE('',(#187),#2883,.F.);
#3037=ADVANCED_FACE('',(#188),#2884,.F.);
#3038=ADVANCED_FACE('',(#189),#2885,.F.);
#3039=ADVANCED_FACE('',(#190),#2886,.F.);
#3040=ADVANCED_FACE('',(#191),#2887,.F.);
#3041=ADVANCED_FACE('',(#192),#2888,.F.);
#3042=ADVANCED_FACE('',(#193),#2889,.F.);
#3043=ADVANCED_FACE('',(#194),#2890,.F.);
#3044=ADVANCED_FACE('',(#195),#2891,.F.);
#3045=ADVANCED_FACE('',(#196),#2892,.F.);
#3046=ADVANCED_FACE('',(#197),#2893,.F.);
#3047=ADVANCED_FACE('',(#198),#2894,.F.);
#3048=ADVANCED_FACE('',(#199),#2895,.T.);
#3049=ADVANCED_FACE('',(#200),#2896,.T.);
#3050=ADVANCED_FACE('',(#201),#2897,.T.);
#3051=ADVANCED_FACE('',(#202),#2898,.F.);
#3052=ADVANCED_FACE('',(#203),#57,.F.);
#3053=ADVANCED_FACE('',(#204),#2899,.F.);
#3054=ADVANCED_FACE('',(#205),#58,.F.);
#3055=ADVANCED_FACE('',(#206),#2900,.F.);
#3056=ADVANCED_FACE('',(#207),#2901,.T.);
#3057=ADVANCED_FACE('',(#208),#2902,.T.);
#3058=ADVANCED_FACE('',(#209),#2903,.T.);
#3059=ADVANCED_FACE('',(#210),#2904,.T.);
#3060=ADVANCED_FACE('',(#211),#2905,.T.);
#3061=ADVANCED_FACE('',(#212),#2906,.T.);
#3062=ADVANCED_FACE('',(#213,#27),#2907,.T.);
#3063=CLOSED_SHELL('',(#2908,#2909,#2910,#2911,#2912,#2913,#2914,#2915,
#2916,#2917,#2918,#2919,#2920,#2921,#2922,#2923,#2924,#2925,#2926,#2927,
#2928,#2929,#2930,#2931,#2932,#2933,#2934,#2935,#2936,#2937,#2938,#2939,
#2940,#2941,#2942,#2943,#2944,#2945,#2946,#2947,#2948,#2949,#2950,#2951,
#2952,#2953,#2954,#2955,#2956,#2957,#2958,#2959,#2960,#2961,#2962,#2963,
#2964,#2965,#2966,#2967,#2968,#2969,#2970,#2971,#2972,#2973,#2974,#2975,
#2976,#2977,#2978,#2979,#2980,#2981,#2982,#2983,#2984,#2985,#2986,#2987,
#2988,#2989,#2990,#2991,#2992,#2993,#2994,#2995,#2996,#2997,#2998,#2999,
#3000,#3001,#3002,#3003,#3004,#3005,#3006,#3007,#3008,#3009,#3010,#3011,
#3012,#3013,#3014));
#3064=CLOSED_SHELL('',(#3015,#3016,#3017,#3018,#3019,#3020,#3021,#3022,
#3023,#3024,#3025,#3026,#3027,#3028,#3029,#3030,#3031,#3032,#3033,#3034,
#3035,#3036,#3037,#3038,#3039,#3040,#3041,#3042,#3043,#3044,#3045,#3046,
#3047,#3048,#3049,#3050,#3051,#3052,#3053,#3054,#3055,#3056,#3057,#3058,
#3059,#3060,#3061,#3062));
#3065=DERIVED_UNIT_ELEMENT(#3067,1.);
#3066=DERIVED_UNIT_ELEMENT(#4886,-3.);
#3067=(
MASS_UNIT()
NAMED_UNIT(*)
SI_UNIT(.KILO.,.GRAM.)
);
#3068=DERIVED_UNIT((#3065,#3066));
#3069=MEASURE_REPRESENTATION_ITEM('density measure',
POSITIVE_RATIO_MEASURE(1060.),#3068);
#3070=PROPERTY_DEFINITION_REPRESENTATION(#3075,#3072);
#3071=PROPERTY_DEFINITION_REPRESENTATION(#3076,#3073);
#3072=REPRESENTATION('material name',(#3074),#4883);
#3073=REPRESENTATION('density',(#3069),#4883);
#3074=DESCRIPTIVE_REPRESENTATION_ITEM('ABS Plastic','ABS Plastic');
#3075=PROPERTY_DEFINITION('material property','material name',#4893);
#3076=PROPERTY_DEFINITION('material property','density of part',#4893);
#3077=AXIS2_PLACEMENT_3D('',#4013,#3253,#3254);
#3078=AXIS2_PLACEMENT_3D('',#4014,#3255,#3256);
#3079=AXIS2_PLACEMENT_3D('',#4023,#3261,#3262);
#3080=AXIS2_PLACEMENT_3D('',#4033,#3268,#3269);
#3081=AXIS2_PLACEMENT_3D('',#4037,#3272,#3273);
#3082=AXIS2_PLACEMENT_3D('',#4041,#3276,#3277);
#3083=AXIS2_PLACEMENT_3D('',#4050,#3282,#3283);
#3084=AXIS2_PLACEMENT_3D('',#4060,#3289,#3290);
#3085=AXIS2_PLACEMENT_3D('',#4064,#3293,#3294);
#3086=AXIS2_PLACEMENT_3D('',#4068,#3297,#3298);
#3087=AXIS2_PLACEMENT_3D('',#4077,#3303,#3304);
#3088=AXIS2_PLACEMENT_3D('',#4087,#3310,#3311);
#3089=AXIS2_PLACEMENT_3D('',#4091,#3314,#3315);
#3090=AXIS2_PLACEMENT_3D('',#4095,#3318,#3319);
#3091=AXIS2_PLACEMENT_3D('',#4104,#3324,#3325);
#3092=AXIS2_PLACEMENT_3D('',#4114,#3331,#3332);
#3093=AXIS2_PLACEMENT_3D('',#4118,#3335,#3336);
#3094=AXIS2_PLACEMENT_3D('',#4122,#3339,#3340);
#3095=AXIS2_PLACEMENT_3D('',#4128,#3344,#3345);
#3096=AXIS2_PLACEMENT_3D('',#4131,#3348,#3349);
#3097=AXIS2_PLACEMENT_3D('',#4137,#3353,#3354);
#3098=AXIS2_PLACEMENT_3D('',#4143,#3358,#3359);
#3099=AXIS2_PLACEMENT_3D('',#4149,#3363,#3364);
#3100=AXIS2_PLACEMENT_3D('',#4155,#3368,#3369);
#3101=AXIS2_PLACEMENT_3D('',#4161,#3373,#3374);
#3102=AXIS2_PLACEMENT_3D('',#4164,#3377,#3378);
#3103=AXIS2_PLACEMENT_3D('',#4170,#3382,#3383);
#3104=AXIS2_PLACEMENT_3D('',#4176,#3387,#3388);
#3105=AXIS2_PLACEMENT_3D('',#4179,#3389,#3390);
#3106=AXIS2_PLACEMENT_3D('',#4183,#3392,#3393);
#3107=AXIS2_PLACEMENT_3D('',#4185,#3395,#3396);
#3108=AXIS2_PLACEMENT_3D('',#4191,#3400,#3401);
#3109=AXIS2_PLACEMENT_3D('',#4194,#3402,#3403);
#3110=AXIS2_PLACEMENT_3D('',#4198,#3405,#3406);
#3111=AXIS2_PLACEMENT_3D('',#4200,#3408,#3409);
#3112=AXIS2_PLACEMENT_3D('',#4206,#3413,#3414);
#3113=AXIS2_PLACEMENT_3D('',#4211,#3416,#3417);
#3114=AXIS2_PLACEMENT_3D('',#4214,#3419,#3420);
#3115=AXIS2_PLACEMENT_3D('',#4215,#3421,#3422);
#3116=AXIS2_PLACEMENT_3D('',#4219,#3424,#3425);
#3117=AXIS2_PLACEMENT_3D('',#4221,#3427,#3428);
#3118=AXIS2_PLACEMENT_3D('',#4229,#3433,#3434);
#3119=AXIS2_PLACEMENT_3D('',#4232,#3435,#3436);
#3120=AXIS2_PLACEMENT_3D('',#4236,#3438,#3439);
#3121=AXIS2_PLACEMENT_3D('',#4238,#3441,#3442);
#3122=AXIS2_PLACEMENT_3D('',#4244,#3446,#3447);
#3123=AXIS2_PLACEMENT_3D('',#4249,#3449,#3450);
#3124=AXIS2_PLACEMENT_3D('',#4252,#3452,#3453);
#3125=AXIS2_PLACEMENT_3D('',#4253,#3454,#3455);
#3126=AXIS2_PLACEMENT_3D('',#4257,#3457,#3458);
#3127=AXIS2_PLACEMENT_3D('',#4259,#3460,#3461);
#3128=AXIS2_PLACEMENT_3D('',#4265,#3465,#3466);
#3129=AXIS2_PLACEMENT_3D('',#4269,#3469,#3470);
#3130=AXIS2_PLACEMENT_3D('',#4272,#3471,#3472);
#3131=AXIS2_PLACEMENT_3D('',#4276,#3474,#3475);
#3132=AXIS2_PLACEMENT_3D('',#4278,#3477,#3478);
#3133=AXIS2_PLACEMENT_3D('',#4284,#3482,#3483);
#3134=AXIS2_PLACEMENT_3D('',#4287,#3484,#3485);
#3135=AXIS2_PLACEMENT_3D('',#4291,#3487,#3488);
#3136=AXIS2_PLACEMENT_3D('',#4293,#3490,#3491);
#3137=AXIS2_PLACEMENT_3D('',#4299,#3495,#3496);
#3138=AXIS2_PLACEMENT_3D('',#4308,#3501,#3502);
#3139=AXIS2_PLACEMENT_3D('',#4321,#3509,#3510);
#3140=AXIS2_PLACEMENT_3D('',#4330,#3515,#3516);
#3141=AXIS2_PLACEMENT_3D('',#4339,#3521,#3522);
#3142=AXIS2_PLACEMENT_3D('',#4352,#3529,#3530);
#3143=AXIS2_PLACEMENT_3D('',#4361,#3535,#3536);
#3144=AXIS2_PLACEMENT_3D('',#4364,#3539,#3540);
#3145=AXIS2_PLACEMENT_3D('',#4370,#3544,#3545);
#3146=AXIS2_PLACEMENT_3D('',#4376,#3549,#3550);
#3147=AXIS2_PLACEMENT_3D('',#4380,#3553,#3554);
#3148=AXIS2_PLACEMENT_3D('',#4383,#3557,#3558);
#3149=AXIS2_PLACEMENT_3D('',#4386,#3561,#3562);
#3150=AXIS2_PLACEMENT_3D('',#4392,#3566,#3567);
#3151=AXIS2_PLACEMENT_3D('',#4395,#3570,#3571);
#3152=AXIS2_PLACEMENT_3D('',#4401,#3575,#3576);
#3153=AXIS2_PLACEMENT_3D('',#4407,#3580,#3581);
#3154=AXIS2_PLACEMENT_3D('',#4410,#3584,#3585);
#3155=AXIS2_PLACEMENT_3D('',#4416,#3589,#3590);
#3156=AXIS2_PLACEMENT_3D('',#4419,#3593,#3594);
#3157=AXIS2_PLACEMENT_3D('',#4421,#3596,#3597);
#3158=AXIS2_PLACEMENT_3D('',#4427,#3601,#3602);
#3159=AXIS2_PLACEMENT_3D('',#4431,#3605,#3606);
#3160=AXIS2_PLACEMENT_3D('',#4440,#3611,#3612);
#3161=AXIS2_PLACEMENT_3D('',#4443,#3615,#3616);
#3162=AXIS2_PLACEMENT_3D('',#4452,#3621,#3622);
#3163=AXIS2_PLACEMENT_3D('',#4455,#3625,#3626);
#3164=AXIS2_PLACEMENT_3D('',#4464,#3631,#3632);
#3165=AXIS2_PLACEMENT_3D('',#4470,#3636,#3637);
#3166=AXIS2_PLACEMENT_3D('',#4512,#3664,#3665);
#3167=AXIS2_PLACEMENT_3D('',#4518,#3669,#3670);
#3168=AXIS2_PLACEMENT_3D('',#4524,#3674,#3675);
#3169=AXIS2_PLACEMENT_3D('',#4530,#3679,#3680);
#3170=AXIS2_PLACEMENT_3D('',#4534,#3683,#3684);
#3171=AXIS2_PLACEMENT_3D('',#4540,#3688,#3689);
#3172=AXIS2_PLACEMENT_3D('',#4543,#3692,#3693);
#3173=AXIS2_PLACEMENT_3D('',#4549,#3697,#3698);
#3174=AXIS2_PLACEMENT_3D('',#4552,#3701,#3702);
#3175=AXIS2_PLACEMENT_3D('',#4553,#3703,#3704);
#3176=AXIS2_PLACEMENT_3D('',#4554,#3705,#3706);
#3177=AXIS2_PLACEMENT_3D('',#4555,#3707,#3708);
#3178=AXIS2_PLACEMENT_3D('',#4556,#3709,#3710);
#3179=AXIS2_PLACEMENT_3D('',#4557,#3711,#3712);
#3180=AXIS2_PLACEMENT_3D('',#4558,#3713,#3714);
#3181=AXIS2_PLACEMENT_3D('',#4560,#3716,#3717);
#3182=AXIS2_PLACEMENT_3D('',#4562,#3719,#3720);
#3183=AXIS2_PLACEMENT_3D('',#4564,#3722,#3723);
#3184=AXIS2_PLACEMENT_3D('',#4565,#3724,#3725);
#3185=AXIS2_PLACEMENT_3D('',#4567,#3727,#3728);
#3186=AXIS2_PLACEMENT_3D('',#4569,#3730,#3731);
#3187=AXIS2_PLACEMENT_3D('',#4571,#3733,#3734);
#3188=AXIS2_PLACEMENT_3D('',#4572,#3735,#3736);
#3189=AXIS2_PLACEMENT_3D('',#4573,#3737,#3738);
#3190=AXIS2_PLACEMENT_3D('',#4574,#3739,#3740);
#3191=AXIS2_PLACEMENT_3D('',#4577,#3743,#3744);
#3192=AXIS2_PLACEMENT_3D('',#4579,#3746,#3747);
#3193=AXIS2_PLACEMENT_3D('',#4581,#3749,#3750);
#3194=AXIS2_PLACEMENT_3D('',#4582,#3751,#3752);
#3195=AXIS2_PLACEMENT_3D('',#4588,#3756,#3757);
#3196=AXIS2_PLACEMENT_3D('',#4594,#3761,#3762);
#3197=AXIS2_PLACEMENT_3D('',#4596,#3764,#3765);
#3198=AXIS2_PLACEMENT_3D('',#4598,#3767,#3768);
#3199=AXIS2_PLACEMENT_3D('',#4601,#3771,#3772);
#3200=AXIS2_PLACEMENT_3D('',#4602,#3773,#3774);
#3201=AXIS2_PLACEMENT_3D('',#4603,#3775,#3776);
#3202=AXIS2_PLACEMENT_3D('',#4612,#3781,#3782);
#3203=AXIS2_PLACEMENT_3D('',#4618,#3786,#3787);
#3204=AXIS2_PLACEMENT_3D('',#4624,#3791,#3792);
#3205=AXIS2_PLACEMENT_3D('',#4627,#3795,#3796);
#3206=AXIS2_PLACEMENT_3D('',#4636,#3801,#3802);
#3207=AXIS2_PLACEMENT_3D('',#4645,#3807,#3808);
#3208=AXIS2_PLACEMENT_3D('',#4651,#3812,#3813);
#3209=AXIS2_PLACEMENT_3D('',#4660,#3818,#3819);
#3210=AXIS2_PLACEMENT_3D('',#4666,#3823,#3824);
#3211=AXIS2_PLACEMENT_3D('',#4675,#3829,#3830);
#3212=AXIS2_PLACEMENT_3D('',#4681,#3834,#3835);
#3213=AXIS2_PLACEMENT_3D('',#4690,#3840,#3841);
#3214=AXIS2_PLACEMENT_3D('',#4696,#3845,#3846);
#3215=AXIS2_PLACEMENT_3D('',#4706,#3852,#3853);
#3216=AXIS2_PLACEMENT_3D('',#4716,#3859,#3860);
#3217=AXIS2_PLACEMENT_3D('',#4726,#3866,#3867);
#3218=AXIS2_PLACEMENT_3D('',#4735,#3872,#3873);
#3219=AXIS2_PLACEMENT_3D('',#4742,#3878,#3879);
#3220=AXIS2_PLACEMENT_3D('',#4746,#3882,#3883);
#3221=AXIS2_PLACEMENT_3D('',#4748,#3885,#3886);
#3222=AXIS2_PLACEMENT_3D('',#4754,#3890,#3891);
#3223=AXIS2_PLACEMENT_3D('',#4758,#3894,#3895);
#3224=AXIS2_PLACEMENT_3D('',#4760,#3897,#3898);
#3225=AXIS2_PLACEMENT_3D('',#4766,#3902,#3903);
#3226=AXIS2_PLACEMENT_3D('',#4770,#3906,#3907);
#3227=AXIS2_PLACEMENT_3D('',#4772,#3909,#3910);
#3228=AXIS2_PLACEMENT_3D('',#4778,#3914,#3915);
#3229=AXIS2_PLACEMENT_3D('',#4782,#3918,#3919);
#3230=AXIS2_PLACEMENT_3D('',#4784,#3921,#3922);
#3231=AXIS2_PLACEMENT_3D('',#4788,#3925,#3926);
#3232=AXIS2_PLACEMENT_3D('',#4792,#3929,#3930);
#3233=AXIS2_PLACEMENT_3D('',#4796,#3933,#3934);
#3234=AXIS2_PLACEMENT_3D('',#4800,#3937,#3938);
#3235=AXIS2_PLACEMENT_3D('',#4811,#3945,#3946);
#3236=AXIS2_PLACEMENT_3D('',#4822,#3953,#3954);
#3237=AXIS2_PLACEMENT_3D('',#4827,#3956,#3957);
#3238=AXIS2_PLACEMENT_3D('',#4831,#3959,#3960);
#3239=AXIS2_PLACEMENT_3D('',#4837,#3965,#3966);
#3240=AXIS2_PLACEMENT_3D('',#4843,#3970,#3971);
#3241=AXIS2_PLACEMENT_3D('',#4846,#3973,#3974);
#3242=AXIS2_PLACEMENT_3D('',#4847,#3975,#3976);
#3243=AXIS2_PLACEMENT_3D('',#4851,#3979,#3980);
#3244=AXIS2_PLACEMENT_3D('',#4854,#3982,#3983);
#3245=AXIS2_PLACEMENT_3D('',#4855,#3984,#3985);
#3246=AXIS2_PLACEMENT_3D('',#4859,#3988,#3989);
#3247=AXIS2_PLACEMENT_3D('',#4870,#3996,#3997);
#3248=AXIS2_PLACEMENT_3D('',#4872,#3999,#4000);
#3249=AXIS2_PLACEMENT_3D('',#4875,#4003,#4004);
#3250=AXIS2_PLACEMENT_3D('',#4877,#4006,#4007);
#3251=AXIS2_PLACEMENT_3D('',#4879,#4009,#4010);
#3252=AXIS2_PLACEMENT_3D('',#4880,#4011,#4012);
#3253=DIRECTION('axis',(0.,0.,1.));
#3254=DIRECTION('refdir',(1.,0.,0.));
#3255=DIRECTION('center_axis',(0.,-0.707106781186555,-0.70710678118654));
#3256=DIRECTION('ref_axis',(-1.,0.,0.));
#3257=DIRECTION('',(-0.577350269189598,0.577350269189634,-0.577350269189646));
#3258=DIRECTION('',(1.,0.,0.));
#3259=DIRECTION('',(-0.577350269189625,-0.57735026918962,0.577350269189633));
#3260=DIRECTION('',(-1.,0.,0.));
#3261=DIRECTION('center_axis',(-0.70710678118657,-0.707106781186526,0.));
#3262=DIRECTION('ref_axis',(-0.707106781186526,0.70710678118657,0.));
#3263=DIRECTION('',(0.,0.,-1.));
#3264=DIRECTION('',(0.577350269189598,-0.577350269189634,-0.577350269189646));
#3265=DIRECTION('',(-0.707106781186526,0.707106781186569,0.));
#3266=DIRECTION('',(0.,0.,1.));
#3267=DIRECTION('',(-0.707106781186526,0.707106781186569,0.));
#3268=DIRECTION('center_axis',(0.,-1.,0.));
#3269=DIRECTION('ref_axis',(-1.,0.,0.));
#3270=DIRECTION('',(0.,0.,-1.));
#3271=DIRECTION('',(1.,0.,0.));
#3272=DIRECTION('center_axis',(0.,-0.707106781186555,0.70710678118654));
#3273=DIRECTION('ref_axis',(1.,0.,0.));
#3274=DIRECTION('',(0.577350269189625,0.57735026918962,0.577350269189633));
#3275=DIRECTION('',(-1.,0.,0.));
#3276=DIRECTION('center_axis',(0.,-0.707106781186555,-0.70710678118654));
#3277=DIRECTION('ref_axis',(-1.,0.,0.));
#3278=DIRECTION('',(-0.57735026918979,-0.577350269189537,0.57735026918955));
#3279=DIRECTION('',(-1.,0.,0.));
#3280=DIRECTION('',(-0.577350269189512,0.577350269189676,-0.577350269189689));
#3281=DIRECTION('',(1.,0.,0.));
#3282=DIRECTION('center_axis',(-0.707106781186648,-0.707106781186447,0.));
#3283=DIRECTION('ref_axis',(-0.707106781186447,0.707106781186648,0.));
#3284=DIRECTION('',(0.,0.,-1.));
#3285=DIRECTION('',(0.577350269189512,-0.577350269189676,-0.577350269189689));
#3286=DIRECTION('',(-0.707106781186447,0.707106781186648,0.));
#3287=DIRECTION('',(0.,0.,1.));
#3288=DIRECTION('',(-0.707106781186447,0.707106781186648,0.));
#3289=DIRECTION('center_axis',(0.,-1.,0.));
#3290=DIRECTION('ref_axis',(-1.,0.,0.));
#3291=DIRECTION('',(0.,0.,-1.));
#3292=DIRECTION('',(1.,0.,0.));
#3293=DIRECTION('center_axis',(0.,-0.707106781186555,0.70710678118654));
#3294=DIRECTION('ref_axis',(1.,0.,0.));
#3295=DIRECTION('',(0.57735026918979,0.577350269189537,0.57735026918955));
#3296=DIRECTION('',(-1.,0.,0.));
#3297=DIRECTION('center_axis',(0.,0.70710678118655,-0.707106781186545));
#3298=DIRECTION('ref_axis',(-1.,0.,0.));
#3299=DIRECTION('',(0.577350269189603,0.577350269189636,0.577350269189639));
#3300=DIRECTION('',(1.,0.,0.));
#3301=DIRECTION('',(0.577350269189629,-0.577350269189622,-0.577350269189626));
#3302=DIRECTION('',(-1.,0.,0.));
#3303=DIRECTION('center_axis',(0.707106781186544,0.707106781186551,0.));
#3304=DIRECTION('ref_axis',(0.707106781186551,-0.707106781186544,0.));
#3305=DIRECTION('',(0.,0.,-1.));
#3306=DIRECTION('',(-0.577350269189629,0.577350269189622,-0.577350269189626));
#3307=DIRECTION('',(0.707106781186551,-0.707106781186544,0.));
#3308=DIRECTION('',(0.,0.,1.));
#3309=DIRECTION('',(0.707106781186551,-0.707106781186544,0.));
#3310=DIRECTION('center_axis',(0.,1.,0.));
#3311=DIRECTION('ref_axis',(1.,0.,0.));
#3312=DIRECTION('',(0.,0.,-1.));
#3313=DIRECTION('',(-1.,0.,0.));
#3314=DIRECTION('center_axis',(0.,0.70710678118655,0.707106781186545));
#3315=DIRECTION('ref_axis',(1.,0.,0.));
#3316=DIRECTION('',(-0.577350269189603,-0.577350269189636,0.577350269189639));
#3317=DIRECTION('',(1.,0.,0.));
#3318=DIRECTION('center_axis',(0.,0.70710678118655,-0.707106781186545));
#3319=DIRECTION('ref_axis',(-1.,0.,0.));
#3320=DIRECTION('',(0.577350269189794,-0.57735026918954,-0.577350269189543));
#3321=DIRECTION('',(-1.,0.,0.));
#3322=DIRECTION('',(0.577350269189516,0.577350269189679,0.577350269189682));
#3323=DIRECTION('',(1.,0.,0.));
#3324=DIRECTION('center_axis',(0.707106781186392,0.707106781186704,0.));
#3325=DIRECTION('ref_axis',(0.707106781186704,-0.707106781186392,0.));
#3326=DIRECTION('',(0.,0.,-1.));
#3327=DIRECTION('',(-0.577350269189794,0.57735026918954,-0.577350269189543));
#3328=DIRECTION('',(0.707106781186703,-0.707106781186391,0.));
#3329=DIRECTION('',(0.,0.,1.));
#3330=DIRECTION('',(0.707106781186703,-0.707106781186391,0.));
#3331=DIRECTION('center_axis',(0.,1.,0.));
#3332=DIRECTION('ref_axis',(1.,0.,0.));
#3333=DIRECTION('',(0.,0.,-1.));
#3334=DIRECTION('',(-1.,0.,0.));
#3335=DIRECTION('center_axis',(0.,0.70710678118655,0.707106781186545));
#3336=DIRECTION('ref_axis',(1.,0.,0.));
#3337=DIRECTION('',(-0.577350269189516,-0.577350269189679,0.577350269189682));
#3338=DIRECTION('',(1.,0.,0.));
#3339=DIRECTION('center_axis',(-0.707106781186647,0.707106781186448,0.));
#3340=DIRECTION('ref_axis',(0.707106781186448,0.707106781186647,0.));
#3341=DIRECTION('',(0.707106781186448,0.707106781186647,0.));
#3342=DIRECTION('',(0.,0.,-1.));
#3343=DIRECTION('',(-0.707106781186448,-0.707106781186647,0.));
#3344=DIRECTION('center_axis',(0.,1.,0.));
#3345=DIRECTION('ref_axis',(-1.,0.,0.));
#3346=DIRECTION('',(1.,1.18423789293351E-14,0.));
#3347=DIRECTION('',(1.,1.18423789293351E-14,0.));
#3348=DIRECTION('center_axis',(0.707106781186393,-0.707106781186702,0.));
#3349=DIRECTION('ref_axis',(-0.707106781186702,-0.707106781186393,0.));
#3350=DIRECTION('',(-0.707106781186702,-0.707106781186393,0.));
#3351=DIRECTION('',(0.,0.,-1.));
#3352=DIRECTION('',(0.707106781186702,0.707106781186393,0.));
#3353=DIRECTION('center_axis',(0.,-1.,0.));
#3354=DIRECTION('ref_axis',(1.,0.,0.));
#3355=DIRECTION('',(-1.,0.,0.));
#3356=DIRECTION('',(0.,0.,-1.));
#3357=DIRECTION('',(-1.,0.,0.));
#3358=DIRECTION('center_axis',(0.,-1.,0.));
#3359=DIRECTION('ref_axis',(1.,0.,0.));
#3360=DIRECTION('',(-1.,0.,0.));
#3361=DIRECTION('',(0.,0.,-1.));
#3362=DIRECTION('',(-1.,0.,0.));
#3363=DIRECTION('center_axis',(-0.707106781186568,0.707106781186527,0.));
#3364=DIRECTION('ref_axis',(0.707106781186527,0.707106781186568,0.));
#3365=DIRECTION('',(0.707106781186527,0.707106781186568,0.));
#3366=DIRECTION('',(0.,0.,-1.));
#3367=DIRECTION('',(-0.707106781186527,-0.707106781186568,0.));
#3368=DIRECTION('center_axis',(0.,1.,0.));
#3369=DIRECTION('ref_axis',(-1.,0.,0.));
#3370=DIRECTION('',(1.,1.18423789293351E-14,0.));
#3371=DIRECTION('',(0.,0.,1.));
#3372=DIRECTION('',(1.,1.18423789293351E-14,0.));
#3373=DIRECTION('center_axis',(0.707106781186545,-0.70710678118655,0.));
#3374=DIRECTION('ref_axis',(-0.70710678118655,-0.707106781186545,0.));
#3375=DIRECTION('',(-0.70710678118655,-0.707106781186545,0.));
#3376=DIRECTION('',(0.70710678118655,0.707106781186545,0.));
#3377=DIRECTION('center_axis',(0.,-1.,0.));
#3378=DIRECTION('ref_axis',(1.,0.,0.));
#3379=DIRECTION('',(-1.,0.,0.));
#3380=DIRECTION('',(0.,0.,-1.));
#3381=DIRECTION('',(-1.,0.,0.));
#3382=DIRECTION('center_axis',(1.,1.18423789293351E-14,0.));
#3383=DIRECTION('ref_axis',(0.,0.,-1.));
#3384=DIRECTION('',(-1.0535633668167E-14,1.,0.));
#3385=DIRECTION('',(0.,0.,1.));
#3386=DIRECTION('',(1.0535633668167E-14,-1.,0.));
#3387=DIRECTION('center_axis',(1.,-3.69482222595252E-13,0.));
#3388=DIRECTION('ref_axis',(-2.6491741848337E-13,-0.70710678118655,0.707106781186545));
#3389=DIRECTION('center_axis',(-1.,-4.73695157182094E-14,0.));
#3390=DIRECTION('ref_axis',(-2.6491741848337E-13,-0.70710678118655,0.707106781186545));
#3391=DIRECTION('',(1.,-3.69482222595252E-13,0.));
#3392=DIRECTION('center_axis',(1.,0.,0.));
#3393=DIRECTION('ref_axis',(-2.6491741848337E-13,-0.70710678118655,0.707106781186545));
#3394=DIRECTION('',(-1.,3.69482222595252E-13,0.));
#3395=DIRECTION('center_axis',(0.,0.,-1.));
#3396=DIRECTION('ref_axis',(-1.,0.,0.));
#3397=DIRECTION('',(-5.92118946477618E-15,1.,0.));
#3398=DIRECTION('',(1.,-9.47390314346799E-15,0.));
#3399=DIRECTION('',(0.,-1.,0.));
#3400=DIRECTION('center_axis',(1.,2.48689957516136E-14,0.));
#3401=DIRECTION('ref_axis',(1.82701667919567E-14,-0.707106781186546,0.70710678118655));
#3402=DIRECTION('center_axis',(-1.,8.28966525051181E-14,0.));
#3403=DIRECTION('ref_axis',(1.82701667919567E-14,-0.707106781186546,0.70710678118655));
#3404=DIRECTION('',(1.,2.48689957516135E-14,0.));
#3405=DIRECTION('center_axis',(1.,-4.44977388269756E-12,0.));
#3406=DIRECTION('ref_axis',(1.82701667919567E-14,-0.707106781186546,0.70710678118655));
#3407=DIRECTION('',(-1.,-2.48689957516135E-14,0.));
#3408=DIRECTION('center_axis',(0.,0.,-1.));
#3409=DIRECTION('ref_axis',(-1.,0.,0.));
#3410=DIRECTION('',(7.91663031426662E-12,1.,0.));
#3411=DIRECTION('',(1.,1.56319401867764E-13,0.));
#3412=DIRECTION('',(7.39852623610295E-12,-1.,0.));
#3413=DIRECTION('center_axis',(1.,-5.21064672890739E-14,0.));
#3414=DIRECTION('ref_axis',(-3.65403335839132E-14,-0.70710678118655,0.707106781186545));
#3415=DIRECTION('',(1.,-5.21064672890739E-14,0.));
#3416=DIRECTION('center_axis',(1.,2.91785114588607E-12,0.));
#3417=DIRECTION('ref_axis',(-3.65403335839132E-14,-0.70710678118655,0.707106781186545));
#3418=DIRECTION('',(-1.,5.21064672890739E-14,0.));
#3419=DIRECTION('center_axis',(-0.707106781186864,0.707106781186231,5.70942712248901E-16));
#3420=DIRECTION('ref_axis',(-0.707106781186231,-0.707106781186864,-5.70942712249472E-16));
#3421=DIRECTION('center_axis',(9.37953418641162E-13,-1.,0.));
#3422=DIRECTION('ref_axis',(-0.707106781186547,-6.62293546208429E-13,0.707106781186548));
#3423=DIRECTION('',(-9.37953418641162E-13,1.,0.));
#3424=DIRECTION('center_axis',(0.,1.,0.));
#3425=DIRECTION('ref_axis',(-0.707106781186547,-6.62293546208429E-13,0.707106781186548));
#3426=DIRECTION('',(9.37953418641162E-13,-1.,0.));
#3427=DIRECTION('center_axis',(0.,0.,-1.));
#3428=DIRECTION('ref_axis',(-1.,0.,0.));
#3429=DIRECTION('',(1.,0.,0.));
#3430=DIRECTION('',(-1.12083182242163E-12,-1.,0.));
#3431=DIRECTION('',(1.,1.03620815631496E-13,0.));
#3432=DIRECTION('',(1.04916075827075E-13,-1.,0.));
#3433=DIRECTION('center_axis',(-1.42315788783269E-12,-1.,0.));
#3434=DIRECTION('ref_axis',(-0.707106781186548,1.0094267152556E-12,0.707106781186547));
#3435=DIRECTION('center_axis',(5.44749430755185E-13,1.,0.));
#3436=DIRECTION('ref_axis',(-0.707106781186548,1.0094267152556E-12,0.707106781186547));
#3437=DIRECTION('',(-1.42315788783269E-12,-1.,0.));
#3438=DIRECTION('center_axis',(-6.48370246390054E-13,-1.,0.));
#3439=DIRECTION('ref_axis',(-0.707106781186548,1.0094267152556E-12,0.707106781186547));
#3440=DIRECTION('',(1.42315788783269E-12,1.,0.));
#3441=DIRECTION('center_axis',(0.,0.,-1.));
#3442=DIRECTION('ref_axis',(-1.,0.,0.));
#3443=DIRECTION('',(1.,1.7378691078983E-12,0.));
#3444=DIRECTION('',(6.95147643151871E-13,-1.,0.));
#3445=DIRECTION('',(-1.,-1.55431223447521E-12,0.));
#3446=DIRECTION('center_axis',(-1.,3.33436981729088E-12,0.));
#3447=DIRECTION('ref_axis',(2.35685151616241E-12,0.707106781186547,0.707106781186548));
#3448=DIRECTION('',(1.,-3.33436981729088E-12,0.));
#3449=DIRECTION('center_axis',(1.,1.32190554798718E-12,0.));
#3450=DIRECTION('ref_axis',(2.35685151616241E-12,0.707106781186547,0.707106781186548));
#3451=DIRECTION('',(-1.,3.33436981729088E-12,0.));
#3452=DIRECTION('center_axis',(-0.707106781189552,-0.707106781183543,5.70942712246219E-16));
#3453=DIRECTION('ref_axis',(0.707106781183543,-0.707106781189552,5.70942712247264E-16));
#3454=DIRECTION('center_axis',(2.03832222967386E-12,-1.,0.));
#3455=DIRECTION('ref_axis',(-0.707106781186548,-1.44105940571558E-12,0.707106781186547));
#3456=DIRECTION('',(2.03832222967386E-12,-1.,0.));
#3457=DIRECTION('center_axis',(0.,-1.,0.));
#3458=DIRECTION('ref_axis',(-0.707106781186548,-1.44105940571558E-12,0.707106781186547));
#3459=DIRECTION('',(-2.03832222967386E-12,1.,0.));
#3460=DIRECTION('center_axis',(-3.33436981729088E-12,-1.,0.));
#3461=DIRECTION('ref_axis',(1.,-3.33436981729088E-12,0.));
#3462=DIRECTION('',(0.,0.,1.));
#3463=DIRECTION('',(-1.,3.33436981729088E-12,0.));
#3464=DIRECTION('',(0.,0.,1.));
#3465=DIRECTION('center_axis',(1.,2.03832222967386E-12,0.));
#3466=DIRECTION('ref_axis',(-2.03832222967386E-12,1.,0.));
#3467=DIRECTION('',(0.,0.,1.));
#3468=DIRECTION('',(2.03832222967386E-12,-1.,0.));
#3469=DIRECTION('center_axis',(-1.,1.36735067712834E-12,0.));
#3470=DIRECTION('ref_axis',(9.68318839973703E-13,0.707106781186547,0.707106781186548));
#3471=DIRECTION('center_axis',(1.,1.09904092221886E-14,0.));
#3472=DIRECTION('ref_axis',(9.68318839973703E-13,0.707106781186547,0.707106781186548));
#3473=DIRECTION('',(-1.,1.36735067712834E-12,0.));
#3474=DIRECTION('center_axis',(-1.,0.,0.));
#3475=DIRECTION('ref_axis',(9.68318839973703E-13,0.707106781186547,0.707106781186548));
#3476=DIRECTION('',(1.,-1.36735067712834E-12,0.));
#3477=DIRECTION('center_axis',(0.,0.,-1.));
#3478=DIRECTION('ref_axis',(-1.,0.,0.));
#3479=DIRECTION('',(1.12502599828734E-13,-1.,0.));
#3480=DIRECTION('',(-1.,1.1842378929335E-15,0.));
#3481=DIRECTION('',(0.,1.,0.));
#3482=DIRECTION('center_axis',(-1.,1.73712895919683E-12,0.));
#3483=DIRECTION('ref_axis',(1.22866871675909E-12,0.707106781186547,0.707106781186548));
#3484=DIRECTION('center_axis',(1.,-2.96059473233341E-15,0.));
#3485=DIRECTION('ref_axis',(1.22866871675909E-12,0.707106781186547,0.707106781186548));
#3486=DIRECTION('',(-1.,1.73712895919683E-12,0.));
#3487=DIRECTION('center_axis',(-1.,3.02868841119028E-12,0.));
#3488=DIRECTION('ref_axis',(1.22866871675909E-12,0.707106781186547,0.707106781186548));
#3489=DIRECTION('',(1.,-1.73712895919683E-12,0.));
#3490=DIRECTION('center_axis',(0.,0.,-1.));
#3491=DIRECTION('ref_axis',(-1.,0.,0.));
#3492=DIRECTION('',(-4.73695157173399E-14,-1.,0.));
#3493=DIRECTION('',(-1.,-6.59620506363967E-13,0.));
#3494=DIRECTION('',(-8.88178419689479E-15,1.,0.));
#3495=DIRECTION('center_axis',(0.,0.,1.));
#3496=DIRECTION('ref_axis',(1.,0.,0.));
#3497=DIRECTION('',(-1.12502599828734E-13,1.,0.));
#3498=DIRECTION('',(-1.,-5.9211894646675E-16,0.));
#3499=DIRECTION('',(0.,-1.,0.));
#3500=DIRECTION('',(1.,-1.1842378929335E-15,0.));
#3501=DIRECTION('center_axis',(0.,0.,1.));
#3502=DIRECTION('ref_axis',(1.,0.,0.));
#3503=DIRECTION('',(3.33696033768168E-12,1.,0.));
#3504=DIRECTION('',(-1.,-9.66140747652061E-13,0.));
#3505=DIRECTION('',(-2.96059473233376E-16,-1.,0.));
#3506=DIRECTION('',(1.,0.,0.));
#3507=DIRECTION('',(2.4671622769294E-16,1.,0.));
#3508=DIRECTION('',(1.,-3.20262335170585E-12,0.));
#3509=DIRECTION('center_axis',(0.,0.,1.));
#3510=DIRECTION('ref_axis',(1.,0.,0.));
#3511=DIRECTION('',(4.44977388269756E-12,1.,0.));
#3512=DIRECTION('',(-1.,-1.56319401867764E-13,0.));
#3513=DIRECTION('',(-7.91663031426662E-12,-1.,0.));
#3514=DIRECTION('',(1.,9.87654402709965E-13,0.));
#3515=DIRECTION('center_axis',(0.,0.,1.));
#3516=DIRECTION('ref_axis',(1.,0.,0.));
#3517=DIRECTION('',(0.,1.,0.));
#3518=DIRECTION('',(-1.,9.47390314346799E-15,0.));
#3519=DIRECTION('',(5.92118946477618E-15,-1.,0.));
#3520=DIRECTION('',(1.,-1.97175609173428E-12,0.));
#3521=DIRECTION('center_axis',(0.,0.,1.));
#3522=DIRECTION('ref_axis',(1.,0.,0.));
#3523=DIRECTION('',(4.95307498719452E-13,-1.,0.));
#3524=DIRECTION('',(1.,2.90256707558011E-12,0.));
#3525=DIRECTION('',(-2.91785114588607E-12,1.,0.));
#3526=DIRECTION('',(-1.,-1.03620815631496E-13,0.));
#3527=DIRECTION('',(1.12083182242163E-12,1.,0.));
#3528=DIRECTION('',(-1.,0.,0.));
#3529=DIRECTION('center_axis',(0.,0.,1.));
#3530=DIRECTION('ref_axis',(1.,0.,0.));
#3531=DIRECTION('',(4.73695157173399E-14,1.,0.));
#3532=DIRECTION('',(-1.,-5.57776047571875E-13,0.));
#3533=DIRECTION('',(-3.02868841119028E-12,-1.,0.));
#3534=DIRECTION('',(1.,6.59620506363967E-13,0.));
#3535=DIRECTION('center_axis',(9.47390314346799E-15,1.,0.));
#3536=DIRECTION('ref_axis',(1.,-9.47390314346799E-15,0.));
#3537=DIRECTION('',(0.,0.,1.));
#3538=DIRECTION('',(0.,0.,1.));
#3539=DIRECTION('center_axis',(3.69482222595252E-13,1.,0.));
#3540=DIRECTION('ref_axis',(-1.,3.69482222595252E-13,0.));
#3541=DIRECTION('',(0.,0.,1.));
#3542=DIRECTION('',(1.,-3.69482222595252E-13,0.));
#3543=DIRECTION('',(0.,0.,1.));
#3544=DIRECTION('center_axis',(1.,-2.4671622769294E-16,0.));
#3545=DIRECTION('ref_axis',(-2.4671622769294E-16,-1.,0.));
#3546=DIRECTION('',(0.,0.,1.));
#3547=DIRECTION('',(-2.4671622769294E-16,-1.,0.));
#3548=DIRECTION('',(0.,0.,1.));
#3549=DIRECTION('center_axis',(-3.20262335170585E-12,-1.,0.));
#3550=DIRECTION('ref_axis',(-1.,3.20262335170585E-12,0.));
#3551=DIRECTION('',(-1.,3.20262335170585E-12,0.));
#3552=DIRECTION('',(0.,0.,1.));
#3553=DIRECTION('center_axis',(0.,0.,-1.));
#3554=DIRECTION('ref_axis',(-1.,0.,0.));
#3555=DIRECTION('',(-3.33696033768168E-12,-1.,0.));
#3556=DIRECTION('',(-1.,0.,0.));
#3557=DIRECTION('center_axis',(6.59620506363967E-13,-1.,0.));
#3558=DIRECTION('ref_axis',(-1.,-6.59620506363967E-13,0.));
#3559=DIRECTION('',(0.,0.,-1.));
#3560=DIRECTION('',(0.,0.,1.));
#3561=DIRECTION('center_axis',(-1.73712895919683E-12,-1.,0.));
#3562=DIRECTION('ref_axis',(1.,-1.73712895919683E-12,0.));
#3563=DIRECTION('',(0.,0.,1.));
#3564=DIRECTION('',(-1.,1.73712895919683E-12,0.));
#3565=DIRECTION('',(0.,0.,1.));
#3566=DIRECTION('center_axis',(-1.56319401867764E-13,1.,0.));
#3567=DIRECTION('ref_axis',(1.,1.56319401867764E-13,0.));
#3568=DIRECTION('',(0.,0.,1.));
#3569=DIRECTION('',(0.,0.,1.));
#3570=DIRECTION('center_axis',(-2.48689957516136E-14,1.,0.));
#3571=DIRECTION('ref_axis',(-1.,-2.48689957516135E-14,0.));
#3572=DIRECTION('',(0.,0.,1.));
#3573=DIRECTION('',(1.,2.48689957516135E-14,0.));
#3574=DIRECTION('',(0.,0.,1.));
#3575=DIRECTION('center_axis',(1.,6.95147643151871E-13,0.));
#3576=DIRECTION('ref_axis',(6.95147643151871E-13,-1.,0.));
#3577=DIRECTION('',(6.95147643151871E-13,-1.,0.));
#3578=DIRECTION('',(0.,0.,-1.));
#3579=DIRECTION('',(0.,0.,-1.));
#3580=DIRECTION('center_axis',(-1.1842378929335E-15,-1.,0.));
#3581=DIRECTION('ref_axis',(-1.,1.1842378929335E-15,0.));
#3582=DIRECTION('',(0.,0.,-1.));
#3583=DIRECTION('',(0.,0.,1.));
#3584=DIRECTION('center_axis',(-1.36735067712834E-12,-1.,0.));
#3585=DIRECTION('ref_axis',(1.,-1.36735067712834E-12,0.));
#3586=DIRECTION('',(0.,0.,1.));
#3587=DIRECTION('',(-1.,1.36735067712834E-12,0.));
#3588=DIRECTION('',(0.,0.,1.));
#3589=DIRECTION('center_axis',(-1.03620815631496E-13,1.,0.));
#3590=DIRECTION('ref_axis',(1.,1.03620815631496E-13,0.));
#3591=DIRECTION('',(0.,0.,1.));
#3592=DIRECTION('',(0.,0.,1.));
#3593=DIRECTION('center_axis',(1.,-1.12083182242163E-12,0.));
#3594=DIRECTION('ref_axis',(-1.12083182242163E-12,-1.,0.));
#3595=DIRECTION('',(0.,0.,-1.));
#3596=DIRECTION('center_axis',(1.,9.37953418641162E-13,0.));
#3597=DIRECTION('ref_axis',(-9.37953418641162E-13,1.,0.));
#3598=DIRECTION('',(0.,0.,1.));
#3599=DIRECTION('',(9.37953418641162E-13,-1.,0.));
#3600=DIRECTION('',(0.,0.,1.));
#3601=DIRECTION('center_axis',(5.21064672890739E-14,1.,0.));
#3602=DIRECTION('ref_axis',(-1.,5.21064672890739E-14,0.));
#3603=DIRECTION('',(0.,0.,1.));
#3604=DIRECTION('',(1.,-5.21064672890739E-14,0.));
#3605=DIRECTION('center_axis',(-1.3942421033112E-12,-0.707106781186552,
0.707106781186543));
#3606=DIRECTION('ref_axis',(1.,0.,1.9717560917343E-12));
#3607=DIRECTION('',(0.,0.707106781186543,0.707106781186552));
#3608=DIRECTION('',(-1.,1.97175609173428E-12,0.));
#3609=DIRECTION('',(3.34953057858684E-14,-0.707106781186543,-0.707106781186552));
#3610=DIRECTION('',(1.,-1.97175609173428E-12,0.));
#3611=DIRECTION('center_axis',(-1.97175609173428E-12,-1.,0.));
#3612=DIRECTION('ref_axis',(1.,-1.97175609173428E-12,0.));
#3613=DIRECTION('',(0.,0.,1.));
#3614=DIRECTION('',(0.,0.,1.));
#3615=DIRECTION('center_axis',(6.98377125624967E-13,-0.707106781186549,
0.707106781186546));
#3616=DIRECTION('ref_axis',(1.,0.,-9.87654402709969E-13));
#3617=DIRECTION('',(3.14646528720223E-12,0.707106781186546,0.707106781186549));
#3618=DIRECTION('',(-1.,-9.87654402709965E-13,0.));
#3619=DIRECTION('',(-5.86167851240337E-14,-0.707106781186546,-0.707106781186549));
#3620=DIRECTION('',(1.,9.87654402709965E-13,0.));
#3621=DIRECTION('center_axis',(9.87654402709965E-13,-1.,0.));
#3622=DIRECTION('ref_axis',(1.,9.87654402709965E-13,0.));
#3623=DIRECTION('',(0.,0.,1.));
#3624=DIRECTION('',(0.,0.,1.));
#3625=DIRECTION('center_axis',(2.0524248619915E-12,-0.707106781186549,0.707106781186546));
#3626=DIRECTION('ref_axis',(1.,0.,-2.90256707558012E-12));
#3627=DIRECTION('',(1.,2.90256707558011E-12,0.));
#3628=DIRECTION('',(-2.06323233174898E-12,0.707106781186546,0.707106781186549));
#3629=DIRECTION('',(-1.,-2.90256707558011E-12,0.));
#3630=DIRECTION('',(-0.577350269188289,-0.577350269192008,-0.57735026918858));
#3631=DIRECTION('center_axis',(-0.70710678118655,-3.50235291117073E-13,
0.707106781186545));
#3632=DIRECTION('ref_axis',(0.707106781186545,0.,0.70710678118655));
#3633=DIRECTION('',(-4.95307498719452E-13,1.,0.));
#3634=DIRECTION('',(-0.707106781186545,0.,-0.70710678118655));
#3635=DIRECTION('',(4.95307498719452E-13,-1.,0.));
#3636=DIRECTION('center_axis',(0.,0.,1.));
#3637=DIRECTION('ref_axis',(1.,0.,0.));
#3638=DIRECTION('',(1.,1.18423789293351E-14,0.));
#3639=DIRECTION('',(2.14387894410375E-16,1.,0.));
#3640=DIRECTION('',(-4.73695157182094E-14,1.,0.));
#3641=DIRECTION('',(0.,-1.,0.));
#3642=DIRECTION('',(8.28966525051181E-14,1.,0.));
#3643=DIRECTION('',(-4.44977388269756E-12,-1.,0.));
#3644=DIRECTION('',(-2.96059473233341E-15,-1.,0.));
#3645=DIRECTION('',(3.02868841119028E-12,1.,0.));
#3646=DIRECTION('',(-1.,-5.57776047571875E-13,0.));
#3647=DIRECTION('',(1.09904092221886E-14,-1.,0.));
#3648=DIRECTION('',(0.,1.,0.));
#3649=DIRECTION('',(-1.,-5.9211894646675E-16,0.));
#3650=DIRECTION('',(-1.,0.,0.));
#3651=DIRECTION('',(0.,1.,0.));
#3652=DIRECTION('',(1.,0.,0.));
#3653=DIRECTION('',(0.,-1.,0.));
#3654=DIRECTION('',(2.91785114588607E-12,-1.,0.));
#3655=DIRECTION('',(1.,0.,0.));
#3656=DIRECTION('',(-1.,0.,0.));
#3657=DIRECTION('',(-2.96059473233376E-16,-1.,0.));
#3658=DIRECTION('',(-1.,-9.66140747652061E-13,0.));
#3659=DIRECTION('',(1.32190554798718E-12,-1.,0.));
#3660=DIRECTION('',(1.,-5.44749430755185E-13,0.));
#3661=DIRECTION('',(-1.42315788783269E-12,-1.,0.));
#3662=DIRECTION('',(-1.,6.48370246390054E-13,0.));
#3663=DIRECTION('',(-5.68434188608092E-14,-1.,0.));
#3664=DIRECTION('center_axis',(-0.707106781186547,4.01943669423054E-14,
0.707106781186548));
#3665=DIRECTION('ref_axis',(0.707106781186548,0.,0.707106781186547));
#3666=DIRECTION('',(0.707106781186548,-4.58466997942E-13,0.707106781186547));
#3667=DIRECTION('',(5.68434188608092E-14,1.,0.));
#3668=DIRECTION('',(-0.707106781186548,3.85196016534503E-13,-0.707106781186547));
#3669=DIRECTION('center_axis',(-1.,5.68434188608092E-14,0.));
#3670=DIRECTION('ref_axis',(-5.68434188608092E-14,-1.,0.));
#3671=DIRECTION('',(0.,0.,1.));
#3672=DIRECTION('',(-5.68434188608092E-14,-1.,0.));
#3673=DIRECTION('',(0.,0.,1.));
#3674=DIRECTION('center_axis',(-0.707106781186548,2.09345661157837E-16,
0.707106781186547));
#3675=DIRECTION('ref_axis',(0.707106781186547,0.,0.707106781186548));
#3676=DIRECTION('',(0.707106781186547,0.,0.707106781186548));
#3677=DIRECTION('',(2.96059473233376E-16,1.,0.));
#3678=DIRECTION('',(-0.57735026918981,0.577350269189255,-0.577350269189812));
#3679=DIRECTION('center_axis',(-6.83164674245414E-13,0.707106781186548,
0.707106781186547));
#3680=DIRECTION('ref_axis',(1.,0.,9.66140747652062E-13));
#3681=DIRECTION('',(1.,9.66140747652061E-13,0.));
#3682=DIRECTION('',(-9.34728377069851E-13,0.707106781186547,-0.707106781186548));
#3683=DIRECTION('center_axis',(-3.94407225621504E-13,0.707106781186548,
0.707106781186547));
#3684=DIRECTION('ref_axis',(1.,0.,5.57776047571876E-13));
#3685=DIRECTION('',(-2.14160611365376E-12,-0.707106781186547,0.707106781186548));
#3686=DIRECTION('',(1.,5.57776047571875E-13,0.));
#3687=DIRECTION('',(2.09345661157812E-15,0.707106781186547,-0.707106781186548));
#3688=DIRECTION('center_axis',(-5.57776047571875E-13,1.,0.));
#3689=DIRECTION('ref_axis',(-1.,-5.57776047571875E-13,0.));
#3690=DIRECTION('',(0.,0.,1.));
#3691=DIRECTION('',(0.,0.,1.));
#3692=DIRECTION('center_axis',(-4.18691322315673E-16,0.707106781186548,
0.707106781186547));
#3693=DIRECTION('ref_axis',(1.,0.,5.9211894646675E-16));
#3694=DIRECTION('',(0.,-0.707106781186547,0.707106781186548));
#3695=DIRECTION('',(1.,5.9211894646675E-16,0.));
#3696=DIRECTION('',(-7.77139288902473E-15,0.707106781186547,-0.707106781186548));
#3697=DIRECTION('center_axis',(-5.9211894646675E-16,1.,0.));
#3698=DIRECTION('ref_axis',(-1.,-5.9211894646675E-16,0.));
#3699=DIRECTION('',(0.,0.,1.));
#3700=DIRECTION('',(0.,0.,1.));
#3701=DIRECTION('center_axis',(-1.,3.02868841119028E-12,0.));
#3702=DIRECTION('ref_axis',(-3.02868841119028E-12,-1.,0.));
#3703=DIRECTION('center_axis',(1.,-2.96059473233341E-15,0.));
#3704=DIRECTION('ref_axis',(2.96059473233341E-15,1.,0.));
#3705=DIRECTION('center_axis',(-1.,8.28966525051181E-14,0.));
#3706=DIRECTION('ref_axis',(-8.28966525051181E-14,-1.,0.));
#3707=DIRECTION('center_axis',(1.,-4.44977388269756E-12,0.));
#3708=DIRECTION('ref_axis',(4.44977388269756E-12,1.,0.));
#3709=DIRECTION('center_axis',(-1.,-4.73695157182094E-14,0.));
#3710=DIRECTION('ref_axis',(4.73695157182094E-14,-1.,0.));
#3711=DIRECTION('center_axis',(1.,0.,0.));
#3712=DIRECTION('ref_axis',(0.,1.,0.));
#3713=DIRECTION('center_axis',(0.,-1.,0.));
#3714=DIRECTION('ref_axis',(1.,0.,0.));
#3715=DIRECTION('',(0.,0.,1.));
#3716=DIRECTION('center_axis',(-1.,2.96059473233376E-16,0.));
#3717=DIRECTION('ref_axis',(-2.96059473233376E-16,-1.,0.));
#3718=DIRECTION('',(0.,0.,1.));
#3719=DIRECTION('center_axis',(-9.66140747652061E-13,1.,0.));
#3720=DIRECTION('ref_axis',(-1.,-9.66140747652061E-13,0.));
#3721=DIRECTION('',(0.,0.,1.));
#3722=DIRECTION('center_axis',(1.,1.32190554798718E-12,0.));
#3723=DIRECTION('ref_axis',(-1.32190554798718E-12,1.,0.));
#3724=DIRECTION('center_axis',(0.,1.,0.));
#3725=DIRECTION('ref_axis',(-1.,0.,0.));
#3726=DIRECTION('',(0.,0.,1.));
#3727=DIRECTION('center_axis',(1.,2.91785114588607E-12,0.));
#3728=DIRECTION('ref_axis',(-2.91785114588607E-12,1.,0.));
#3729=DIRECTION('',(0.,0.,1.));
#3730=DIRECTION('center_axis',(2.90256707558011E-12,-1.,0.));
#3731=DIRECTION('ref_axis',(1.,2.90256707558011E-12,0.));
#3732=DIRECTION('',(0.,0.,1.));
#3733=DIRECTION('center_axis',(-1.,-4.95307498719452E-13,0.));
#3734=DIRECTION('ref_axis',(4.95307498719452E-13,-1.,0.));
#3735=DIRECTION('center_axis',(-1.,0.,0.));
#3736=DIRECTION('ref_axis',(0.,-1.,0.));
#3737=DIRECTION('center_axis',(1.,1.09904092221886E-14,0.));
#3738=DIRECTION('ref_axis',(-1.09904092221886E-14,1.,0.));
#3739=DIRECTION('center_axis',(1.,-1.42315788783269E-12,0.));
#3740=DIRECTION('ref_axis',(1.42315788783269E-12,1.,0.));
#3741=DIRECTION('',(0.,0.,1.));
#3742=DIRECTION('',(0.,0.,1.));
#3743=DIRECTION('center_axis',(-6.48370246390054E-13,-1.,0.));
#3744=DIRECTION('ref_axis',(1.,-6.48370246390054E-13,0.));
#3745=DIRECTION('',(1.,-6.48370246390054E-13,0.));
#3746=DIRECTION('center_axis',(5.44749430755185E-13,1.,0.));
#3747=DIRECTION('ref_axis',(-1.,5.44749430755185E-13,0.));
#3748=DIRECTION('',(1.,1.7378691078983E-12,0.));
#3749=DIRECTION('center_axis',(0.,0.,1.));
#3750=DIRECTION('ref_axis',(1.,0.,0.));
#3751=DIRECTION('center_axis',(0.,0.707106781186549,-0.707106781186546));
#3752=DIRECTION('ref_axis',(-1.,0.,0.));
#3753=DIRECTION('',(0.577350269189632,-0.577350269189622,-0.577350269189624));
#3754=DIRECTION('',(-1.,0.,0.));
#3755=DIRECTION('',(0.577350269189625,0.577350269189625,0.577350269189627));
#3756=DIRECTION('center_axis',(0.,-0.707106781186549,-0.707106781186546));
#3757=DIRECTION('ref_axis',(-1.,0.,0.));
#3758=DIRECTION('',(1.,0.,0.));
#3759=DIRECTION('',(-0.577350269189632,-0.577350269189622,0.577350269189624));
#3760=DIRECTION('',(0.577350269189625,-0.577350269189625,0.577350269189627));
#3761=DIRECTION('center_axis',(-0.707106781186543,0.,-0.707106781186553));
#3762=DIRECTION('ref_axis',(-0.707106781186553,0.,0.707106781186543));
#3763=DIRECTION('',(0.,-1.,0.));
#3764=DIRECTION('center_axis',(0.707106781186549,0.,-0.707106781186546));
#3765=DIRECTION('ref_axis',(-0.707106781186546,0.,-0.707106781186549));
#3766=DIRECTION('',(0.,1.,0.));
#3767=DIRECTION('center_axis',(0.,0.,1.));
#3768=DIRECTION('ref_axis',(1.,0.,0.));
#3769=DIRECTION('',(2.14387894410375E-16,1.,0.));
#3770=DIRECTION('',(1.,1.18423789293351E-14,0.));
#3771=DIRECTION('center_axis',(-1.,2.14387894410375E-16,0.));
#3772=DIRECTION('ref_axis',(-2.14387894410375E-16,-1.,0.));
#3773=DIRECTION('center_axis',(0.,1.,0.));
#3774=DIRECTION('ref_axis',(-1.,0.,0.));
#3775=DIRECTION('center_axis',(0.857492925712544,-1.36979624399893E-16,
-0.514495755427526));
#3776=DIRECTION('ref_axis',(-0.514495755427526,0.,-0.857492925712544));
#3777=DIRECTION('',(1.59744320089951E-16,1.,0.));
#3778=DIRECTION('',(0.457495710997813,-0.457495710997814,0.762492851663024));
#3779=DIRECTION('',(1.59744320089951E-16,1.,0.));
#3780=DIRECTION('',(0.457495710997814,0.457495710997815,0.762492851663023));
#3781=DIRECTION('center_axis',(4.45384041908423E-17,-0.857492925712544,
-0.514495755427527));
#3782=DIRECTION('ref_axis',(-1.,0.,-8.65670974366592E-17));
#3783=DIRECTION('',(1.,5.19402584619956E-17,0.));
#3784=DIRECTION('',(-0.45749571099781,-0.457495710997816,0.762492851663024));
#3785=DIRECTION('',(1.,5.19402584619956E-17,0.));
#3786=DIRECTION('center_axis',(-0.857492925712544,-9.42419815871263E-15,
-0.514495755427527));
#3787=DIRECTION('ref_axis',(-0.514495755427527,0.,0.857492925712544));
#3788=DIRECTION('',(1.09904092221886E-14,-1.,0.));
#3789=DIRECTION('',(-0.457495710997817,0.457495710997814,0.762492851663022));
#3790=DIRECTION('',(1.09904092221886E-14,-1.,0.));
#3791=DIRECTION('center_axis',(0.,0.857492925712544,-0.514495755427527));
#3792=DIRECTION('ref_axis',(-1.,0.,0.));
#3793=DIRECTION('',(-1.,0.,0.));
#3794=DIRECTION('',(-1.,0.,0.));
#3795=DIRECTION('center_axis',(0.,0.,-1.));
#3796=DIRECTION('ref_axis',(-1.,0.,0.));
#3797=DIRECTION('',(2.05869170129168E-16,1.,0.));
#3798=DIRECTION('',(1.,0.,0.));
#3799=DIRECTION('',(1.05875573209286E-14,-1.,0.));
#3800=DIRECTION('',(-1.,0.,0.));
#3801=DIRECTION('center_axis',(0.,-0.707106781186552,-0.707106781186543));
#3802=DIRECTION('ref_axis',(-1.,0.,0.));
#3803=DIRECTION('',(-0.577350269189602,-0.577350269189634,0.577350269189641));
#3804=DIRECTION('',(1.,0.,0.));
#3805=DIRECTION('',(-0.577350269189628,0.577350269189621,-0.577350269189628));
#3806=DIRECTION('',(-1.,0.,0.));
#3807=DIRECTION('center_axis',(0.,0.,1.));
#3808=DIRECTION('ref_axis',(1.,0.,0.));
#3809=DIRECTION('',(0.707106781186527,0.707106781186568,0.));
#3810=DIRECTION('',(-1.,0.,0.));
#3811=DIRECTION('',(0.707106781186551,-0.707106781186544,0.));
#3812=DIRECTION('center_axis',(0.,-0.707106781186552,-0.707106781186543));
#3813=DIRECTION('ref_axis',(-1.,0.,0.));
#3814=DIRECTION('',(-0.577350269189515,-0.577350269189678,0.577350269189685));
#3815=DIRECTION('',(1.,0.,0.));
#3816=DIRECTION('',(-0.577350269189793,0.577350269189538,-0.577350269189546));
#3817=DIRECTION('',(-1.,0.,0.));
#3818=DIRECTION('center_axis',(0.,0.,1.));
#3819=DIRECTION('ref_axis',(1.,0.,0.));
#3820=DIRECTION('',(-0.707106781186448,-0.707106781186647,0.));
#3821=DIRECTION('',(-1.,0.,0.));
#3822=DIRECTION('',(-0.707106781186704,0.707106781186392,0.));
#3823=DIRECTION('center_axis',(0.,0.707106781186542,-0.707106781186553));
#3824=DIRECTION('ref_axis',(-1.,0.,0.));
#3825=DIRECTION('',(0.577350269189797,0.577350269189544,0.577350269189536));
#3826=DIRECTION('',(-1.,0.,0.));
#3827=DIRECTION('',(0.577350269189519,-0.577350269189683,-0.577350269189675));
#3828=DIRECTION('',(1.,0.,0.));
#3829=DIRECTION('center_axis',(0.,0.,1.));
#3830=DIRECTION('ref_axis',(1.,0.,0.));
#3831=DIRECTION('',(0.707106781186702,0.707106781186393,0.));
#3832=DIRECTION('',(1.,0.,0.));
#3833=DIRECTION('',(0.707106781186447,-0.707106781186648,0.));
#3834=DIRECTION('center_axis',(0.,0.707106781186542,-0.707106781186553));
#3835=DIRECTION('ref_axis',(-1.,0.,0.));
#3836=DIRECTION('',(0.577350269189631,0.577350269189627,0.577350269189619));
#3837=DIRECTION('',(-1.,0.,0.));
#3838=DIRECTION('',(0.577350269189605,-0.57735026918964,-0.577350269189632));
#3839=DIRECTION('',(1.,0.,0.));
#3840=DIRECTION('center_axis',(0.,0.,1.));
#3841=DIRECTION('ref_axis',(1.,0.,0.));
#3842=DIRECTION('',(0.70710678118655,0.707106781186545,0.));
#3843=DIRECTION('',(1.,0.,0.));
#3844=DIRECTION('',(0.707106781186526,-0.70710678118657,0.));
#3845=DIRECTION('center_axis',(0.707106781186392,0.707106781186704,0.));
#3846=DIRECTION('ref_axis',(0.707106781186704,-0.707106781186392,0.));
#3847=DIRECTION('',(0.,0.,-1.));
#3848=DIRECTION('',(0.577350269189794,-0.57735026918954,0.577350269189543));
#3849=DIRECTION('',(0.,0.,1.));
#3850=DIRECTION('',(-0.577350269189794,0.57735026918954,0.577350269189543));
#3851=DIRECTION('',(0.707106781186704,-0.707106781186392,0.));
#3852=DIRECTION('center_axis',(0.707106781186544,0.707106781186551,0.));
#3853=DIRECTION('ref_axis',(0.707106781186551,-0.707106781186544,0.));
#3854=DIRECTION('',(0.,0.,-1.));
#3855=DIRECTION('',(0.577350269189629,-0.577350269189622,0.577350269189626));
#3856=DIRECTION('',(0.,0.,-1.));
#3857=DIRECTION('',(0.577350269189629,-0.577350269189622,-0.577350269189626));
#3858=DIRECTION('',(0.707106781186551,-0.707106781186544,0.));
#3859=DIRECTION('center_axis',(-0.707106781186648,-0.707106781186447,0.));
#3860=DIRECTION('ref_axis',(-0.707106781186447,0.707106781186648,0.));
#3861=DIRECTION('',(0.,0.,-1.));
#3862=DIRECTION('',(0.577350269189512,-0.577350269189676,-0.577350269189689));
#3863=DIRECTION('',(0.,0.,-1.));
#3864=DIRECTION('',(-0.577350269189512,0.577350269189676,-0.577350269189689));
#3865=DIRECTION('',(-0.707106781186447,0.707106781186648,0.));
#3866=DIRECTION('center_axis',(0.,-0.707106781186555,-0.70710678118654));
#3867=DIRECTION('ref_axis',(-1.,0.,0.));
#3868=DIRECTION('',(0.577350269189598,-0.577350269189634,0.577350269189646));
#3869=DIRECTION('',(1.,0.,0.));
#3870=DIRECTION('',(0.577350269189625,0.57735026918962,-0.577350269189633));
#3871=DIRECTION('',(-1.,0.,0.));
#3872=DIRECTION('center_axis',(-0.70710678118657,-0.707106781186526,0.));
#3873=DIRECTION('ref_axis',(-0.707106781186526,0.70710678118657,0.));
#3874=DIRECTION('',(0.,0.,-1.));
#3875=DIRECTION('',(0.577350269189598,-0.577350269189634,-0.577350269189646));
#3876=DIRECTION('',(0.,0.,1.));
#3877=DIRECTION('',(-0.707106781186526,0.70710678118657,0.));
#3878=DIRECTION('center_axis',(0.,-1.,0.));
#3879=DIRECTION('ref_axis',(-1.,0.,0.));
#3880=DIRECTION('',(1.,0.,0.));
#3881=DIRECTION('',(0.,0.,-1.));
#3882=DIRECTION('center_axis',(0.,-0.707106781186555,0.70710678118654));
#3883=DIRECTION('ref_axis',(1.,0.,0.));
#3884=DIRECTION('',(0.577350269189625,0.57735026918962,0.577350269189633));
#3885=DIRECTION('center_axis',(0.,-0.707106781186555,-0.70710678118654));
#3886=DIRECTION('ref_axis',(-1.,0.,0.));
#3887=DIRECTION('',(0.57735026918979,0.577350269189537,-0.57735026918955));
#3888=DIRECTION('',(-1.,0.,0.));
#3889=DIRECTION('',(1.,0.,0.));
#3890=DIRECTION('center_axis',(0.,-1.,0.));
#3891=DIRECTION('ref_axis',(-1.,0.,0.));
#3892=DIRECTION('',(1.,0.,0.));
#3893=DIRECTION('',(0.,0.,-1.));
#3894=DIRECTION('center_axis',(0.,-0.707106781186555,0.70710678118654));
#3895=DIRECTION('ref_axis',(1.,0.,0.));
#3896=DIRECTION('',(-0.57735026918979,-0.577350269189537,-0.57735026918955));
#3897=DIRECTION('center_axis',(0.,0.70710678118655,-0.707106781186545));
#3898=DIRECTION('ref_axis',(-1.,0.,0.));
#3899=DIRECTION('',(-0.577350269189603,-0.577350269189636,-0.577350269189639));
#3900=DIRECTION('',(1.,0.,0.));
#3901=DIRECTION('',(1.,0.,0.));
#3902=DIRECTION('center_axis',(0.,1.,0.));
#3903=DIRECTION('ref_axis',(1.,0.,0.));
#3904=DIRECTION('',(1.,0.,0.));
#3905=DIRECTION('',(0.,0.,-1.));
#3906=DIRECTION('center_axis',(0.,0.70710678118655,0.707106781186545));
#3907=DIRECTION('ref_axis',(1.,0.,0.));
#3908=DIRECTION('',(0.577350269189603,0.577350269189636,-0.577350269189639));
#3909=DIRECTION('center_axis',(0.,0.70710678118655,-0.707106781186545));
#3910=DIRECTION('ref_axis',(-1.,0.,0.));
#3911=DIRECTION('',(-1.,0.,0.));
#3912=DIRECTION('',(0.577350269189516,0.577350269189679,0.577350269189682));
#3913=DIRECTION('',(1.,0.,0.));
#3914=DIRECTION('center_axis',(0.,1.,0.));
#3915=DIRECTION('ref_axis',(1.,0.,0.));
#3916=DIRECTION('',(-1.,0.,0.));
#3917=DIRECTION('',(0.,0.,1.));
#3918=DIRECTION('center_axis',(0.,0.70710678118655,0.707106781186545));
#3919=DIRECTION('ref_axis',(1.,0.,0.));
#3920=DIRECTION('',(-0.577350269189516,-0.577350269189679,0.577350269189682));
#3921=DIRECTION('center_axis',(-0.707106781186647,0.707106781186448,0.));
#3922=DIRECTION('ref_axis',(0.707106781186448,0.707106781186647,0.));
#3923=DIRECTION('',(0.,0.,1.));
#3924=DIRECTION('',(0.707106781186448,0.707106781186647,0.));
#3925=DIRECTION('center_axis',(0.707106781186393,-0.707106781186702,0.));
#3926=DIRECTION('ref_axis',(-0.707106781186702,-0.707106781186393,0.));
#3927=DIRECTION('',(0.,0.,1.));
#3928=DIRECTION('',(-0.707106781186702,-0.707106781186393,0.));
#3929=DIRECTION('center_axis',(-0.707106781186568,0.707106781186527,0.));
#3930=DIRECTION('ref_axis',(0.707106781186527,0.707106781186568,0.));
#3931=DIRECTION('',(0.,0.,1.));
#3932=DIRECTION('',(0.707106781186527,0.707106781186568,0.));
#3933=DIRECTION('center_axis',(0.707106781186545,-0.70710678118655,0.));
#3934=DIRECTION('ref_axis',(-0.70710678118655,-0.707106781186545,0.));
#3935=DIRECTION('',(0.,0.,1.));
#3936=DIRECTION('',(-0.70710678118655,-0.707106781186545,0.));
#3937=DIRECTION('center_axis',(0.,-1.,0.));
#3938=DIRECTION('ref_axis',(1.,0.,0.));
#3939=DIRECTION('',(-1.,0.,0.));
#3940=DIRECTION('',(-1.,0.,0.));
#3941=DIRECTION('',(0.,0.,1.));
#3942=DIRECTION('',(1.,0.,0.));
#3943=DIRECTION('',(0.,0.,1.));
#3944=DIRECTION('',(-1.,0.,0.));
#3945=DIRECTION('center_axis',(0.,1.,0.));
#3946=DIRECTION('ref_axis',(-1.,0.,0.));
#3947=DIRECTION('',(1.,0.,0.));
#3948=DIRECTION('',(1.,0.,0.));
#3949=DIRECTION('',(0.,0.,1.));
#3950=DIRECTION('',(-1.,-1.18423789293351E-14,0.));
#3951=DIRECTION('',(0.,0.,-1.));
#3952=DIRECTION('',(1.,0.,0.));
#3953=DIRECTION('center_axis',(-1.,-1.0535633668167E-14,0.));
#3954=DIRECTION('ref_axis',(1.0535633668167E-14,-1.,0.));
#3955=DIRECTION('',(-1.01712200673174E-29,9.65411325761005E-16,1.));
#3956=DIRECTION('center_axis',(-1.,-1.0535633668167E-14,0.));
#3957=DIRECTION('ref_axis',(0.,-0.70710678118655,-0.707106781186545));
#3958=DIRECTION('',(1.0535633668167E-14,-1.,0.));
#3959=DIRECTION('center_axis',(-1.,-1.0535633668167E-14,0.));
#3960=DIRECTION('ref_axis',(0.,0.707106781186548,-0.707106781186547));
#3961=DIRECTION('',(-5.08561003365869E-30,4.82705662880503E-16,-1.));
#3962=DIRECTION('',(1.0535633668167E-14,-1.,0.));
#3963=DIRECTION('',(-1.0535633668167E-14,1.,0.));
#3964=DIRECTION('',(1.0535633668167E-14,-1.,0.));
#3965=DIRECTION('center_axis',(0.,1.,4.82705662880503E-16));
#3966=DIRECTION('ref_axis',(0.,4.82705662880503E-16,-1.));
#3967=DIRECTION('',(-1.,0.,0.));
#3968=DIRECTION('',(-5.11067387488418E-30,4.82705662880503E-16,-1.));
#3969=DIRECTION('',(1.,0.,0.));
#3970=DIRECTION('center_axis',(-1.,0.,0.));
#3971=DIRECTION('ref_axis',(0.,0.707106781186548,-0.707106781186547));
#3972=DIRECTION('',(1.,0.,0.));
#3973=DIRECTION('center_axis',(1.,1.05875573209286E-14,0.));
#3974=DIRECTION('ref_axis',(0.,0.707106781186548,-0.707106781186547));
#3975=DIRECTION('center_axis',(0.,0.,-1.));
#3976=DIRECTION('ref_axis',(0.,-1.,0.));
#3977=DIRECTION('',(-1.,0.,0.));
#3978=DIRECTION('',(1.05875573209286E-14,-1.,0.));
#3979=DIRECTION('center_axis',(-1.,0.,0.));
#3980=DIRECTION('ref_axis',(0.,-0.70710678118655,-0.707106781186545));
#3981=DIRECTION('',(1.,0.,0.));
#3982=DIRECTION('center_axis',(1.,1.05875573209286E-14,0.));
#3983=DIRECTION('ref_axis',(0.,-0.70710678118655,-0.707106781186545));
#3984=DIRECTION('center_axis',(0.,-1.,9.65411325761005E-16));
#3985=DIRECTION('ref_axis',(0.,9.65411325761005E-16,1.));
#3986=DIRECTION('',(-1.,0.,0.));
#3987=DIRECTION('',(-1.02213477497684E-29,9.65411325761005E-16,1.));
#3988=DIRECTION('center_axis',(0.,0.,1.));
#3989=DIRECTION('ref_axis',(1.,0.,0.));
#3990=DIRECTION('',(-1.05875573209286E-14,1.,0.));
#3991=DIRECTION('',(-1.,0.,0.));
#3992=DIRECTION('',(-2.05869170129168E-16,-1.,0.));
#3993=DIRECTION('',(1.,0.,0.));
#3994=DIRECTION('',(-1.05875573209286E-14,1.,0.));
#3995=DIRECTION('',(2.14387894410375E-16,1.,0.));
#3996=DIRECTION('center_axis',(1.,-2.14387894410375E-16,0.));
#3997=DIRECTION('ref_axis',(2.14387894410375E-16,1.,0.));
#3998=DIRECTION('',(-2.14387894410375E-16,-1.,0.));
#3999=DIRECTION('center_axis',(0.,-1.,0.));
#4000=DIRECTION('ref_axis',(-1.,0.,0.));
#4001=DIRECTION('',(0.,0.,1.));
#4002=DIRECTION('',(0.,0.,1.));
#4003=DIRECTION('center_axis',(1.,1.05875573209286E-14,0.));
#4004=DIRECTION('ref_axis',(1.05875573209286E-14,-1.,0.));
#4005=DIRECTION('',(0.,0.,1.));
#4006=DIRECTION('center_axis',(0.,1.,0.));
#4007=DIRECTION('ref_axis',(1.,0.,0.));
#4008=DIRECTION('',(0.,0.,-1.));
#4009=DIRECTION('center_axis',(-1.,2.05869170129168E-16,0.));
#4010=DIRECTION('ref_axis',(2.05869170129168E-16,1.,0.));
#4011=DIRECTION('center_axis',(0.,0.,1.));
#4012=DIRECTION('ref_axis',(1.,0.,0.));
#4013=CARTESIAN_POINT('',(0.,0.,0.));
#4014=CARTESIAN_POINT('Origin',(31.7500000000011,-118.65,0.15));
#4015=CARTESIAN_POINT('',(-7.49999999999999,-118.8,0.3));
#4016=CARTESIAN_POINT('',(-7.79999999999996,-118.5,0.));
#4017=CARTESIAN_POINT('',(-0.891666666667099,-125.408333333333,6.90833333333343));
#4018=CARTESIAN_POINT('',(2.80000000000001,-118.5,0.));
#4019=CARTESIAN_POINT('',(31.7500000000011,-118.5,0.));
#4020=CARTESIAN_POINT('',(2.50000000000001,-118.8,0.3));
#4021=CARTESIAN_POINT('',(7.8083333333335,-113.491666666667,-5.00833333333357));
#4022=CARTESIAN_POINT('',(31.7500000000011,-118.8,0.3));
#4023=CARTESIAN_POINT('Origin',(-7.49999999999999,-118.8,1.));
#4024=CARTESIAN_POINT('',(-7.49999999999999,-118.8,0.7));
#4025=CARTESIAN_POINT('',(-7.49999999999999,-118.8,1.));
#4026=CARTESIAN_POINT('',(-7.79999999999996,-118.5,1.));
#4027=CARTESIAN_POINT('',(-1.05833333333377,-125.241666666667,-5.74166666666675));
#4028=CARTESIAN_POINT('',(-8.9999999999999,-117.3,1.));
#4029=CARTESIAN_POINT('',(-7.49999999999999,-118.8,1.));
#4030=CARTESIAN_POINT('',(-8.9999999999999,-117.3,0.));
#4031=CARTESIAN_POINT('',(-8.9999999999999,-117.3,0.5));
#4032=CARTESIAN_POINT('',(-7.49999999999999,-118.8,0.));
#4033=CARTESIAN_POINT('Origin',(2.50000000000001,-118.8,1.));
#4034=CARTESIAN_POINT('',(2.50000000000001,-118.8,0.7));
#4035=CARTESIAN_POINT('',(2.50000000000001,-118.8,1.));
#4036=CARTESIAN_POINT('',(31.7500000000011,-118.8,0.7));
#4037=CARTESIAN_POINT('Origin',(31.7500000000011,-118.65,0.85));
#4038=CARTESIAN_POINT('',(2.80000000000001,-118.5,1.));
#4039=CARTESIAN_POINT('',(7.97500000000017,-113.325,6.17500000000024));
#4040=CARTESIAN_POINT('',(31.7500000000011,-118.5,1.));
#4041=CARTESIAN_POINT('Origin',(95.1500000000019,-118.65,0.15));
#4042=CARTESIAN_POINT('',(129.600000000002,-118.5,0.));
#4043=CARTESIAN_POINT('',(129.300000000002,-118.8,0.3));
#4044=CARTESIAN_POINT('',(124.041666666665,-124.058333333334,5.55833333333405));
#4045=CARTESIAN_POINT('',(119.300000000002,-118.8,0.3));
#4046=CARTESIAN_POINT('',(95.1500000000019,-118.8,0.3));
#4047=CARTESIAN_POINT('',(119.000000000002,-118.5,0.));
#4048=CARTESIAN_POINT('',(115.34166666667,-114.841666666667,-3.65833333333291));
#4049=CARTESIAN_POINT('',(95.1500000000019,-118.5,0.));
#4050=CARTESIAN_POINT('Origin',(119.300000000002,-118.8,1.));
#4051=CARTESIAN_POINT('',(119.300000000002,-118.8,0.7));
#4052=CARTESIAN_POINT('',(119.300000000002,-118.8,1.));
#4053=CARTESIAN_POINT('',(119.000000000002,-118.5,1.));
#4054=CARTESIAN_POINT('',(115.175000000003,-114.675,4.82499999999961));
#4055=CARTESIAN_POINT('',(117.800000000002,-117.3,1.));
#4056=CARTESIAN_POINT('',(119.300000000002,-118.8,1.));
#4057=CARTESIAN_POINT('',(117.800000000002,-117.3,0.));
#4058=CARTESIAN_POINT('',(117.800000000002,-117.3,0.5));
#4059=CARTESIAN_POINT('',(119.300000000002,-118.8,0.));
#4060=CARTESIAN_POINT('Origin',(129.300000000002,-118.8,1.));
#4061=CARTESIAN_POINT('',(129.300000000002,-118.8,0.7));
#4062=CARTESIAN_POINT('',(129.300000000002,-118.8,1.));
#4063=CARTESIAN_POINT('',(95.1500000000019,-118.8,0.7));
#4064=CARTESIAN_POINT('Origin',(95.1500000000019,-118.65,0.85));
#4065=CARTESIAN_POINT('',(129.600000000002,-118.5,1.));
#4066=CARTESIAN_POINT('',(124.208333333332,-123.891666666667,-4.39166666666743));
#4067=CARTESIAN_POINT('',(95.1500000000019,-118.5,1.));
#4068=CARTESIAN_POINT('Origin',(26.7500000000011,28.65,0.15));
#4069=CARTESIAN_POINT('',(-7.79999999999997,28.5,0.));
#4070=CARTESIAN_POINT('',(-7.49999999999999,28.8,0.3));
#4071=CARTESIAN_POINT('',(-2.22500000000023,34.0750000000001,5.5750000000001));
#4072=CARTESIAN_POINT('',(2.50000000000001,28.8,0.3));
#4073=CARTESIAN_POINT('',(26.7500000000011,28.8,0.3));
#4074=CARTESIAN_POINT('',(2.80000000000001,28.5,0.));
#4075=CARTESIAN_POINT('',(6.47500000000024,24.8249999999998,-3.67500000000021));
#4076=CARTESIAN_POINT('',(26.7500000000011,28.5,0.));
#4077=CARTESIAN_POINT('Origin',(2.50000000000001,28.8,1.));
#4078=CARTESIAN_POINT('',(2.50000000000001,28.8,0.7));
#4079=CARTESIAN_POINT('',(2.50000000000001,28.8,1.));
#4080=CARTESIAN_POINT('',(2.80000000000001,28.5,1.));
#4081=CARTESIAN_POINT('',(6.6416666666669,24.6583333333332,4.84166666666687));
#4082=CARTESIAN_POINT('',(4.00000000000002,27.3,1.));
#4083=CARTESIAN_POINT('',(2.50000000000001,28.8,1.));
#4084=CARTESIAN_POINT('',(4.00000000000003,27.3,0.));
#4085=CARTESIAN_POINT('',(4.00000000000003,27.3,0.5));
#4086=CARTESIAN_POINT('',(2.50000000000001,28.8,0.));
#4087=CARTESIAN_POINT('Origin',(-7.49999999999999,28.8,1.));
#4088=CARTESIAN_POINT('',(-7.49999999999999,28.8,0.7));
#4089=CARTESIAN_POINT('',(-7.49999999999999,28.8,1.));
#4090=CARTESIAN_POINT('',(26.7500000000011,28.8,0.7));
#4091=CARTESIAN_POINT('Origin',(26.7500000000011,28.65,0.85));
#4092=CARTESIAN_POINT('',(-7.79999999999997,28.5,1.));
#4093=CARTESIAN_POINT('',(-2.39166666666689,33.9083333333334,-4.40833333333343));
#4094=CARTESIAN_POINT('',(26.7500000000011,28.5,1.));
#4095=CARTESIAN_POINT('Origin',(90.1500000000019,28.65,0.15));
#4096=CARTESIAN_POINT('',(129.300000000002,28.8,0.3));
#4097=CARTESIAN_POINT('',(129.600000000002,28.5,0.));
#4098=CARTESIAN_POINT('',(122.708333333331,35.3916666666675,6.89166666666756));
#4099=CARTESIAN_POINT('',(119.000000000002,28.5,0.));
#4100=CARTESIAN_POINT('',(90.1500000000019,28.5,0.));
#4101=CARTESIAN_POINT('',(119.300000000002,28.8,0.3));
#4102=CARTESIAN_POINT('',(114.008333333337,23.5083333333339,-4.9916666666661));
#4103=CARTESIAN_POINT('',(90.1500000000019,28.8,0.3));
#4104=CARTESIAN_POINT('Origin',(129.300000000002,28.8,1.));
#4105=CARTESIAN_POINT('',(129.300000000002,28.8,0.7));
#4106=CARTESIAN_POINT('',(129.300000000002,28.8,1.));
#4107=CARTESIAN_POINT('',(129.600000000002,28.5,1.));
#4108=CARTESIAN_POINT('',(122.874999999998,35.2250000000009,-5.72500000000094));
#4109=CARTESIAN_POINT('',(130.800000000002,27.3,1.));
#4110=CARTESIAN_POINT('',(129.300000000002,28.8,1.));
#4111=CARTESIAN_POINT('',(130.800000000002,27.3,0.));
#4112=CARTESIAN_POINT('',(130.800000000002,27.3,0.5));
#4113=CARTESIAN_POINT('',(129.300000000002,28.8,0.));
#4114=CARTESIAN_POINT('Origin',(119.300000000002,28.8,1.));
#4115=CARTESIAN_POINT('',(119.300000000002,28.8,0.7));
#4116=CARTESIAN_POINT('',(119.300000000002,28.8,1.));
#4117=CARTESIAN_POINT('',(90.1500000000019,28.8,0.7));
#4118=CARTESIAN_POINT('Origin',(90.1500000000019,28.65,0.85));
#4119=CARTESIAN_POINT('',(119.000000000002,28.5,1.));
#4120=CARTESIAN_POINT('',(113.84166666667,23.3416666666672,6.1583333333328));
#4121=CARTESIAN_POINT('',(90.1500000000019,28.5,1.));
#4122=CARTESIAN_POINT('Origin',(117.800000000002,27.3,1.));
#4123=CARTESIAN_POINT('',(117.800000000002,27.3,0.));
#4124=CARTESIAN_POINT('',(119.300000000002,28.8,0.));
#4125=CARTESIAN_POINT('',(117.800000000002,27.3,1.));
#4126=CARTESIAN_POINT('',(117.800000000002,27.3,0.5));
#4127=CARTESIAN_POINT('',(119.300000000002,28.8,1.));
#4128=CARTESIAN_POINT('Origin',(149.5,27.3,0.));
#4129=CARTESIAN_POINT('',(149.3,27.3,0.));
#4130=CARTESIAN_POINT('',(149.3,27.3,1.));
#4131=CARTESIAN_POINT('Origin',(130.800000000002,-117.3,1.));
#4132=CARTESIAN_POINT('',(130.800000000002,-117.3,0.));
#4133=CARTESIAN_POINT('',(129.300000000002,-118.8,0.));
#4134=CARTESIAN_POINT('',(130.800000000002,-117.3,1.));
#4135=CARTESIAN_POINT('',(130.800000000002,-117.3,0.5));
#4136=CARTESIAN_POINT('',(129.300000000002,-118.8,1.));
#4137=CARTESIAN_POINT('Origin',(-27.5,-117.3,0.));
#4138=CARTESIAN_POINT('',(150.050000000002,-117.3,0.));
#4139=CARTESIAN_POINT('',(16.7500000000011,-117.3,0.));
#4140=CARTESIAN_POINT('',(150.050000000002,-117.3,1.));
#4141=CARTESIAN_POINT('',(150.050000000002,-117.3,0.));
#4142=CARTESIAN_POINT('',(16.7500000000011,-117.3,1.));
#4143=CARTESIAN_POINT('Origin',(-27.5,-117.3,0.));
#4144=CARTESIAN_POINT('',(4.00000000000003,-117.3,1.));
#4145=CARTESIAN_POINT('',(16.7500000000011,-117.3,1.));
#4146=CARTESIAN_POINT('',(4.00000000000003,-117.3,0.));
#4147=CARTESIAN_POINT('',(4.00000000000004,-117.3,0.5));
#4148=CARTESIAN_POINT('',(16.7500000000011,-117.3,0.));
#4149=CARTESIAN_POINT('Origin',(-8.9999999999999,27.3,1.));
#4150=CARTESIAN_POINT('',(-8.9999999999999,27.3,0.));
#4151=CARTESIAN_POINT('',(-7.49999999999999,28.8,0.));
#4152=CARTESIAN_POINT('',(-8.9999999999999,27.3,1.));
#4153=CARTESIAN_POINT('',(-8.99999999999989,27.3,0.5));
#4154=CARTESIAN_POINT('',(-7.49999999999999,28.8,1.));
#4155=CARTESIAN_POINT('Origin',(149.5,27.3,0.));
#4156=CARTESIAN_POINT('',(-27.3,27.3,0.));
#4157=CARTESIAN_POINT('',(149.3,27.3,0.));
#4158=CARTESIAN_POINT('',(-27.3,27.3,1.));
#4159=CARTESIAN_POINT('',(-27.3,27.3,0.));
#4160=CARTESIAN_POINT('',(149.3,27.3,1.));
#4161=CARTESIAN_POINT('Origin',(4.00000000000003,-117.3,1.));
#4162=CARTESIAN_POINT('',(2.50000000000001,-118.8,0.));
#4163=CARTESIAN_POINT('',(2.50000000000001,-118.8,1.));
#4164=CARTESIAN_POINT('Origin',(-27.5,-117.3,0.));
#4165=CARTESIAN_POINT('',(-27.3,-117.3,1.));
#4166=CARTESIAN_POINT('',(16.7500000000011,-117.3,1.));
#4167=CARTESIAN_POINT('',(-27.3,-117.3,0.));
#4168=CARTESIAN_POINT('',(-27.3,-117.3,0.));
#4169=CARTESIAN_POINT('',(16.7500000000011,-117.3,0.));
#4170=CARTESIAN_POINT('Origin',(150.050000000002,-117.5,0.));
#4171=CARTESIAN_POINT('',(150.05,27.3,0.));
#4172=CARTESIAN_POINT('',(150.050000000001,-81.2499999999995,0.));
#4173=CARTESIAN_POINT('',(150.05,27.3,1.));
#4174=CARTESIAN_POINT('',(150.05,27.3,0.));
#4175=CARTESIAN_POINT('',(150.050000000001,-81.2499999999995,1.));
#4176=CARTESIAN_POINT('Origin',(104.999999999988,-100.849999999991,5.05));
#4177=CARTESIAN_POINT('',(131.500000000001,-103.6,5.05));
#4178=CARTESIAN_POINT('',(131.500000000001,-100.85,7.8));
#4179=CARTESIAN_POINT('Origin',(131.500000000002,-100.85,5.05));
#4180=CARTESIAN_POINT('',(146.500000000001,-100.850000000006,7.8));
#4181=CARTESIAN_POINT('',(104.999999999988,-100.849999999991,7.8));
#4182=CARTESIAN_POINT('',(146.500000000001,-103.600000000006,5.05));
#4183=CARTESIAN_POINT('Origin',(146.500000000004,-100.850000000006,5.05));
#4184=CARTESIAN_POINT('',(104.999999999987,-103.599999999991,5.05));
#4185=CARTESIAN_POINT('Origin',(63.4999999999939,-44.9999999999879,7.8));
#4186=CARTESIAN_POINT('',(131.500000000001,-100.600000000055,7.8));
#4187=CARTESIAN_POINT('',(131.500000000001,-72.8000000000215,7.8));
#4188=CARTESIAN_POINT('',(146.500000000001,-100.600000000056,7.8));
#4189=CARTESIAN_POINT('',(104.999999999997,-100.600000000055,7.8));
#4190=CARTESIAN_POINT('',(146.500000000001,-74.2999999999969,7.8));
#4191=CARTESIAN_POINT('Origin',(67.9999999999963,-100.850000000002,5.05));
#4192=CARTESIAN_POINT('',(57.5000000000034,-103.600000000003,5.05));
#4193=CARTESIAN_POINT('',(57.5000000000252,-100.850000000003,7.8));
#4194=CARTESIAN_POINT('Origin',(57.5000000000362,-100.850000000003,5.05));
#4195=CARTESIAN_POINT('',(72.499999999977,-100.850000000002,7.8));
#4196=CARTESIAN_POINT('',(67.9999999999963,-100.850000000002,7.8));
#4197=CARTESIAN_POINT('',(72.4999999999974,-103.600000000002,5.05));
#4198=CARTESIAN_POINT('Origin',(72.4999999999839,-100.850000000002,5.05));
#4199=CARTESIAN_POINT('',(67.9999999999964,-103.600000000002,5.05));
#4200=CARTESIAN_POINT('Origin',(63.4999999999939,-44.9999999999879,7.8));
#4201=CARTESIAN_POINT('',(57.5000000000272,-100.600000000005,7.8));
#4202=CARTESIAN_POINT('',(57.5000000002473,-72.7999999999727,7.8));
#4203=CARTESIAN_POINT('',(72.4999999999752,-100.600000000003,7.8));
#4204=CARTESIAN_POINT('',(67.9999999999889,-100.600000000003,7.8));
#4205=CARTESIAN_POINT('',(72.4999999997806,-74.2999999999618,7.8));
#4206=CARTESIAN_POINT('Origin',(29.4999999999973,-100.85,5.05));
#4207=CARTESIAN_POINT('',(-16.7499999999992,-100.849999999998,7.8));
#4208=CARTESIAN_POINT('',(-4.49999999999682,-100.849999999998,7.8));
#4209=CARTESIAN_POINT('',(29.4999999999973,-100.85,7.8));
#4210=CARTESIAN_POINT('',(-4.49999999999653,-103.599999999998,5.05));
#4211=CARTESIAN_POINT('Origin',(-4.49999999998748,-100.849999999998,5.05));
#4212=CARTESIAN_POINT('',(-19.4999999999966,-103.599999999998,5.05));
#4213=CARTESIAN_POINT('',(29.4999999999972,-103.6,5.05));
#4214=CARTESIAN_POINT('Origin',(-16.7499999999992,-100.849999999998,5.05));
#4215=CARTESIAN_POINT('Origin',(-16.7500000000241,-74.3000000000291,5.05));
#4216=CARTESIAN_POINT('',(-19.5000000000078,-91.6000000000446,5.05));
#4217=CARTESIAN_POINT('',(-19.500000000024,-74.3000000000317,5.05));
#4218=CARTESIAN_POINT('',(-16.7500000000078,-91.6000000000446,7.8));
#4219=CARTESIAN_POINT('Origin',(-16.7500000000078,-91.600000000042,5.05));
#4220=CARTESIAN_POINT('',(-16.7500000000241,-74.3000000000291,7.8));
#4221=CARTESIAN_POINT('Origin',(63.4999999999939,-44.9999999999879,7.8));
#4222=CARTESIAN_POINT('',(-16.5000000000082,-91.6000000000446,7.8));
#4223=CARTESIAN_POINT('',(23.4999999999929,-91.6000000000446,7.8));
#4224=CARTESIAN_POINT('',(-16.5000000000183,-100.6,7.8));
#4225=CARTESIAN_POINT('',(-16.4999999999871,-72.7999999999489,7.8));
#4226=CARTESIAN_POINT('',(-4.49999999999685,-100.599999999998,7.8));
#4227=CARTESIAN_POINT('',(29.5000000000014,-100.599999999995,7.8));
#4228=CARTESIAN_POINT('',(-4.4999999999996,-74.2999999999967,7.8));
#4229=CARTESIAN_POINT('Origin',(-16.7500000000031,-48.7499999999311,5.05));
#4230=CARTESIAN_POINT('',(-19.4999999999871,-37.4999999999831,5.05));
#4231=CARTESIAN_POINT('',(-16.7499999999871,-37.4999999999783,7.8));
#4232=CARTESIAN_POINT('Origin',(-16.7499999999871,-37.4999999999884,5.05));
#4233=CARTESIAN_POINT('',(-16.7500000000085,-52.4999999999803,7.8));
#4234=CARTESIAN_POINT('',(-16.7500000000031,-48.7499999999311,7.8));
#4235=CARTESIAN_POINT('',(-19.5000000000085,-52.4999999999845,5.05));
#4236=CARTESIAN_POINT('Origin',(-16.7500000000085,-52.4999999999908,5.05));
#4237=CARTESIAN_POINT('',(-19.5000000000031,-48.7499999999272,5.05));
#4238=CARTESIAN_POINT('Origin',(63.4999999999939,-44.9999999999879,7.8));
#4239=CARTESIAN_POINT('',(-16.5000000000189,-37.4999999999778,7.8));
#4240=CARTESIAN_POINT('',(23.499999999981,-37.4999999999083,7.8));
#4241=CARTESIAN_POINT('',(-16.5000000000084,-52.4999999999799,7.8));
#4242=CARTESIAN_POINT('',(-16.500000000011,-48.7500000000117,7.8));
#4243=CARTESIAN_POINT('',(21.9999999999986,-52.49999999992,7.8));
#4244=CARTESIAN_POINT('Origin',(22.000000000086,10.8499999998917,5.05));
#4245=CARTESIAN_POINT('',(-19.499999999999,13.6000000000301,5.05));
#4246=CARTESIAN_POINT('',(-4.49999999999902,13.59999999998,5.05));
#4247=CARTESIAN_POINT('',(22.0000000000951,13.5999999998917,5.05));
#4248=CARTESIAN_POINT('',(-4.50000000000819,10.84999999998,7.8));
#4249=CARTESIAN_POINT('Origin',(-4.50000000000819,10.84999999998,5.05));
#4250=CARTESIAN_POINT('',(-16.7500000000132,10.8500000000209,7.8));
#4251=CARTESIAN_POINT('',(22.000000000086,10.8499999998917,7.8));
#4252=CARTESIAN_POINT('Origin',(-16.7500000000132,10.8500000000209,5.05));
#4253=CARTESIAN_POINT('Origin',(-16.7499999999469,-21.7000000000918,5.05));
#4254=CARTESIAN_POINT('',(-16.7499999999944,1.59999999996232,7.8));
#4255=CARTESIAN_POINT('',(-16.7499999999469,-21.7000000000918,7.8));
#4256=CARTESIAN_POINT('',(-19.4999999999944,1.59999999996233,5.05));
#4257=CARTESIAN_POINT('Origin',(-16.7499999999944,1.59999999997404,5.05));
#4258=CARTESIAN_POINT('',(-19.4999999999469,-21.7000000000974,5.05));
#4259=CARTESIAN_POINT('Origin',(-19.499999999999,13.6000000000301,1.));
#4260=CARTESIAN_POINT('',(-19.499999999999,13.6000000000301,1.));
#4261=CARTESIAN_POINT('',(-19.499999999999,13.6000000000301,1.));
#4262=CARTESIAN_POINT('',(-4.49999999999902,13.59999999998,1.));
#4263=CARTESIAN_POINT('',(20.7500000000993,13.5999999998959,1.));
#4264=CARTESIAN_POINT('',(-4.49999999999902,13.59999999998,1.));
#4265=CARTESIAN_POINT('Origin',(-19.4999999999944,1.59999999996233,1.));
#4266=CARTESIAN_POINT('',(-19.4999999999944,1.59999999996233,1.));
#4267=CARTESIAN_POINT('',(-19.4999999999944,1.59999999996233,1.));
#4268=CARTESIAN_POINT('',(-19.4999999999469,-21.7000000001009,1.));
#4269=CARTESIAN_POINT('Origin',(97.5000000000335,10.8500000000699,5.05));
#4270=CARTESIAN_POINT('',(146.5,13.600000000003,5.05));
#4271=CARTESIAN_POINT('',(146.5,10.8500000000029,7.8));
#4272=CARTESIAN_POINT('Origin',(146.499999999996,10.8500000000029,5.05));
#4273=CARTESIAN_POINT('',(131.5,10.8500000000234,7.8));
#4274=CARTESIAN_POINT('',(97.5000000000335,10.8500000000699,7.8));
#4275=CARTESIAN_POINT('',(131.5,13.600000000003,5.05));
#4276=CARTESIAN_POINT('Origin',(131.499999999993,10.8500000000234,5.05));
#4277=CARTESIAN_POINT('',(97.5000000000373,13.6000000000699,5.05));
#4278=CARTESIAN_POINT('Origin',(63.4999999999939,-44.9999999999879,7.8));
#4279=CARTESIAN_POINT('',(146.5,10.6000000000042,7.8));
#4280=CARTESIAN_POINT('',(146.500000000004,-17.1999999999872,7.8));
#4281=CARTESIAN_POINT('',(131.5,10.6000000000043,7.8));
#4282=CARTESIAN_POINT('',(97.4999999999972,10.6000000000043,7.8));
#4283=CARTESIAN_POINT('',(131.5,-15.6999999999924,7.8));
#4284=CARTESIAN_POINT('Origin',(60.5000000000428,10.8500000000239,5.05));
#4285=CARTESIAN_POINT('',(72.4999999999995,13.6000000000031,5.05));
#4286=CARTESIAN_POINT('',(72.4999999999993,10.8500000000031,7.8));
#4287=CARTESIAN_POINT('Origin',(72.4999999999947,10.8500000000031,5.05));
#4288=CARTESIAN_POINT('',(57.4999999999995,10.8500000000291,7.8));
#4289=CARTESIAN_POINT('',(60.5000000000428,10.8500000000239,7.8));
#4290=CARTESIAN_POINT('',(57.4999999999995,13.6000000000291,5.05));
#4291=CARTESIAN_POINT('Origin',(57.4999999999948,10.8500000000291,5.05));
#4292=CARTESIAN_POINT('',(60.5000000000476,13.6000000000239,5.05));
#4293=CARTESIAN_POINT('Origin',(63.4999999999939,-44.9999999999879,7.8));
#4294=CARTESIAN_POINT('',(72.4999999999993,10.600000000003,7.8));
#4295=CARTESIAN_POINT('',(72.499999999998,-17.1999999999927,7.8));
#4296=CARTESIAN_POINT('',(57.4999999999995,10.5999999999932,7.8));
#4297=CARTESIAN_POINT('',(60.4999999999784,10.5999999999951,7.8));
#4298=CARTESIAN_POINT('',(57.4999999999997,-15.6999999999794,7.8));
#4299=CARTESIAN_POINT('Origin',(61.999999999997,-45.0000000000203,9.3));
#4300=CARTESIAN_POINT('',(146.5,10.6000000000042,9.3));
#4301=CARTESIAN_POINT('',(146.5,16.6000000000032,9.3));
#4302=CARTESIAN_POINT('',(146.500000000004,-17.1999999999872,9.3));
#4303=CARTESIAN_POINT('',(131.5,16.6000000000025,9.3));
#4304=CARTESIAN_POINT('',(104.249999999999,16.6000000000032,9.3));
#4305=CARTESIAN_POINT('',(131.5,10.6000000000043,9.3));
#4306=CARTESIAN_POINT('',(131.5,-14.2000000000089,9.3));
#4307=CARTESIAN_POINT('',(97.4999999999972,10.6000000000043,9.3));
#4308=CARTESIAN_POINT('Origin',(61.999999999997,-45.0000000000203,9.3));
#4309=CARTESIAN_POINT('',(-4.50000000000903,10.59999999998,9.3));
#4310=CARTESIAN_POINT('',(-4.50000000000298,16.5999999999797,9.3));
#4311=CARTESIAN_POINT('',(-4.50000000010179,-17.1999999998905,9.3));
#4312=CARTESIAN_POINT('',(-22.499999999994,16.5999999999623,9.3));
#4313=CARTESIAN_POINT('',(28.7499999999672,16.6000000000118,9.3));
#4314=CARTESIAN_POINT('',(-22.499999999994,1.59999999996233,9.3));
#4315=CARTESIAN_POINT('',(-22.499999999994,-14.200000000029,9.3));
#4316=CARTESIAN_POINT('',(-16.4999999999947,1.59999999996233,9.3));
#4317=CARTESIAN_POINT('',(19.7500000000015,1.59999999996232,9.3));
#4318=CARTESIAN_POINT('',(-16.4999999999947,10.6000000000185,9.3));
#4319=CARTESIAN_POINT('',(-16.4999999999947,-21.7000000000128,9.3));
#4320=CARTESIAN_POINT('',(23.5000000000886,10.5999999998904,9.3));
#4321=CARTESIAN_POINT('Origin',(61.999999999997,-45.0000000000203,9.3));
#4322=CARTESIAN_POINT('',(72.499999999984,-106.600000000002,9.3));
#4323=CARTESIAN_POINT('',(72.4999999999752,-100.600000000003,9.3));
#4324=CARTESIAN_POINT('',(72.5000000001211,-75.8000000000347,9.3));
#4325=CARTESIAN_POINT('',(57.5000000000272,-100.600000000005,9.3));
#4326=CARTESIAN_POINT('',(67.9999999999889,-100.600000000003,9.3));
#4327=CARTESIAN_POINT('',(57.5000000000361,-106.600000000017,9.3));
#4328=CARTESIAN_POINT('',(57.5000000002473,-72.7999999999727,9.3));
#4329=CARTESIAN_POINT('',(59.7500000000469,-106.600000000015,9.3));
#4330=CARTESIAN_POINT('Origin',(61.999999999997,-45.0000000000203,9.3));
#4331=CARTESIAN_POINT('',(146.500000000001,-106.600000000006,9.3));
#4332=CARTESIAN_POINT('',(146.500000000001,-100.600000000056,9.3));
#4333=CARTESIAN_POINT('',(146.500000000001,-75.8000000000133,9.3));
#4334=CARTESIAN_POINT('',(131.500000000001,-100.600000000055,9.3));
#4335=CARTESIAN_POINT('',(104.999999999997,-100.600000000055,9.3));
#4336=CARTESIAN_POINT('',(131.500000000001,-106.599999999977,9.3));
#4337=CARTESIAN_POINT('',(131.500000000001,-72.8000000000215,9.3));
#4338=CARTESIAN_POINT('',(96.7499999999385,-106.599999999908,9.3));
#4339=CARTESIAN_POINT('Origin',(61.999999999997,-45.0000000000203,9.3));
#4340=CARTESIAN_POINT('',(-22.5000000000074,-91.6000000000446,9.3));
#4341=CARTESIAN_POINT('',(-22.5,-106.600000000044,9.3));
#4342=CARTESIAN_POINT('',(-22.500000000019,-68.3000000000534,9.3));
#4343=CARTESIAN_POINT('',(-4.49999999998778,-106.599999999998,9.3));
#4344=CARTESIAN_POINT('',(19.7500000000879,-106.599999999928,9.3));
#4345=CARTESIAN_POINT('',(-4.49999999999685,-100.599999999998,9.3));
#4346=CARTESIAN_POINT('',(-4.50000000007765,-75.8000000001062,9.3));
#4347=CARTESIAN_POINT('',(-16.5000000000183,-100.6,9.3));
#4348=CARTESIAN_POINT('',(29.5000000000014,-100.599999999995,9.3));
#4349=CARTESIAN_POINT('',(-16.5000000000082,-91.6000000000446,9.3));
#4350=CARTESIAN_POINT('',(-16.4999999999871,-72.7999999999489,9.3));
#4351=CARTESIAN_POINT('',(23.4999999999929,-91.6000000000446,9.3));
#4352=CARTESIAN_POINT('Origin',(61.999999999997,-45.0000000000203,9.3));
#4353=CARTESIAN_POINT('',(72.4999999999993,10.600000000003,9.3));
#4354=CARTESIAN_POINT('',(72.4999999999995,16.6000000000034,9.3));
#4355=CARTESIAN_POINT('',(72.499999999998,-17.1999999999927,9.3));
#4356=CARTESIAN_POINT('',(57.5000000000048,16.599999999995,9.3));
#4357=CARTESIAN_POINT('',(67.2499999999811,16.6000000000005,9.3));
#4358=CARTESIAN_POINT('',(57.4999999999995,10.5999999999932,9.3));
#4359=CARTESIAN_POINT('',(57.4999999999115,-14.2000000000058,9.3));
#4360=CARTESIAN_POINT('',(60.4999999999784,10.5999999999951,9.3));
#4361=CARTESIAN_POINT('Origin',(131.500000000001,-100.600000000055,8.8));
#4362=CARTESIAN_POINT('',(146.500000000001,-100.600000000056,8.8));
#4363=CARTESIAN_POINT('',(131.500000000001,-100.600000000055,8.8));
#4364=CARTESIAN_POINT('Origin',(146.500000000001,-103.600000000006,1.));
#4365=CARTESIAN_POINT('',(146.500000000001,-103.600000000006,1.));
#4366=CARTESIAN_POINT('',(146.500000000001,-103.600000000006,1.));
#4367=CARTESIAN_POINT('',(131.500000000001,-103.6,1.));
#4368=CARTESIAN_POINT('',(103.749999999991,-103.59999999999,1.));
#4369=CARTESIAN_POINT('',(131.500000000001,-103.6,1.));
#4370=CARTESIAN_POINT('Origin',(-16.4999999999947,10.6000000000185,8.8));
#4371=CARTESIAN_POINT('',(-16.4999999999947,1.59999999996233,7.8));
#4372=CARTESIAN_POINT('',(-16.4999999999947,1.59999999996233,8.8));
#4373=CARTESIAN_POINT('',(-16.4999999999947,10.6000000000185,7.8));
#4374=CARTESIAN_POINT('',(-16.4999999999947,-21.7000000000128,7.8));
#4375=CARTESIAN_POINT('',(-16.4999999999947,10.6000000000185,8.8));
#4376=CARTESIAN_POINT('Origin',(-4.50000000000903,10.59999999998,8.8));
#4377=CARTESIAN_POINT('',(-4.50000000000903,10.59999999998,7.8));
#4378=CARTESIAN_POINT('',(23.5000000000886,10.5999999998904,7.8));
#4379=CARTESIAN_POINT('',(-4.50000000000903,10.59999999998,8.8));
#4380=CARTESIAN_POINT('Origin',(63.4999999999939,-44.9999999999879,7.8));
#4381=CARTESIAN_POINT('',(-4.50000000010179,-17.1999999998905,7.8));
#4382=CARTESIAN_POINT('',(21.9999999999998,1.59999999996232,7.8));
#4383=CARTESIAN_POINT('Origin',(72.4999999999993,10.6000000000031,8.8));
#4384=CARTESIAN_POINT('',(57.4999999999995,10.5999999999932,8.8));
#4385=CARTESIAN_POINT('',(72.4999999999993,10.600000000003,8.8));
#4386=CARTESIAN_POINT('Origin',(57.4999999999995,13.6000000000291,1.));
#4387=CARTESIAN_POINT('',(57.4999999999995,13.6000000000291,1.));
#4388=CARTESIAN_POINT('',(57.4999999999995,13.6000000000291,1.));
#4389=CARTESIAN_POINT('',(72.4999999999995,13.6000000000031,1.));
#4390=CARTESIAN_POINT('',(59.2500000000517,13.6000000000261,1.));
#4391=CARTESIAN_POINT('',(72.4999999999995,13.6000000000031,1.));
#4392=CARTESIAN_POINT('Origin',(57.5000000000272,-100.600000000005,8.8));
#4393=CARTESIAN_POINT('',(72.4999999999752,-100.600000000003,8.8));
#4394=CARTESIAN_POINT('',(57.5000000000272,-100.600000000005,8.8));
#4395=CARTESIAN_POINT('Origin',(72.4999999999974,-103.600000000002,1.));
#4396=CARTESIAN_POINT('',(72.4999999999974,-103.600000000002,1.));
#4397=CARTESIAN_POINT('',(72.4999999999974,-103.600000000002,1.));
#4398=CARTESIAN_POINT('',(57.5000000000034,-103.600000000003,1.));
#4399=CARTESIAN_POINT('',(66.7500000000005,-103.600000000002,1.));
#4400=CARTESIAN_POINT('',(57.5000000000034,-103.600000000003,1.));
#4401=CARTESIAN_POINT('Origin',(-16.5000000000189,-37.4999999999778,8.8));
#4402=CARTESIAN_POINT('',(-16.5000000000189,-37.4999999999778,8.8));
#4403=CARTESIAN_POINT('',(-16.5000000000084,-52.4999999999799,8.8));
#4404=CARTESIAN_POINT('',(-16.500000000011,-48.7500000000117,8.8));
#4405=CARTESIAN_POINT('',(-16.5000000000084,-52.4999999999799,8.8));
#4406=CARTESIAN_POINT('',(-16.5000000000189,-37.4999999999778,8.8));
#4407=CARTESIAN_POINT('Origin',(146.5,10.6000000000043,8.8));
#4408=CARTESIAN_POINT('',(131.5,10.6000000000043,8.8));
#4409=CARTESIAN_POINT('',(146.5,10.6000000000042,8.8));
#4410=CARTESIAN_POINT('Origin',(131.5,13.6000000000234,1.));
#4411=CARTESIAN_POINT('',(131.5,13.600000000003,1.));
#4412=CARTESIAN_POINT('',(131.5,13.600000000003,1.));
#4413=CARTESIAN_POINT('',(146.5,13.600000000003,1.));
#4414=CARTESIAN_POINT('',(96.2500000000414,13.6000000000716,1.));
#4415=CARTESIAN_POINT('',(146.5,13.600000000003,1.));
#4416=CARTESIAN_POINT('Origin',(-16.5000000000183,-100.6,8.8));
#4417=CARTESIAN_POINT('',(-4.49999999999685,-100.599999999998,8.8));
#4418=CARTESIAN_POINT('',(-16.5000000000183,-100.6,8.8));
#4419=CARTESIAN_POINT('Origin',(-16.5000000000082,-91.6000000000446,8.8));
#4420=CARTESIAN_POINT('',(-16.5000000000082,-91.6000000000446,8.8));
#4421=CARTESIAN_POINT('Origin',(-19.4999999999966,-103.599999999998,1.));
#4422=CARTESIAN_POINT('',(-19.4999999999966,-103.599999999998,1.));
#4423=CARTESIAN_POINT('',(-19.4999999999966,-103.599999999998,1.));
#4424=CARTESIAN_POINT('',(-19.5000000000078,-91.6000000000446,1.));
#4425=CARTESIAN_POINT('',(-19.500000000024,-74.3000000000365,1.));
#4426=CARTESIAN_POINT('',(-19.5000000000078,-91.6000000000446,1.));
#4427=CARTESIAN_POINT('Origin',(-4.49999999999653,-103.599999999998,1.));
#4428=CARTESIAN_POINT('',(-4.49999999999653,-103.599999999998,1.));
#4429=CARTESIAN_POINT('',(-4.49999999999653,-103.599999999998,1.));
#4430=CARTESIAN_POINT('',(28.2500000000013,-103.6,1.));
#4431=CARTESIAN_POINT('Origin',(96.2499999999391,-107.599999999907,2.));
#4432=CARTESIAN_POINT('',(146.500000000001,-108.600000000006,1.));
#4433=CARTESIAN_POINT('',(146.500000000001,-106.600000000006,3.));
#4434=CARTESIAN_POINT('',(146.500000000001,-107.599999999982,2.00000000002477));
#4435=CARTESIAN_POINT('',(131.500000000001,-106.599999999977,3.));
#4436=CARTESIAN_POINT('',(96.2499999999411,-106.599999999907,3.));
#4437=CARTESIAN_POINT('',(131.500000000001,-108.599999999977,1.));
#4438=CARTESIAN_POINT('',(131.500000000001,-106.849999999965,2.75000000001187));
#4439=CARTESIAN_POINT('',(96.2499999999371,-108.599999999907,1.));
#4440=CARTESIAN_POINT('Origin',(131.500000000001,-106.599999999977,1.));
#4441=CARTESIAN_POINT('',(146.500000000001,-106.600000000006,1.));
#4442=CARTESIAN_POINT('',(131.500000000001,-106.599999999977,1.));
#4443=CARTESIAN_POINT('Origin',(59.2500000000506,-107.600000000015,2.));
#4444=CARTESIAN_POINT('',(72.4999999999751,-108.600000000002,1.));
#4445=CARTESIAN_POINT('',(72.499999999984,-106.600000000002,3.));
#4446=CARTESIAN_POINT('',(72.4999999999796,-107.60000000002,1.99999999998199));
#4447=CARTESIAN_POINT('',(57.5000000000361,-106.600000000017,3.));
#4448=CARTESIAN_POINT('',(59.2500000000496,-106.600000000015,3.));
#4449=CARTESIAN_POINT('',(57.5000000000359,-108.600000000017,1.));
#4450=CARTESIAN_POINT('',(57.5000000000361,-106.850000000013,2.75000000000409));
#4451=CARTESIAN_POINT('',(59.2500000000515,-108.600000000015,1.));
#4452=CARTESIAN_POINT('Origin',(57.5000000000361,-106.600000000017,1.));
#4453=CARTESIAN_POINT('',(72.499999999984,-106.600000000002,1.));
#4454=CARTESIAN_POINT('',(57.5000000000361,-106.600000000017,1.));
#4455=CARTESIAN_POINT('Origin',(19.2500000000934,-107.599999999929,2.));
#4456=CARTESIAN_POINT('',(-24.499999999999,-108.600000000056,1.));
#4457=CARTESIAN_POINT('',(-4.49999999998195,-108.599999999998,1.));
#4458=CARTESIAN_POINT('',(19.2500000000963,-108.599999999929,1.));
#4459=CARTESIAN_POINT('',(-4.49999999998778,-106.599999999998,3.));
#4460=CARTESIAN_POINT('',(-4.49999999998486,-107.599999999998,1.99999999999991));
#4461=CARTESIAN_POINT('',(-22.5,-106.600000000044,3.));
#4462=CARTESIAN_POINT('',(19.2500000000905,-106.599999999929,3.));
#4463=CARTESIAN_POINT('',(-22.5,-106.600000000044,3.));
#4464=CARTESIAN_POINT('Origin',(-23.500000000019,-68.3000000000435,2.));
#4465=CARTESIAN_POINT('',(-22.5000000000074,-91.6000000000446,3.));
#4466=CARTESIAN_POINT('',(-22.500000000019,-68.300000000043,3.));
#4467=CARTESIAN_POINT('',(-24.5000000000074,-91.6000000000446,1.));
#4468=CARTESIAN_POINT('',(-22.7500000000104,-91.6000000000446,2.74999999999702));
#4469=CARTESIAN_POINT('',(-24.500000000019,-68.300000000044,1.));
#4470=CARTESIAN_POINT('Origin',(61.0000000000022,-45.,1.));
#4471=CARTESIAN_POINT('',(149.3,27.3,1.));
#4472=CARTESIAN_POINT('',(-27.3,-8.74999999999999,1.));
#4473=CARTESIAN_POINT('',(131.5,-74.2999999999985,1.));
#4474=CARTESIAN_POINT('',(146.500000000001,-75.8000000000032,1.));
#4475=CARTESIAN_POINT('',(57.5000000000387,-74.3000000000011,1.));
#4476=CARTESIAN_POINT('',(72.5000000001211,-75.8000000000267,1.));
#4477=CARTESIAN_POINT('',(72.4999999999995,18.6000000000034,1.));
#4478=CARTESIAN_POINT('',(72.4999999999994,-15.6999999999985,1.));
#4479=CARTESIAN_POINT('',(57.5000000000108,18.599999999995,1.));
#4480=CARTESIAN_POINT('',(57.4999999999115,-14.1999999999972,1.));
#4481=CARTESIAN_POINT('',(66.7499999999825,18.6000000000002,1.));
#4482=CARTESIAN_POINT('',(146.5,18.6000000000032,1.));
#4483=CARTESIAN_POINT('',(146.5,-15.699999999998,1.));
#4484=CARTESIAN_POINT('',(131.5,18.6000000000032,1.));
#4485=CARTESIAN_POINT('',(131.5,-14.1999999999987,1.));
#4486=CARTESIAN_POINT('',(103.750000000001,18.6000000000032,1.));
#4487=CARTESIAN_POINT('',(122.,-90.,1.));
#4488=CARTESIAN_POINT('',(0.,-90.,1.));
#4489=CARTESIAN_POINT('',(122.,-90.,1.));
#4490=CARTESIAN_POINT('',(0.,0.,1.));
#4491=CARTESIAN_POINT('',(0.,-90.,1.));
#4492=CARTESIAN_POINT('',(122.,0.,1.));
#4493=CARTESIAN_POINT('',(0.,0.,1.));
#4494=CARTESIAN_POINT('',(122.,0.,1.));
#4495=CARTESIAN_POINT('',(-4.50000000007765,-75.8000000000945,1.));
#4496=CARTESIAN_POINT('',(20.7499999999972,-91.6000000000446,1.));
#4497=CARTESIAN_POINT('',(-24.499999999994,1.59999999996232,1.));
#4498=CARTESIAN_POINT('',(19.2500000000041,1.59999999996232,1.));
#4499=CARTESIAN_POINT('',(-24.499999999994,18.5999999999604,1.));
#4500=CARTESIAN_POINT('',(-24.499999999994,-14.2000000000188,1.));
#4501=CARTESIAN_POINT('',(-4.50000000000562,18.5999999999797,1.));
#4502=CARTESIAN_POINT('',(28.2499999999679,18.6000000000113,1.));
#4503=CARTESIAN_POINT('',(-4.49999999996028,-15.7000000000533,1.));
#4504=CARTESIAN_POINT('',(-24.4999999999661,-37.4999999999818,1.));
#4505=CARTESIAN_POINT('',(-19.4999999999871,-37.4999999999831,1.));
#4506=CARTESIAN_POINT('',(20.7500000000096,-37.5000000000064,1.));
#4507=CARTESIAN_POINT('',(-19.5000000000085,-52.4999999999845,1.));
#4508=CARTESIAN_POINT('',(-19.5000000000031,-48.749999999935,1.));
#4509=CARTESIAN_POINT('',(-24.499999999967,-52.4999999999813,1.));
#4510=CARTESIAN_POINT('',(19.2500000000152,-52.5000000000097,1.));
#4511=CARTESIAN_POINT('',(-24.4999999999663,-41.249999999989,1.));
#4512=CARTESIAN_POINT('Origin',(-23.4999999999663,-41.249999999989,2.));
#4513=CARTESIAN_POINT('',(-22.499999999967,-52.4999999999826,3.));
#4514=CARTESIAN_POINT('',(-23.4999999999686,-52.4999999999819,1.99999999999834));
#4515=CARTESIAN_POINT('',(-22.4999999999661,-37.4999999999829,3.));
#4516=CARTESIAN_POINT('',(-22.4999999999663,-41.2499999999891,3.));
#4517=CARTESIAN_POINT('',(-22.7499999999709,-37.4999999999827,2.74999999999522));
#4518=CARTESIAN_POINT('Origin',(-22.4999999999661,-37.4999999999829,1.));
#4519=CARTESIAN_POINT('',(-22.499999999967,-52.4999999999826,8.8));
#4520=CARTESIAN_POINT('',(-22.499999999967,-52.4999999999826,1.));
#4521=CARTESIAN_POINT('',(-22.4999999999661,-37.4999999999829,8.8));
#4522=CARTESIAN_POINT('',(-22.4999999999663,-41.2499999999992,8.8));
#4523=CARTESIAN_POINT('',(-22.4999999999661,-37.4999999999829,1.));
#4524=CARTESIAN_POINT('Origin',(-23.499999999994,-14.2000000000188,2.));
#4525=CARTESIAN_POINT('',(-22.499999999994,1.59999999996233,3.));
#4526=CARTESIAN_POINT('',(-23.499999999994,1.59999999996232,2.));
#4527=CARTESIAN_POINT('',(-22.499999999994,16.5999999999623,3.));
#4528=CARTESIAN_POINT('',(-22.499999999994,-14.2000000000188,3.));
#4529=CARTESIAN_POINT('',(-22.499999999994,16.5999999999623,3.));
#4530=CARTESIAN_POINT('Origin',(28.2499999999689,17.6000000000113,2.));
#4531=CARTESIAN_POINT('',(-4.50000000000298,16.5999999999797,3.));
#4532=CARTESIAN_POINT('',(28.2499999999699,16.6000000000113,3.));
#4533=CARTESIAN_POINT('',(-4.50000000000331,16.8499999999769,2.75000000000282));
#4534=CARTESIAN_POINT('Origin',(66.7499999999831,17.6000000000002,2.));
#4535=CARTESIAN_POINT('',(57.5000000000048,16.599999999995,3.));
#4536=CARTESIAN_POINT('',(57.5000000000078,17.6000000000033,1.99999999999171));
#4537=CARTESIAN_POINT('',(72.4999999999995,16.6000000000034,3.));
#4538=CARTESIAN_POINT('',(66.7499999999837,16.6000000000002,3.));
#4539=CARTESIAN_POINT('',(72.4999999999995,16.8500000000025,2.75000000000089));
#4540=CARTESIAN_POINT('Origin',(72.4999999999995,16.6000000000034,1.));
#4541=CARTESIAN_POINT('',(57.5000000000048,16.599999999995,1.));
#4542=CARTESIAN_POINT('',(72.4999999999995,16.6000000000034,1.));
#4543=CARTESIAN_POINT('Origin',(103.750000000001,17.6000000000032,2.));
#4544=CARTESIAN_POINT('',(131.5,16.6000000000025,3.));
#4545=CARTESIAN_POINT('',(131.5,17.600000000003,2.00000000000018));
#4546=CARTESIAN_POINT('',(146.5,16.6000000000032,3.));
#4547=CARTESIAN_POINT('',(103.750000000001,16.6000000000032,3.));
#4548=CARTESIAN_POINT('',(146.5,16.8500000000033,2.74999999999994));
#4549=CARTESIAN_POINT('Origin',(146.5,16.6000000000032,1.));
#4550=CARTESIAN_POINT('',(131.5,16.6000000000025,1.));
#4551=CARTESIAN_POINT('',(146.5,16.6000000000032,1.));
#4552=CARTESIAN_POINT('Origin',(57.5000000000048,16.599999999995,1.));
#4553=CARTESIAN_POINT('Origin',(72.4999999999995,13.6000000000031,1.));
#4554=CARTESIAN_POINT('Origin',(57.5000000000363,-103.600000000003,1.));
#4555=CARTESIAN_POINT('Origin',(72.499999999984,-106.600000000002,1.));
#4556=CARTESIAN_POINT('Origin',(131.500000000001,-103.6,1.));
#4557=CARTESIAN_POINT('Origin',(146.500000000001,-106.600000000006,1.));
#4558=CARTESIAN_POINT('Origin',(-22.499999999994,1.59999999996232,1.));
#4559=CARTESIAN_POINT('',(-22.499999999994,1.59999999996233,1.));
#4560=CARTESIAN_POINT('Origin',(-22.499999999994,16.5999999999623,1.));
#4561=CARTESIAN_POINT('',(-22.499999999994,16.5999999999623,1.));
#4562=CARTESIAN_POINT('Origin',(-4.50000000000298,16.5999999999797,1.));
#4563=CARTESIAN_POINT('',(-4.50000000000298,16.5999999999797,1.));
#4564=CARTESIAN_POINT('Origin',(-4.49999999999901,13.59999999998,1.));
#4565=CARTESIAN_POINT('Origin',(-19.5000000000078,-91.6000000000446,1.));
#4566=CARTESIAN_POINT('',(-22.5000000000074,-91.6000000000446,1.));
#4567=CARTESIAN_POINT('Origin',(-4.49999999998778,-106.599999999998,1.));
#4568=CARTESIAN_POINT('',(-4.49999999998778,-106.599999999998,1.));
#4569=CARTESIAN_POINT('Origin',(-22.5,-106.60000000005,1.));
#4570=CARTESIAN_POINT('',(-22.5,-106.600000000044,1.));
#4571=CARTESIAN_POINT('Origin',(-22.5000000000074,-91.6000000000446,1.));
#4572=CARTESIAN_POINT('Origin',(131.5,16.6000000000025,1.));
#4573=CARTESIAN_POINT('Origin',(146.5,13.600000000003,1.));
#4574=CARTESIAN_POINT('Origin',(-19.5000000000085,-52.4999999999845,1.));
#4575=CARTESIAN_POINT('',(-19.5000000000085,-52.4999999999845,1.));
#4576=CARTESIAN_POINT('',(-19.4999999999871,-37.4999999999831,1.));
#4577=CARTESIAN_POINT('Origin',(-22.499999999967,-52.4999999999826,1.));
#4578=CARTESIAN_POINT('',(19.7500000000126,-52.50000000001,8.8));
#4579=CARTESIAN_POINT('Origin',(-19.4999999999871,-37.4999999999845,1.));
#4580=CARTESIAN_POINT('',(23.499999999981,-37.4999999999083,8.8));
#4581=CARTESIAN_POINT('Origin',(61.999999999997,-45.0000000000203,8.8));
#4582=CARTESIAN_POINT('Origin',(91.5000000000011,-90.5,0.5));
#4583=CARTESIAN_POINT('',(123.,-91.,0.));
#4584=CARTESIAN_POINT('',(122.,-90.,1.));
#4585=CARTESIAN_POINT('',(-0.999999999999996,-91.,0.));
#4586=CARTESIAN_POINT('',(91.5000000000011,-91.,0.));
#4587=CARTESIAN_POINT('',(-0.999999999999996,-91.,0.));
#4588=CARTESIAN_POINT('Origin',(30.5000000000011,0.499999999999998,0.5));
#4589=CARTESIAN_POINT('',(-0.999999999999996,0.999999999999996,0.));
#4590=CARTESIAN_POINT('',(123.,0.999999999999996,0.));
#4591=CARTESIAN_POINT('',(30.5000000000011,0.999999999999996,0.));
#4592=CARTESIAN_POINT('',(123.,0.999999999999996,0.));
#4593=CARTESIAN_POINT('',(-0.999999999999996,0.999999999999996,0.));
#4594=CARTESIAN_POINT('Origin',(122.5,-22.5,0.5));
#4595=CARTESIAN_POINT('',(123.,-22.5,0.));
#4596=CARTESIAN_POINT('Origin',(-0.499999999999998,-67.5,0.5));
#4597=CARTESIAN_POINT('',(-0.999999999999996,-67.5,0.));
#4598=CARTESIAN_POINT('Origin',(61.0000000000022,-45.,0.));
#4599=CARTESIAN_POINT('',(-27.3,-8.74999999999999,0.));
#4600=CARTESIAN_POINT('',(149.3,27.3,0.));
#4601=CARTESIAN_POINT('Origin',(-27.3,27.5,0.));
#4602=CARTESIAN_POINT('Origin',(149.5,27.3,0.));
#4603=CARTESIAN_POINT('Origin',(-26.,-10.25,-2.5));
#4604=CARTESIAN_POINT('',(-27.5,-117.5,-5.));
#4605=CARTESIAN_POINT('',(-27.5,27.5,-5.));
#4606=CARTESIAN_POINT('',(-27.5,-10.25,-5.));
#4607=CARTESIAN_POINT('',(-24.5,24.5,0.));
#4608=CARTESIAN_POINT('',(-27.5,27.5,-5.));
#4609=CARTESIAN_POINT('',(-24.5,-114.5,0.));
#4610=CARTESIAN_POINT('',(-24.5,-114.5,0.));
#4611=CARTESIAN_POINT('',(-27.5,-117.5,-5.));
#4612=CARTESIAN_POINT('Origin',(103.75,26.,-2.5));
#4613=CARTESIAN_POINT('',(149.5,27.5,-5.));
#4614=CARTESIAN_POINT('',(103.75,27.5,-5.));
#4615=CARTESIAN_POINT('',(146.5,24.5,0.));
#4616=CARTESIAN_POINT('',(149.5,27.5,-5.));
#4617=CARTESIAN_POINT('',(-24.5,24.5,0.));
#4618=CARTESIAN_POINT('Origin',(148.000000000001,-79.7499999999995,-2.5));
#4619=CARTESIAN_POINT('',(149.500000000002,-117.5,-5.));
#4620=CARTESIAN_POINT('',(149.500000000001,-79.7499999999995,-5.));
#4621=CARTESIAN_POINT('',(146.500000000002,-114.5,0.));
#4622=CARTESIAN_POINT('',(149.500000000002,-117.5,-5.));
#4623=CARTESIAN_POINT('',(146.5,24.5,0.));
#4624=CARTESIAN_POINT('Origin',(18.2500000000004,-116.,-2.5));
#4625=CARTESIAN_POINT('',(146.500000000002,-114.5,0.));
#4626=CARTESIAN_POINT('',(18.2500000000004,-117.5,-5.));
#4627=CARTESIAN_POINT('Origin',(61.0000000000008,-45.,-5.));
#4628=CARTESIAN_POINT('',(-30.5,-120.5,-5.));
#4629=CARTESIAN_POINT('',(-30.5,30.5,-5.));
#4630=CARTESIAN_POINT('',(-30.5,-120.5,-5.));
#4631=CARTESIAN_POINT('',(152.5,30.5,-5.));
#4632=CARTESIAN_POINT('',(-30.5,30.5,-5.));
#4633=CARTESIAN_POINT('',(152.500000000002,-120.5,-5.));
#4634=CARTESIAN_POINT('',(152.5,30.5,-5.));
#4635=CARTESIAN_POINT('',(152.500000000002,-120.5,-5.));
#4636=CARTESIAN_POINT('Origin',(16.7500000000011,27.75,1.55));
#4637=CARTESIAN_POINT('',(-9.22426406871183,27.5,1.8));
#4638=CARTESIAN_POINT('',(-8.72426406871186,28.,1.3));
#4639=CARTESIAN_POINT('',(-4.67450937914139,32.0497546895707,-2.74975468957076));
#4640=CARTESIAN_POINT('',(3.72426406871195,28.,1.3));
#4641=CARTESIAN_POINT('',(16.7500000000011,28.,1.3));
#4642=CARTESIAN_POINT('',(4.22426406871196,27.5,1.8));
#4643=CARTESIAN_POINT('',(5.59117604580817,26.1330880229038,3.16691197709622));
#4644=CARTESIAN_POINT('',(16.7500000000011,27.5,1.8));
#4645=CARTESIAN_POINT('Origin',(61.0000000000022,-45.,1.3));
#4646=CARTESIAN_POINT('',(-8.09999999999997,28.6242640687119,1.3));
#4647=CARTESIAN_POINT('',(-9.78713203435634,26.9371320343555,1.3));
#4648=CARTESIAN_POINT('',(3.10000000000001,28.6242640687119,1.3));
#4649=CARTESIAN_POINT('',(43.8750000000017,28.6242640687119,1.3));
#4650=CARTESIAN_POINT('',(35.7871320343567,-4.06286796564438,1.3));
#4651=CARTESIAN_POINT('Origin',(16.7500000000011,27.75,1.55));
#4652=CARTESIAN_POINT('',(117.57573593129,27.5,1.8));
#4653=CARTESIAN_POINT('',(118.07573593129,28.,1.3));
#4654=CARTESIAN_POINT('',(100.992157287534,10.9164213562389,18.3835786437613));
#4655=CARTESIAN_POINT('',(130.524264068714,28.,1.3));
#4656=CARTESIAN_POINT('',(16.7500000000011,28.,1.3));
#4657=CARTESIAN_POINT('',(131.024264068714,27.5,1.8));
#4658=CARTESIAN_POINT('',(111.257842712465,47.2664213562402,-17.9664213562404));
#4659=CARTESIAN_POINT('',(16.7500000000011,27.5,1.8));
#4660=CARTESIAN_POINT('Origin',(61.0000000000022,-45.,1.3));
#4661=CARTESIAN_POINT('',(118.700000000002,28.6242640687119,1.3));
#4662=CARTESIAN_POINT('',(85.31286796565,-4.76286796564908,1.3));
#4663=CARTESIAN_POINT('',(129.900000000002,28.6242640687119,1.3));
#4664=CARTESIAN_POINT('',(75.575000000002,28.6242640687119,1.3));
#4665=CARTESIAN_POINT('',(130.88713203435,27.637132034364,1.3));
#4666=CARTESIAN_POINT('Origin',(105.250000000002,-117.75,1.55));
#4667=CARTESIAN_POINT('',(131.024264068714,-117.5,1.8));
#4668=CARTESIAN_POINT('',(130.524264068714,-118.,1.3));
#4669=CARTESIAN_POINT('',(126.507842712474,-122.016421356238,-2.71642135623792));
#4670=CARTESIAN_POINT('',(118.07573593129,-118.,1.3));
#4671=CARTESIAN_POINT('',(105.250000000002,-118.,1.3));
#4672=CARTESIAN_POINT('',(117.57573593129,-117.5,1.8));
#4673=CARTESIAN_POINT('',(116.242157287528,-116.166421356237,3.13357864376252));
#4674=CARTESIAN_POINT('',(105.250000000002,-117.5,1.8));
#4675=CARTESIAN_POINT('Origin',(61.0000000000022,-45.,1.3));
#4676=CARTESIAN_POINT('',(129.900000000002,-118.624264068712,1.3));
#4677=CARTESIAN_POINT('',(131.63713203435,-116.887132034364,1.3));
#4678=CARTESIAN_POINT('',(118.700000000002,-118.624264068712,1.3));
#4679=CARTESIAN_POINT('',(78.075000000002,-118.624264068712,1.3));
#4680=CARTESIAN_POINT('',(86.0628679656498,-85.9871320343509,1.3));
#4681=CARTESIAN_POINT('Origin',(105.250000000002,-117.75,1.55));
#4682=CARTESIAN_POINT('',(4.22426406871196,-117.5,1.8));
#4683=CARTESIAN_POINT('',(3.72426406871196,-118.,1.3));
#4684=CARTESIAN_POINT('',(20.8411760458086,-100.883088022903,18.4169119770963));
#4685=CARTESIAN_POINT('',(-8.72426406871183,-118.,1.3));
#4686=CARTESIAN_POINT('',(105.250000000002,-118.,1.3));
#4687=CARTESIAN_POINT('',(-9.22426406871184,-117.5,1.8));
#4688=CARTESIAN_POINT('',(10.5754906208577,-137.299754689571,-17.9997546895704));
#4689=CARTESIAN_POINT('',(105.250000000002,-117.5,1.8));
#4690=CARTESIAN_POINT('Origin',(61.0000000000022,-45.,1.3));
#4691=CARTESIAN_POINT('',(3.1,-118.624264068712,1.3));
#4692=CARTESIAN_POINT('',(36.5371320343566,-85.1871320343556,1.3));
#4693=CARTESIAN_POINT('',(-8.09999999999994,-118.624264068712,1.3));
#4694=CARTESIAN_POINT('',(46.3750000000017,-118.624264068712,1.3));
#4695=CARTESIAN_POINT('',(-9.03713203435647,-117.687132034355,1.3));
#4696=CARTESIAN_POINT('Origin',(129.512132034357,29.012132034356,1.));
#4697=CARTESIAN_POINT('',(131.024264068714,27.5,0.));
#4698=CARTESIAN_POINT('',(131.024264068714,27.5,0.5));
#4699=CARTESIAN_POINT('',(129.424264068713,29.1,0.824264068711927));
#4700=CARTESIAN_POINT('',(123.016421356235,35.5078427124755,-5.58357864376365));
#4701=CARTESIAN_POINT('',(129.424264068713,29.1,0.175735931288073));
#4702=CARTESIAN_POINT('',(129.424264068713,29.1,1.));
#4703=CARTESIAN_POINT('',(129.600000000002,28.9242640687119,8.67361737988404E-18));
#4704=CARTESIAN_POINT('',(122.849754689568,35.6745093791422,6.75024531043027));
#4705=CARTESIAN_POINT('',(130.88713203435,27.6371320343643,0.));
#4706=CARTESIAN_POINT('Origin',(2.71213203435597,29.012132034356,1.));
#4707=CARTESIAN_POINT('',(4.22426406871196,27.5,0.));
#4708=CARTESIAN_POINT('',(4.22426406871195,27.5,0.5));
#4709=CARTESIAN_POINT('',(2.62426406871194,29.1,0.824264068711927));
#4710=CARTESIAN_POINT('',(6.78308802290421,24.9411760458078,4.98308802290418));
#4711=CARTESIAN_POINT('',(2.62426406871194,29.1,0.175735931288073));
#4712=CARTESIAN_POINT('',(2.62426406871194,29.1,1.));
#4713=CARTESIAN_POINT('',(2.80000000000001,28.9242640687119,8.67361737988404E-18));
#4714=CARTESIAN_POINT('',(6.61642135623755,25.1078427124744,-3.81642135623751));
#4715=CARTESIAN_POINT('',(35.7871320343563,-4.06286796564402,0.));
#4716=CARTESIAN_POINT('Origin',(119.087867965646,-119.012132034356,1.));
#4717=CARTESIAN_POINT('',(117.57573593129,-117.5,0.));
#4718=CARTESIAN_POINT('',(117.57573593129,-117.5,0.5));
#4719=CARTESIAN_POINT('',(119.17573593129,-119.1,0.824264068711938));
#4720=CARTESIAN_POINT('',(115.033578643766,-114.957842712475,4.96642135623692));
#4721=CARTESIAN_POINT('',(119.17573593129,-119.1,0.175735931288062));
#4722=CARTESIAN_POINT('',(119.17573593129,-119.1,1.));
#4723=CARTESIAN_POINT('',(119.000000000002,-118.924264068712,-2.89120579329468E-18));
#4724=CARTESIAN_POINT('',(115.200245310432,-115.124509379142,-3.79975468957022));
#4725=CARTESIAN_POINT('',(86.0628679656495,-85.9871320343505,-1.38777878078145E-16));
#4726=CARTESIAN_POINT('Origin',(31.7500000000011,-118.862132034356,-0.062132034355962));
#4727=CARTESIAN_POINT('',(-7.62426406871192,-119.1,0.175735931288062));
#4728=CARTESIAN_POINT('',(-7.79999999999997,-118.924264068712,-2.89120579329468E-18));
#4729=CARTESIAN_POINT('',(-1.03308802290441,-125.691176045808,6.76691197709612));
#4730=CARTESIAN_POINT('',(2.62426406871195,-119.1,0.175735931288062));
#4731=CARTESIAN_POINT('',(17.1250000000006,-119.1,0.175735931288057));
#4732=CARTESIAN_POINT('',(2.80000000000001,-118.924264068712,-2.89120579329468E-18));
#4733=CARTESIAN_POINT('',(7.94975468957081,-113.774509379141,-5.14975468957088));
#4734=CARTESIAN_POINT('',(46.375000000001,-118.924264068712,0.));
#4735=CARTESIAN_POINT('Origin',(-7.71213203435596,-119.012132034356,1.));
#4736=CARTESIAN_POINT('',(-9.22426406871182,-117.5,0.));
#4737=CARTESIAN_POINT('',(-9.22426406871185,-117.5,0.5));
#4738=CARTESIAN_POINT('',(-7.62426406871192,-119.1,0.824264068711938));
#4739=CARTESIAN_POINT('',(-1.19975468957108,-125.524509379141,-5.60024531042944));
#4740=CARTESIAN_POINT('',(-7.62426406871192,-119.1,1.));
#4741=CARTESIAN_POINT('',(-9.03713203435683,-117.687132034355,6.93889390390723E-17));
#4742=CARTESIAN_POINT('Origin',(2.50000000000001,-119.1,1.));
#4743=CARTESIAN_POINT('',(2.62426406871195,-119.1,0.824264068711938));
#4744=CARTESIAN_POINT('',(17.1250000000006,-119.1,0.824264068711935));
#4745=CARTESIAN_POINT('',(2.62426406871195,-119.1,1.));
#4746=CARTESIAN_POINT('Origin',(31.7500000000011,-118.862132034356,1.06213203435596));
#4747=CARTESIAN_POINT('',(8.11642135623748,-113.607842712475,6.31642135623755));
#4748=CARTESIAN_POINT('Origin',(95.1500000000019,-118.862132034356,-0.062132034355962));
#4749=CARTESIAN_POINT('',(129.600000000002,-118.924264068712,-2.89120579329468E-18));
#4750=CARTESIAN_POINT('',(129.424264068713,-119.1,0.175735931288062));
#4751=CARTESIAN_POINT('',(124.183088022903,-124.341176045809,5.41691197709674));
#4752=CARTESIAN_POINT('',(78.0750000000013,-118.924264068712,0.));
#4753=CARTESIAN_POINT('',(112.225000000002,-119.1,0.175735931288057));
#4754=CARTESIAN_POINT('Origin',(129.300000000002,-119.1,1.));
#4755=CARTESIAN_POINT('',(129.424264068713,-119.1,0.824264068711938));
#4756=CARTESIAN_POINT('',(112.225000000002,-119.1,0.824264068711935));
#4757=CARTESIAN_POINT('',(129.424264068713,-119.1,1.));
#4758=CARTESIAN_POINT('Origin',(95.1500000000019,-118.862132034356,1.06213203435596));
#4759=CARTESIAN_POINT('',(124.349754689569,-124.174509379142,-4.25024531043012));
#4760=CARTESIAN_POINT('Origin',(26.7500000000011,28.862132034356,-0.0621320343559636));
#4761=CARTESIAN_POINT('',(-7.79999999999999,28.9242640687119,8.67361737988404E-18));
#4762=CARTESIAN_POINT('',(-7.62426406871193,29.1,0.175735931288073));
#4763=CARTESIAN_POINT('',(-2.36642135623754,34.3578427124747,5.43357864376279));
#4764=CARTESIAN_POINT('',(43.875000000001,28.9242640687119,-2.22044604925031E-15));
#4765=CARTESIAN_POINT('',(9.62500000000056,29.1,0.175735931288072));
#4766=CARTESIAN_POINT('Origin',(-7.49999999999999,29.1,1.));
#4767=CARTESIAN_POINT('',(-7.62426406871193,29.1,0.824264068711927));
#4768=CARTESIAN_POINT('',(9.62500000000056,29.1,0.824264068711926));
#4769=CARTESIAN_POINT('',(-7.62426406871193,29.1,1.));
#4770=CARTESIAN_POINT('Origin',(26.7500000000011,28.862132034356,1.06213203435596));
#4771=CARTESIAN_POINT('',(-2.53308802290421,34.191176045808,-4.26691197709612));
#4772=CARTESIAN_POINT('Origin',(90.1500000000019,28.862132034356,-0.0621320343559636));
#4773=CARTESIAN_POINT('',(119.17573593129,29.1,0.175735931288073));
#4774=CARTESIAN_POINT('',(104.725000000002,29.1,0.175735931288074));
#4775=CARTESIAN_POINT('',(119.000000000002,28.9242640687119,8.67361737988404E-18));
#4776=CARTESIAN_POINT('',(113.8669119771,23.7911760458085,-5.13308802290342));
#4777=CARTESIAN_POINT('',(75.5750000000013,28.9242640687119,-2.22044604925031E-15));
#4778=CARTESIAN_POINT('Origin',(119.300000000002,29.1,1.));
#4779=CARTESIAN_POINT('',(119.17573593129,29.1,0.824264068711927));
#4780=CARTESIAN_POINT('',(104.725000000002,29.1,0.824264068711929));
#4781=CARTESIAN_POINT('',(119.17573593129,29.1,1.));
#4782=CARTESIAN_POINT('Origin',(90.1500000000019,28.862132034356,1.06213203435596));
#4783=CARTESIAN_POINT('',(113.700245310433,23.6245093791418,6.29975468957011));
#4784=CARTESIAN_POINT('Origin',(117.587867965646,27.5121320343559,1.));
#4785=CARTESIAN_POINT('',(117.57573593129,27.5,0.));
#4786=CARTESIAN_POINT('',(117.57573593129,27.5,0.5));
#4787=CARTESIAN_POINT('',(85.3128679656496,-4.76286796564943,0.));
#4788=CARTESIAN_POINT('Origin',(131.012132034358,-117.512132034356,1.));
#4789=CARTESIAN_POINT('',(131.024264068714,-117.5,0.));
#4790=CARTESIAN_POINT('',(131.024264068714,-117.5,0.5));
#4791=CARTESIAN_POINT('',(131.63713203435,-116.887132034364,-1.38777878078145E-16));
#4792=CARTESIAN_POINT('Origin',(-9.21213203435588,27.512132034356,1.));
#4793=CARTESIAN_POINT('',(-9.22426406871184,27.5,0.));
#4794=CARTESIAN_POINT('',(-9.22426406871184,27.5,0.5));
#4795=CARTESIAN_POINT('',(-9.7871320343567,26.9371320343551,0.));
#4796=CARTESIAN_POINT('Origin',(4.21213203435599,-117.512132034356,1.));
#4797=CARTESIAN_POINT('',(4.22426406871196,-117.5,0.));
#4798=CARTESIAN_POINT('',(4.22426406871194,-117.5,0.5));
#4799=CARTESIAN_POINT('',(36.5371320343563,-85.1871320343559,1.38777878078145E-16));
#4800=CARTESIAN_POINT('Origin',(-27.5,27.5,0.));
#4801=CARTESIAN_POINT('',(16.7500000000004,27.5,0.));
#4802=CARTESIAN_POINT('',(150.25,27.5,0.));
#4803=CARTESIAN_POINT('',(16.7500000000004,27.5,0.));
#4804=CARTESIAN_POINT('',(150.25,27.5,13.));
#4805=CARTESIAN_POINT('',(150.25,27.5,0.));
#4806=CARTESIAN_POINT('',(-27.5,27.5,13.));
#4807=CARTESIAN_POINT('',(-27.5,27.5,13.));
#4808=CARTESIAN_POINT('',(-27.5,27.5,0.));
#4809=CARTESIAN_POINT('',(-27.5,27.5,0.));
#4810=CARTESIAN_POINT('',(16.7500000000004,27.5,0.));
#4811=CARTESIAN_POINT('Origin',(149.500000000002,-117.5,0.));
#4812=CARTESIAN_POINT('',(105.250000000001,-117.5,0.));
#4813=CARTESIAN_POINT('',(-27.5,-117.5,0.));
#4814=CARTESIAN_POINT('',(105.250000000001,-117.5,0.));
#4815=CARTESIAN_POINT('',(-27.5,-117.5,13.));
#4816=CARTESIAN_POINT('',(-27.5,-117.5,0.));
#4817=CARTESIAN_POINT('',(150.250000000002,-117.5,13.));
#4818=CARTESIAN_POINT('',(105.250000000002,-117.500000000001,13.));
#4819=CARTESIAN_POINT('',(150.250000000002,-117.5,0.));
#4820=CARTESIAN_POINT('',(150.250000000002,-117.5,0.));
#4821=CARTESIAN_POINT('',(105.250000000001,-117.5,0.));
#4822=CARTESIAN_POINT('Origin',(150.25,27.5,0.));
#4823=CARTESIAN_POINT('',(150.250000000001,-65.,5.8));
#4824=CARTESIAN_POINT('',(150.25,-65.,13.));
#4825=CARTESIAN_POINT('',(150.250000000001,-65.,1.90000000000004));
#4826=CARTESIAN_POINT('',(150.250000000001,-63.,3.8));
#4827=CARTESIAN_POINT('Origin',(150.25,-63.,5.8));
#4828=CARTESIAN_POINT('',(150.250000000001,-27.,3.8));
#4829=CARTESIAN_POINT('',(150.25,1.24999999999999,3.8));
#4830=CARTESIAN_POINT('',(150.250000000001,-25.,5.8));
#4831=CARTESIAN_POINT('Origin',(150.25,-27.,5.8));
#4832=CARTESIAN_POINT('',(150.25,-25.,13.));
#4833=CARTESIAN_POINT('',(150.250000000001,-25.,6.49999999999999));
#4834=CARTESIAN_POINT('',(150.25,-8.74999999999952,13.));
#4835=CARTESIAN_POINT('',(150.25,-8.74999999999952,0.));
#4836=CARTESIAN_POINT('',(150.25,-8.74999999999952,13.));
#4837=CARTESIAN_POINT('Origin',(154.5,-25.,13.));
#4838=CARTESIAN_POINT('',(152.500000000001,-25.,5.8));
#4839=CARTESIAN_POINT('',(154.5,-25.,5.8));
#4840=CARTESIAN_POINT('',(152.500000000001,-25.,13.));
#4841=CARTESIAN_POINT('',(152.500000000001,-25.,6.49999999999999));
#4842=CARTESIAN_POINT('',(107.75,-25.,13.));
#4843=CARTESIAN_POINT('Origin',(154.5,-27.,5.8));
#4844=CARTESIAN_POINT('',(152.500000000001,-27.,3.8));
#4845=CARTESIAN_POINT('',(154.5,-27.,3.8));
#4846=CARTESIAN_POINT('Origin',(152.5,-27.,5.8));
#4847=CARTESIAN_POINT('Origin',(154.5,-25.,3.8));
#4848=CARTESIAN_POINT('',(152.500000000001,-63.,3.8));
#4849=CARTESIAN_POINT('',(154.5,-63.,3.8));
#4850=CARTESIAN_POINT('',(152.5,2.75,3.8));
#4851=CARTESIAN_POINT('Origin',(154.5,-63.,5.8));
#4852=CARTESIAN_POINT('',(152.500000000001,-65.,5.8));
#4853=CARTESIAN_POINT('',(154.5,-65.,5.8));
#4854=CARTESIAN_POINT('Origin',(152.5,-63.,5.8));
#4855=CARTESIAN_POINT('Origin',(154.5,-65.,3.8));
#4856=CARTESIAN_POINT('',(152.500000000001,-65.,13.));
#4857=CARTESIAN_POINT('',(107.75,-65.,13.));
#4858=CARTESIAN_POINT('',(152.500000000001,-65.,1.90000000000004));
#4859=CARTESIAN_POINT('Origin',(61.0000000000008,-45.,13.));
#4860=CARTESIAN_POINT('',(152.5,30.5,13.));
#4861=CARTESIAN_POINT('',(152.5,30.5,13.));
#4862=CARTESIAN_POINT('',(-30.5,30.5,13.));
#4863=CARTESIAN_POINT('',(-30.5,30.5,13.));
#4864=CARTESIAN_POINT('',(-30.5,-120.5,13.));
#4865=CARTESIAN_POINT('',(-30.5,-120.5,13.));
#4866=CARTESIAN_POINT('',(152.500000000002,-120.5,13.));
#4867=CARTESIAN_POINT('',(152.500000000002,-120.5,13.));
#4868=CARTESIAN_POINT('',(152.5,30.5,13.));
#4869=CARTESIAN_POINT('',(-27.5,-117.5,13.));
#4870=CARTESIAN_POINT('Origin',(-27.5,-117.5,0.));
#4871=CARTESIAN_POINT('',(-27.5,-81.25,0.));
#4872=CARTESIAN_POINT('Origin',(152.500000000002,-120.5,0.));
#4873=CARTESIAN_POINT('',(-30.5,-120.5,0.));
#4874=CARTESIAN_POINT('',(152.500000000002,-120.5,0.));
#4875=CARTESIAN_POINT('Origin',(152.5,30.5,0.));
#4876=CARTESIAN_POINT('',(152.5,30.5,0.));
#4877=CARTESIAN_POINT('Origin',(-30.5,30.5,0.));
#4878=CARTESIAN_POINT('',(-30.5,30.5,0.));
#4879=CARTESIAN_POINT('Origin',(-30.5,-120.5,0.));
#4880=CARTESIAN_POINT('Origin',(61.0000000000008,-45.,0.));
#4881=UNCERTAINTY_MEASURE_WITH_UNIT(LENGTH_MEASURE(0.01),#4885,
'DISTANCE_ACCURACY_VALUE',
'Maximum model space distance between geometric entities at asserted c
onnectivities');
#4882=UNCERTAINTY_MEASURE_WITH_UNIT(LENGTH_MEASURE(0.01),#4885,
'DISTANCE_ACCURACY_VALUE',
'Maximum model space distance between geometric entities at asserted c
onnectivities');
#4883=(
GEOMETRIC_REPRESENTATION_CONTEXT(3)
GLOBAL_UNCERTAINTY_ASSIGNED_CONTEXT((#4881))
GLOBAL_UNIT_ASSIGNED_CONTEXT((#4885,#4887,#4888))
REPRESENTATION_CONTEXT('','3D')
);
#4884=(
GEOMETRIC_REPRESENTATION_CONTEXT(3)
GLOBAL_UNCERTAINTY_ASSIGNED_CONTEXT((#4882))
GLOBAL_UNIT_ASSIGNED_CONTEXT((#4885,#4887,#4888))
REPRESENTATION_CONTEXT('','3D')
);
#4885=(
LENGTH_UNIT()
NAMED_UNIT(*)
SI_UNIT(.MILLI.,.METRE.)
);
#4886=(
LENGTH_UNIT()
NAMED_UNIT(*)
SI_UNIT($,.METRE.)
);
#4887=(
NAMED_UNIT(*)
PLANE_ANGLE_UNIT()
SI_UNIT($,.RADIAN.)
);
#4888=(
NAMED_UNIT(*)
SI_UNIT($,.STERADIAN.)
SOLID_ANGLE_UNIT()
);
#4889=SHAPE_DEFINITION_REPRESENTATION(#4890,#4891);
#4890=PRODUCT_DEFINITION_SHAPE('',$,#4893);
#4891=SHAPE_REPRESENTATION('',(#3077),#4883);
#4892=PRODUCT_DEFINITION_CONTEXT('part definition',#4897,'design');
#4893=PRODUCT_DEFINITION('Kindle Photo Frame','Kindle Photo Frame v9',#4894,
#4892);
#4894=PRODUCT_DEFINITION_FORMATION('',$,#4899);
#4895=PRODUCT_RELATED_PRODUCT_CATEGORY('Kindle Photo Frame v9',
'Kindle Photo Frame v9',(#4899));
#4896=APPLICATION_PROTOCOL_DEFINITION('international standard',
'automotive_design',2009,#4897);
#4897=APPLICATION_CONTEXT(
'Core Data for Automotive Mechanical Design Process');
#4898=PRODUCT_CONTEXT('part definition',#4897,'mechanical');
#4899=PRODUCT('Kindle Photo Frame','Kindle Photo Frame v9',$,(#4898));
#4900=PRESENTATION_STYLE_ASSIGNMENT((#4902));
#4901=PRESENTATION_STYLE_ASSIGNMENT((#4903));
#4902=SURFACE_STYLE_USAGE(.BOTH.,#4904);
#4903=SURFACE_STYLE_USAGE(.BOTH.,#4905);
#4904=SURFACE_SIDE_STYLE('',(#4906));
#4905=SURFACE_SIDE_STYLE('',(#4907));
#4906=SURFACE_STYLE_FILL_AREA(#4908);
#4907=SURFACE_STYLE_FILL_AREA(#4909);
#4908=FILL_AREA_STYLE('ABS (White)',(#4910));
#4909=FILL_AREA_STYLE('ABS (White)',(#4911));
#4910=FILL_AREA_STYLE_COLOUR('ABS (White)',#4912);
#4911=FILL_AREA_STYLE_COLOUR('ABS (White)',#4913);
#4912=COLOUR_RGB('ABS (White)',1.,1.,1.);
#4913=COLOUR_RGB('ABS (White)',0.,0.,0.);
ENDSEC;
END-ISO-10303-21;
