ISO-10303-21;
HEADER;
/* Generated by software containing ST-Developer
 * from STEP Tools, Inc. (www.steptools.com) 
 */

FILE_DESCRIPTION(
/* description */ (''),
/* implementation_level */ '2;1');

FILE_NAME(
/* name */ 'Kindle_Photo_Frame.step',
/* time_stamp */ '2026-09-25T21:08:19+02:00',
/* author */ (''),
/* organization */ (''),
/* preprocessor_version */ 'ST-DEVELOPER v20.2',
/* originating_system */ 'Autodesk Translation Framework v15.15.0.0',
/* authorisation */ '');

FILE_SCHEMA (('AUTOMOTIVE_DESIGN { 1 0 10303 214 3 1 1 }'));
ENDSEC;

DATA;
#10=MECHANICAL_DESIGN_GEOMETRIC_PRESENTATION_REPRESENTATION('',(#13,#14),
#5742);
#11=SHAPE_REPRESENTATION_RELATIONSHIP('SRR','None',#5749,#12);
#12=ADVANCED_BREP_SHAPE_REPRESENTATION('',(#15,#16),#5741);
#13=STYLED_ITEM('',(#5758),#15);
#14=STYLED_ITEM('',(#5759),#16);
#15=MANIFOLD_SOLID_BREP('Body6',#3609);
#16=MANIFOLD_SOLID_BREP('Body7',#3610);
#17=ELLIPSE('',#3674,3.88908729652396,2.75);
#18=ELLIPSE('',#3684,3.88908729651544,2.75);
#19=CIRCLE('',#3665,2.75);
#20=CIRCLE('',#3666,2.75);
#21=CIRCLE('',#3669,2.75);
#22=CIRCLE('',#3670,2.75);
#23=CIRCLE('',#3673,2.75);
#24=CIRCLE('',#3676,2.75);
#25=CIRCLE('',#3679,2.75);
#26=CIRCLE('',#3680,2.75);
#27=CIRCLE('',#3683,2.75);
#28=CIRCLE('',#3686,2.75);
#29=CIRCLE('',#3690,2.75);
#30=CIRCLE('',#3691,2.75);
#31=CIRCLE('',#3694,2.75);
#32=CIRCLE('',#3695,2.75);
#33=CIRCLE('',#3760,2.5);
#34=CIRCLE('',#3761,2.5);
#35=CIRCLE('',#3764,2.5);
#36=CIRCLE('',#3765,2.5);
#37=CYLINDRICAL_SURFACE('',#3664,2.75);
#38=CYLINDRICAL_SURFACE('',#3668,2.75);
#39=CYLINDRICAL_SURFACE('',#3672,2.75);
#40=CYLINDRICAL_SURFACE('',#3675,2.75);
#41=CYLINDRICAL_SURFACE('',#3678,2.75);
#42=CYLINDRICAL_SURFACE('',#3682,2.75);
#43=CYLINDRICAL_SURFACE('',#3685,2.75);
#44=CYLINDRICAL_SURFACE('',#3689,2.75);
#45=CYLINDRICAL_SURFACE('',#3693,2.75);
#46=CYLINDRICAL_SURFACE('',#3759,2.5);
#47=CYLINDRICAL_SURFACE('',#3763,2.5);
#48=FACE_BOUND('',#242,.T.);
#49=FACE_BOUND('',#246,.T.);
#50=FACE_BOUND('',#247,.T.);
#51=FACE_BOUND('',#248,.T.);
#52=FACE_BOUND('',#249,.T.);
#53=FACE_BOUND('',#250,.T.);
#54=FACE_BOUND('',#251,.T.);
#55=FACE_BOUND('',#252,.T.);
#56=FACE_BOUND('',#253,.T.);
#57=FACE_BOUND('',#392,.T.);
#58=FACE_BOUND('',#396,.T.);
#59=FACE_OUTER_BOUND('',#240,.T.);
#60=FACE_OUTER_BOUND('',#241,.T.);
#61=FACE_OUTER_BOUND('',#243,.T.);
#62=FACE_OUTER_BOUND('',#244,.T.);
#63=FACE_OUTER_BOUND('',#245,.T.);
#64=FACE_OUTER_BOUND('',#254,.T.);
#65=FACE_OUTER_BOUND('',#255,.T.);
#66=FACE_OUTER_BOUND('',#256,.T.);
#67=FACE_OUTER_BOUND('',#257,.T.);
#68=FACE_OUTER_BOUND('',#258,.T.);
#69=FACE_OUTER_BOUND('',#259,.T.);
#70=FACE_OUTER_BOUND('',#260,.T.);
#71=FACE_OUTER_BOUND('',#261,.T.);
#72=FACE_OUTER_BOUND('',#262,.T.);
#73=FACE_OUTER_BOUND('',#263,.T.);
#74=FACE_OUTER_BOUND('',#264,.T.);
#75=FACE_OUTER_BOUND('',#265,.T.);
#76=FACE_OUTER_BOUND('',#266,.T.);
#77=FACE_OUTER_BOUND('',#267,.T.);
#78=FACE_OUTER_BOUND('',#268,.T.);
#79=FACE_OUTER_BOUND('',#269,.T.);
#80=FACE_OUTER_BOUND('',#270,.T.);
#81=FACE_OUTER_BOUND('',#271,.T.);
#82=FACE_OUTER_BOUND('',#272,.T.);
#83=FACE_OUTER_BOUND('',#273,.T.);
#84=FACE_OUTER_BOUND('',#274,.T.);
#85=FACE_OUTER_BOUND('',#275,.T.);
#86=FACE_OUTER_BOUND('',#276,.T.);
#87=FACE_OUTER_BOUND('',#277,.T.);
#88=FACE_OUTER_BOUND('',#278,.T.);
#89=FACE_OUTER_BOUND('',#279,.T.);
#90=FACE_OUTER_BOUND('',#280,.T.);
#91=FACE_OUTER_BOUND('',#281,.T.);
#92=FACE_OUTER_BOUND('',#282,.T.);
#93=FACE_OUTER_BOUND('',#283,.T.);
#94=FACE_OUTER_BOUND('',#284,.T.);
#95=FACE_OUTER_BOUND('',#285,.T.);
#96=FACE_OUTER_BOUND('',#286,.T.);
#97=FACE_OUTER_BOUND('',#287,.T.);
#98=FACE_OUTER_BOUND('',#288,.T.);
#99=FACE_OUTER_BOUND('',#289,.T.);
#100=FACE_OUTER_BOUND('',#290,.T.);
#101=FACE_OUTER_BOUND('',#291,.T.);
#102=FACE_OUTER_BOUND('',#292,.T.);
#103=FACE_OUTER_BOUND('',#293,.T.);
#104=FACE_OUTER_BOUND('',#294,.T.);
#105=FACE_OUTER_BOUND('',#295,.T.);
#106=FACE_OUTER_BOUND('',#296,.T.);
#107=FACE_OUTER_BOUND('',#297,.T.);
#108=FACE_OUTER_BOUND('',#298,.T.);
#109=FACE_OUTER_BOUND('',#299,.T.);
#110=FACE_OUTER_BOUND('',#300,.T.);
#111=FACE_OUTER_BOUND('',#301,.T.);
#112=FACE_OUTER_BOUND('',#302,.T.);
#113=FACE_OUTER_BOUND('',#303,.T.);
#114=FACE_OUTER_BOUND('',#304,.T.);
#115=FACE_OUTER_BOUND('',#305,.T.);
#116=FACE_OUTER_BOUND('',#306,.T.);
#117=FACE_OUTER_BOUND('',#307,.T.);
#118=FACE_OUTER_BOUND('',#308,.T.);
#119=FACE_OUTER_BOUND('',#309,.T.);
#120=FACE_OUTER_BOUND('',#310,.T.);
#121=FACE_OUTER_BOUND('',#311,.T.);
#122=FACE_OUTER_BOUND('',#312,.T.);
#123=FACE_OUTER_BOUND('',#313,.T.);
#124=FACE_OUTER_BOUND('',#314,.T.);
#125=FACE_OUTER_BOUND('',#315,.T.);
#126=FACE_OUTER_BOUND('',#316,.T.);
#127=FACE_OUTER_BOUND('',#317,.T.);
#128=FACE_OUTER_BOUND('',#318,.T.);
#129=FACE_OUTER_BOUND('',#319,.T.);
#130=FACE_OUTER_BOUND('',#320,.T.);
#131=FACE_OUTER_BOUND('',#321,.T.);
#132=FACE_OUTER_BOUND('',#322,.T.);
#133=FACE_OUTER_BOUND('',#323,.T.);
#134=FACE_OUTER_BOUND('',#324,.T.);
#135=FACE_OUTER_BOUND('',#325,.T.);
#136=FACE_OUTER_BOUND('',#326,.T.);
#137=FACE_OUTER_BOUND('',#327,.T.);
#138=FACE_OUTER_BOUND('',#328,.T.);
#139=FACE_OUTER_BOUND('',#329,.T.);
#140=FACE_OUTER_BOUND('',#330,.T.);
#141=FACE_OUTER_BOUND('',#331,.T.);
#142=FACE_OUTER_BOUND('',#332,.T.);
#143=FACE_OUTER_BOUND('',#333,.T.);
#144=FACE_OUTER_BOUND('',#334,.T.);
#145=FACE_OUTER_BOUND('',#335,.T.);
#146=FACE_OUTER_BOUND('',#336,.T.);
#147=FACE_OUTER_BOUND('',#337,.T.);
#148=FACE_OUTER_BOUND('',#338,.T.);
#149=FACE_OUTER_BOUND('',#339,.T.);
#150=FACE_OUTER_BOUND('',#340,.T.);
#151=FACE_OUTER_BOUND('',#341,.T.);
#152=FACE_OUTER_BOUND('',#342,.T.);
#153=FACE_OUTER_BOUND('',#343,.T.);
#154=FACE_OUTER_BOUND('',#344,.T.);
#155=FACE_OUTER_BOUND('',#345,.T.);
#156=FACE_OUTER_BOUND('',#346,.T.);
#157=FACE_OUTER_BOUND('',#347,.T.);
#158=FACE_OUTER_BOUND('',#348,.T.);
#159=FACE_OUTER_BOUND('',#349,.T.);
#160=FACE_OUTER_BOUND('',#350,.T.);
#161=FACE_OUTER_BOUND('',#351,.T.);
#162=FACE_OUTER_BOUND('',#352,.T.);
#163=FACE_OUTER_BOUND('',#353,.T.);
#164=FACE_OUTER_BOUND('',#354,.T.);
#165=FACE_OUTER_BOUND('',#355,.T.);
#166=FACE_OUTER_BOUND('',#356,.T.);
#167=FACE_OUTER_BOUND('',#357,.T.);
#168=FACE_OUTER_BOUND('',#358,.T.);
#169=FACE_OUTER_BOUND('',#359,.T.);
#170=FACE_OUTER_BOUND('',#360,.T.);
#171=FACE_OUTER_BOUND('',#361,.T.);
#172=FACE_OUTER_BOUND('',#362,.T.);
#173=FACE_OUTER_BOUND('',#363,.T.);
#174=FACE_OUTER_BOUND('',#364,.T.);
#175=FACE_OUTER_BOUND('',#365,.T.);
#176=FACE_OUTER_BOUND('',#366,.T.);
#177=FACE_OUTER_BOUND('',#367,.T.);
#178=FACE_OUTER_BOUND('',#368,.T.);
#179=FACE_OUTER_BOUND('',#369,.T.);
#180=FACE_OUTER_BOUND('',#370,.T.);
#181=FACE_OUTER_BOUND('',#371,.T.);
#182=FACE_OUTER_BOUND('',#372,.T.);
#183=FACE_OUTER_BOUND('',#373,.T.);
#184=FACE_OUTER_BOUND('',#374,.T.);
#185=FACE_OUTER_BOUND('',#375,.T.);
#186=FACE_OUTER_BOUND('',#376,.T.);
#187=FACE_OUTER_BOUND('',#377,.T.);
#188=FACE_OUTER_BOUND('',#378,.T.);
#189=FACE_OUTER_BOUND('',#379,.T.);
#190=FACE_OUTER_BOUND('',#380,.T.);
#191=FACE_OUTER_BOUND('',#381,.T.);
#192=FACE_OUTER_BOUND('',#382,.T.);
#193=FACE_OUTER_BOUND('',#383,.T.);
#194=FACE_OUTER_BOUND('',#384,.T.);
#195=FACE_OUTER_BOUND('',#385,.T.);
#196=FACE_OUTER_BOUND('',#386,.T.);
#197=FACE_OUTER_BOUND('',#387,.T.);
#198=FACE_OUTER_BOUND('',#388,.T.);
#199=FACE_OUTER_BOUND('',#389,.T.);
#200=FACE_OUTER_BOUND('',#390,.T.);
#201=FACE_OUTER_BOUND('',#391,.T.);
#202=FACE_OUTER_BOUND('',#393,.T.);
#203=FACE_OUTER_BOUND('',#394,.T.);
#204=FACE_OUTER_BOUND('',#395,.T.);
#205=FACE_OUTER_BOUND('',#397,.T.);
#206=FACE_OUTER_BOUND('',#398,.T.);
#207=FACE_OUTER_BOUND('',#399,.T.);
#208=FACE_OUTER_BOUND('',#400,.T.);
#209=FACE_OUTER_BOUND('',#401,.T.);
#210=FACE_OUTER_BOUND('',#402,.T.);
#211=FACE_OUTER_BOUND('',#403,.T.);
#212=FACE_OUTER_BOUND('',#404,.T.);
#213=FACE_OUTER_BOUND('',#405,.T.);
#214=FACE_OUTER_BOUND('',#406,.T.);
#215=FACE_OUTER_BOUND('',#407,.T.);
#216=FACE_OUTER_BOUND('',#408,.T.);
#217=FACE_OUTER_BOUND('',#409,.T.);
#218=FACE_OUTER_BOUND('',#410,.T.);
#219=FACE_OUTER_BOUND('',#411,.T.);
#220=FACE_OUTER_BOUND('',#412,.T.);
#221=FACE_OUTER_BOUND('',#413,.T.);
#222=FACE_OUTER_BOUND('',#414,.T.);
#223=FACE_OUTER_BOUND('',#415,.T.);
#224=FACE_OUTER_BOUND('',#416,.T.);
#225=FACE_OUTER_BOUND('',#417,.T.);
#226=FACE_OUTER_BOUND('',#418,.T.);
#227=FACE_OUTER_BOUND('',#419,.T.);
#228=FACE_OUTER_BOUND('',#420,.T.);
#229=FACE_OUTER_BOUND('',#421,.T.);
#230=FACE_OUTER_BOUND('',#422,.T.);
#231=FACE_OUTER_BOUND('',#423,.T.);
#232=FACE_OUTER_BOUND('',#424,.T.);
#233=FACE_OUTER_BOUND('',#425,.T.);
#234=FACE_OUTER_BOUND('',#426,.T.);
#235=FACE_OUTER_BOUND('',#427,.T.);
#236=FACE_OUTER_BOUND('',#428,.T.);
#237=FACE_OUTER_BOUND('',#429,.T.);
#238=FACE_OUTER_BOUND('',#430,.T.);
#239=FACE_OUTER_BOUND('',#431,.T.);
#240=EDGE_LOOP('',(#2246,#2247,#2248,#2249));
#241=EDGE_LOOP('',(#2250,#2251,#2252,#2253,#2254,#2255,#2256,#2257,#2258,
#2259,#2260,#2261,#2262,#2263,#2264,#2265,#2266,#2267,#2268,#2269,#2270,
#2271,#2272,#2273,#2274,#2275,#2276,#2277));
#242=EDGE_LOOP('',(#2278,#2279,#2280,#2281));
#243=EDGE_LOOP('',(#2282,#2283,#2284,#2285,#2286,#2287));
#244=EDGE_LOOP('',(#2288,#2289,#2290,#2291));
#245=EDGE_LOOP('',(#2292,#2293,#2294,#2295,#2296,#2297,#2298,#2299,#2300,
#2301,#2302,#2303,#2304,#2305,#2306,#2307,#2308,#2309,#2310,#2311,#2312,
#2313,#2314,#2315,#2316,#2317,#2318,#2319));
#246=EDGE_LOOP('',(#2320,#2321,#2322,#2323));
#247=EDGE_LOOP('',(#2324,#2325,#2326,#2327,#2328,#2329));
#248=EDGE_LOOP('',(#2330,#2331,#2332,#2333,#2334,#2335));
#249=EDGE_LOOP('',(#2336,#2337,#2338,#2339));
#250=EDGE_LOOP('',(#2340,#2341,#2342,#2343));
#251=EDGE_LOOP('',(#2344,#2345,#2346,#2347));
#252=EDGE_LOOP('',(#2348,#2349,#2350,#2351));
#253=EDGE_LOOP('',(#2352,#2353,#2354,#2355));
#254=EDGE_LOOP('',(#2356,#2357,#2358,#2359));
#255=EDGE_LOOP('',(#2360,#2361,#2362,#2363,#2364,#2365));
#256=EDGE_LOOP('',(#2366,#2367,#2368,#2369));
#257=EDGE_LOOP('',(#2370,#2371,#2372,#2373));
#258=EDGE_LOOP('',(#2374,#2375,#2376,#2377,#2378,#2379));
#259=EDGE_LOOP('',(#2380,#2381,#2382,#2383));
#260=EDGE_LOOP('',(#2384,#2385,#2386,#2387,#2388,#2389));
#261=EDGE_LOOP('',(#2390,#2391,#2392,#2393));
#262=EDGE_LOOP('',(#2394,#2395,#2396,#2397,#2398,#2399));
#263=EDGE_LOOP('',(#2400,#2401,#2402,#2403));
#264=EDGE_LOOP('',(#2404,#2405,#2406,#2407));
#265=EDGE_LOOP('',(#2408,#2409,#2410,#2411));
#266=EDGE_LOOP('',(#2412,#2413,#2414,#2415,#2416,#2417));
#267=EDGE_LOOP('',(#2418,#2419,#2420,#2421));
#268=EDGE_LOOP('',(#2422,#2423,#2424,#2425));
#269=EDGE_LOOP('',(#2426,#2427,#2428,#2429));
#270=EDGE_LOOP('',(#2430,#2431,#2432,#2433,#2434,#2435));
#271=EDGE_LOOP('',(#2436,#2437,#2438,#2439));
#272=EDGE_LOOP('',(#2440,#2441,#2442,#2443));
#273=EDGE_LOOP('',(#2444,#2445,#2446,#2447,#2448,#2449));
#274=EDGE_LOOP('',(#2450,#2451,#2452,#2453));
#275=EDGE_LOOP('',(#2454,#2455,#2456,#2457));
#276=EDGE_LOOP('',(#2458,#2459,#2460,#2461));
#277=EDGE_LOOP('',(#2462,#2463,#2464,#2465,#2466,#2467));
#278=EDGE_LOOP('',(#2468,#2469,#2470,#2471));
#279=EDGE_LOOP('',(#2472,#2473,#2474,#2475));
#280=EDGE_LOOP('',(#2476,#2477,#2478,#2479));
#281=EDGE_LOOP('',(#2480,#2481,#2482,#2483));
#282=EDGE_LOOP('',(#2484,#2485,#2486,#2487,#2488,#2489));
#283=EDGE_LOOP('',(#2490,#2491,#2492,#2493));
#284=EDGE_LOOP('',(#2494,#2495,#2496,#2497));
#285=EDGE_LOOP('',(#2498,#2499,#2500,#2501,#2502,#2503));
#286=EDGE_LOOP('',(#2504,#2505,#2506,#2507));
#287=EDGE_LOOP('',(#2508,#2509,#2510,#2511,#2512,#2513));
#288=EDGE_LOOP('',(#2514,#2515,#2516,#2517));
#289=EDGE_LOOP('',(#2518,#2519,#2520,#2521));
#290=EDGE_LOOP('',(#2522,#2523,#2524,#2525));
#291=EDGE_LOOP('',(#2526,#2527,#2528,#2529));
#292=EDGE_LOOP('',(#2530,#2531,#2532,#2533));
#293=EDGE_LOOP('',(#2534,#2535,#2536,#2537));
#294=EDGE_LOOP('',(#2538,#2539,#2540,#2541));
#295=EDGE_LOOP('',(#2542,#2543,#2544,#2545,#2546,#2547));
#296=EDGE_LOOP('',(#2548,#2549,#2550,#2551));
#297=EDGE_LOOP('',(#2552,#2553,#2554,#2555));
#298=EDGE_LOOP('',(#2556,#2557,#2558,#2559));
#299=EDGE_LOOP('',(#2560,#2561,#2562,#2563));
#300=EDGE_LOOP('',(#2564,#2565,#2566,#2567));
#301=EDGE_LOOP('',(#2568,#2569,#2570,#2571));
#302=EDGE_LOOP('',(#2572,#2573,#2574,#2575));
#303=EDGE_LOOP('',(#2576,#2577,#2578,#2579));
#304=EDGE_LOOP('',(#2580,#2581,#2582,#2583));
#305=EDGE_LOOP('',(#2584,#2585,#2586,#2587));
#306=EDGE_LOOP('',(#2588,#2589,#2590,#2591));
#307=EDGE_LOOP('',(#2592,#2593,#2594,#2595,#2596,#2597));
#308=EDGE_LOOP('',(#2598,#2599,#2600,#2601));
#309=EDGE_LOOP('',(#2602,#2603,#2604,#2605));
#310=EDGE_LOOP('',(#2606,#2607,#2608,#2609,#2610,#2611));
#311=EDGE_LOOP('',(#2612,#2613,#2614,#2615));
#312=EDGE_LOOP('',(#2616,#2617,#2618,#2619));
#313=EDGE_LOOP('',(#2620,#2621,#2622,#2623));
#314=EDGE_LOOP('',(#2624,#2625,#2626,#2627));
#315=EDGE_LOOP('',(#2628,#2629,#2630,#2631));
#316=EDGE_LOOP('',(#2632,#2633,#2634,#2635,#2636,#2637));
#317=EDGE_LOOP('',(#2638,#2639,#2640,#2641));
#318=EDGE_LOOP('',(#2642,#2643,#2644,#2645));
#319=EDGE_LOOP('',(#2646,#2647,#2648,#2649));
#320=EDGE_LOOP('',(#2650,#2651,#2652,#2653));
#321=EDGE_LOOP('',(#2654,#2655,#2656,#2657));
#322=EDGE_LOOP('',(#2658,#2659,#2660,#2661));
#323=EDGE_LOOP('',(#2662,#2663,#2664,#2665));
#324=EDGE_LOOP('',(#2666,#2667,#2668,#2669));
#325=EDGE_LOOP('',(#2670,#2671,#2672,#2673));
#326=EDGE_LOOP('',(#2674,#2675,#2676,#2677));
#327=EDGE_LOOP('',(#2678,#2679,#2680,#2681));
#328=EDGE_LOOP('',(#2682,#2683,#2684,#2685));
#329=EDGE_LOOP('',(#2686,#2687,#2688,#2689));
#330=EDGE_LOOP('',(#2690,#2691,#2692,#2693));
#331=EDGE_LOOP('',(#2694,#2695,#2696,#2697));
#332=EDGE_LOOP('',(#2698,#2699,#2700,#2701));
#333=EDGE_LOOP('',(#2702,#2703,#2704,#2705));
#334=EDGE_LOOP('',(#2706,#2707,#2708,#2709));
#335=EDGE_LOOP('',(#2710,#2711,#2712,#2713));
#336=EDGE_LOOP('',(#2714,#2715,#2716,#2717));
#337=EDGE_LOOP('',(#2718,#2719,#2720,#2721));
#338=EDGE_LOOP('',(#2722,#2723,#2724,#2725));
#339=EDGE_LOOP('',(#2726,#2727,#2728,#2729));
#340=EDGE_LOOP('',(#2730,#2731,#2732,#2733));
#341=EDGE_LOOP('',(#2734,#2735,#2736,#2737));
#342=EDGE_LOOP('',(#2738,#2739,#2740,#2741,#2742,#2743,#2744,#2745));
#343=EDGE_LOOP('',(#2746,#2747,#2748,#2749,#2750,#2751,#2752,#2753));
#344=EDGE_LOOP('',(#2754,#2755,#2756,#2757,#2758,#2759,#2760,#2761));
#345=EDGE_LOOP('',(#2762,#2763,#2764,#2765,#2766,#2767,#2768,#2769));
#346=EDGE_LOOP('',(#2770,#2771,#2772,#2773,#2774,#2775,#2776,#2777));
#347=EDGE_LOOP('',(#2778,#2779,#2780,#2781,#2782,#2783,#2784,#2785));
#348=EDGE_LOOP('',(#2786,#2787,#2788,#2789,#2790,#2791,#2792,#2793));
#349=EDGE_LOOP('',(#2794,#2795,#2796,#2797));
#350=EDGE_LOOP('',(#2798,#2799,#2800,#2801));
#351=EDGE_LOOP('',(#2802,#2803,#2804,#2805,#2806,#2807,#2808,#2809));
#352=EDGE_LOOP('',(#2810,#2811,#2812,#2813,#2814,#2815,#2816,#2817));
#353=EDGE_LOOP('',(#2818,#2819,#2820,#2821,#2822,#2823,#2824,#2825));
#354=EDGE_LOOP('',(#2826,#2827,#2828,#2829));
#355=EDGE_LOOP('',(#2830,#2831,#2832,#2833));
#356=EDGE_LOOP('',(#2834,#2835,#2836,#2837,#2838,#2839,#2840,#2841));
#357=EDGE_LOOP('',(#2842,#2843,#2844,#2845,#2846,#2847,#2848,#2849));
#358=EDGE_LOOP('',(#2850,#2851,#2852,#2853));
#359=EDGE_LOOP('',(#2854,#2855,#2856,#2857,#2858,#2859,#2860,#2861));
#360=EDGE_LOOP('',(#2862,#2863,#2864,#2865,#2866,#2867,#2868,#2869));
#361=EDGE_LOOP('',(#2870,#2871,#2872,#2873));
#362=EDGE_LOOP('',(#2874,#2875,#2876,#2877));
#363=EDGE_LOOP('',(#2878,#2879,#2880,#2881));
#364=EDGE_LOOP('',(#2882,#2883,#2884,#2885));
#365=EDGE_LOOP('',(#2886,#2887,#2888,#2889));
#366=EDGE_LOOP('',(#2890,#2891,#2892,#2893));
#367=EDGE_LOOP('',(#2894,#2895,#2896,#2897));
#368=EDGE_LOOP('',(#2898,#2899,#2900,#2901));
#369=EDGE_LOOP('',(#2902,#2903,#2904,#2905));
#370=EDGE_LOOP('',(#2906,#2907,#2908,#2909));
#371=EDGE_LOOP('',(#2910,#2911,#2912,#2913));
#372=EDGE_LOOP('',(#2914,#2915,#2916,#2917));
#373=EDGE_LOOP('',(#2918,#2919,#2920,#2921,#2922,#2923,#2924,#2925,#2926,
#2927,#2928,#2929));
#374=EDGE_LOOP('',(#2930,#2931,#2932,#2933,#2934,#2935,#2936,#2937,#2938,
#2939,#2940,#2941,#2942,#2943,#2944,#2945,#2946,#2947,#2948,#2949,#2950,
#2951));
#375=EDGE_LOOP('',(#2952,#2953,#2954,#2955));
#376=EDGE_LOOP('',(#2956,#2957,#2958,#2959));
#377=EDGE_LOOP('',(#2960,#2961,#2962,#2963));
#378=EDGE_LOOP('',(#2964,#2965,#2966,#2967));
#379=EDGE_LOOP('',(#2968,#2969,#2970,#2971));
#380=EDGE_LOOP('',(#2972,#2973,#2974,#2975));
#381=EDGE_LOOP('',(#2976,#2977,#2978,#2979));
#382=EDGE_LOOP('',(#2980,#2981,#2982,#2983));
#383=EDGE_LOOP('',(#2984,#2985,#2986,#2987));
#384=EDGE_LOOP('',(#2988,#2989,#2990,#2991));
#385=EDGE_LOOP('',(#2992,#2993,#2994,#2995));
#386=EDGE_LOOP('',(#2996,#2997,#2998,#2999));
#387=EDGE_LOOP('',(#3000,#3001,#3002,#3003));
#388=EDGE_LOOP('',(#3004,#3005,#3006,#3007));
#389=EDGE_LOOP('',(#3008,#3009,#3010,#3011));
#390=EDGE_LOOP('',(#3012,#3013,#3014,#3015));
#391=EDGE_LOOP('',(#3016,#3017,#3018,#3019));
#392=EDGE_LOOP('',(#3020,#3021,#3022,#3023));
#393=EDGE_LOOP('',(#3024,#3025,#3026,#3027));
#394=EDGE_LOOP('',(#3028,#3029,#3030,#3031,#3032,#3033,#3034));
#395=EDGE_LOOP('',(#3035,#3036,#3037,#3038,#3039,#3040,#3041,#3042,#3043,
#3044,#3045,#3046,#3047,#3048,#3049,#3050,#3051,#3052,#3053,#3054,#3055,
#3056,#3057,#3058,#3059,#3060,#3061,#3062));
#396=EDGE_LOOP('',(#3063,#3064,#3065,#3066));
#397=EDGE_LOOP('',(#3067,#3068,#3069,#3070));
#398=EDGE_LOOP('',(#3071,#3072,#3073,#3074,#3075,#3076,#3077));
#399=EDGE_LOOP('',(#3078,#3079,#3080,#3081));
#400=EDGE_LOOP('',(#3082,#3083,#3084,#3085,#3086,#3087,#3088));
#401=EDGE_LOOP('',(#3089,#3090,#3091,#3092));
#402=EDGE_LOOP('',(#3093,#3094,#3095,#3096,#3097,#3098,#3099));
#403=EDGE_LOOP('',(#3100,#3101,#3102,#3103));
#404=EDGE_LOOP('',(#3104,#3105,#3106,#3107,#3108,#3109,#3110));
#405=EDGE_LOOP('',(#3111,#3112,#3113,#3114));
#406=EDGE_LOOP('',(#3115,#3116,#3117,#3118));
#407=EDGE_LOOP('',(#3119,#3120,#3121,#3122,#3123,#3124,#3125));
#408=EDGE_LOOP('',(#3126,#3127,#3128,#3129));
#409=EDGE_LOOP('',(#3130,#3131,#3132,#3133,#3134,#3135,#3136));
#410=EDGE_LOOP('',(#3137,#3138,#3139,#3140));
#411=EDGE_LOOP('',(#3141,#3142,#3143,#3144));
#412=EDGE_LOOP('',(#3145,#3146,#3147,#3148,#3149,#3150,#3151));
#413=EDGE_LOOP('',(#3152,#3153,#3154,#3155));
#414=EDGE_LOOP('',(#3156,#3157,#3158,#3159,#3160,#3161,#3162));
#415=EDGE_LOOP('',(#3163,#3164,#3165,#3166));
#416=EDGE_LOOP('',(#3167,#3168,#3169,#3170,#3171,#3172,#3173));
#417=EDGE_LOOP('',(#3174,#3175,#3176,#3177));
#418=EDGE_LOOP('',(#3178,#3179,#3180,#3181,#3182,#3183,#3184));
#419=EDGE_LOOP('',(#3185,#3186,#3187,#3188));
#420=EDGE_LOOP('',(#3189,#3190,#3191,#3192,#3193,#3194,#3195));
#421=EDGE_LOOP('',(#3196,#3197,#3198,#3199));
#422=EDGE_LOOP('',(#3200,#3201,#3202,#3203));
#423=EDGE_LOOP('',(#3204,#3205,#3206,#3207));
#424=EDGE_LOOP('',(#3208,#3209,#3210,#3211));
#425=EDGE_LOOP('',(#3212,#3213,#3214,#3215,#3216,#3217,#3218,#3219,#3220,
#3221,#3222,#3223,#3224,#3225,#3226,#3227));
#426=EDGE_LOOP('',(#3228,#3229,#3230,#3231));
#427=EDGE_LOOP('',(#3232,#3233,#3234,#3235));
#428=EDGE_LOOP('',(#3236,#3237,#3238,#3239));
#429=EDGE_LOOP('',(#3240,#3241,#3242,#3243,#3244,#3245,#3246,#3247,#3248,
#3249));
#430=EDGE_LOOP('',(#3250,#3251,#3252,#3253));
#431=EDGE_LOOP('',(#3254,#3255,#3256,#3257));
#432=LINE('',#4719,#918);
#433=LINE('',#4721,#919);
#434=LINE('',#4723,#920);
#435=LINE('',#4724,#921);
#436=LINE('',#4727,#922);
#437=LINE('',#4729,#923);
#438=LINE('',#4731,#924);
#439=LINE('',#4733,#925);
#440=LINE('',#4735,#926);
#441=LINE('',#4737,#927);
#442=LINE('',#4739,#928);
#443=LINE('',#4741,#929);
#444=LINE('',#4743,#930);
#445=LINE('',#4745,#931);
#446=LINE('',#4747,#932);
#447=LINE('',#4749,#933);
#448=LINE('',#4751,#934);
#449=LINE('',#4753,#935);
#450=LINE('',#4755,#936);
#451=LINE('',#4757,#937);
#452=LINE('',#4759,#938);
#453=LINE('',#4761,#939);
#454=LINE('',#4763,#940);
#455=LINE('',#4765,#941);
#456=LINE('',#4767,#942);
#457=LINE('',#4769,#943);
#458=LINE('',#4771,#944);
#459=LINE('',#4773,#945);
#460=LINE('',#4775,#946);
#461=LINE('',#4777,#947);
#462=LINE('',#4778,#948);
#463=LINE('',#4781,#949);
#464=LINE('',#4783,#950);
#465=LINE('',#4785,#951);
#466=LINE('',#4786,#952);
#467=LINE('',#4789,#953);
#468=LINE('',#4791,#954);
#469=LINE('',#4793,#955);
#470=LINE('',#4794,#956);
#471=LINE('',#4798,#957);
#472=LINE('',#4799,#958);
#473=LINE('',#4800,#959);
#474=LINE('',#4803,#960);
#475=LINE('',#4805,#961);
#476=LINE('',#4807,#962);
#477=LINE('',#4809,#963);
#478=LINE('',#4811,#964);
#479=LINE('',#4813,#965);
#480=LINE('',#4815,#966);
#481=LINE('',#4817,#967);
#482=LINE('',#4819,#968);
#483=LINE('',#4821,#969);
#484=LINE('',#4823,#970);
#485=LINE('',#4825,#971);
#486=LINE('',#4827,#972);
#487=LINE('',#4829,#973);
#488=LINE('',#4831,#974);
#489=LINE('',#4833,#975);
#490=LINE('',#4835,#976);
#491=LINE('',#4837,#977);
#492=LINE('',#4839,#978);
#493=LINE('',#4841,#979);
#494=LINE('',#4843,#980);
#495=LINE('',#4845,#981);
#496=LINE('',#4847,#982);
#497=LINE('',#4849,#983);
#498=LINE('',#4851,#984);
#499=LINE('',#4852,#985);
#500=LINE('',#4855,#986);
#501=LINE('',#4857,#987);
#502=LINE('',#4859,#988);
#503=LINE('',#4860,#989);
#504=LINE('',#4863,#990);
#505=LINE('',#4865,#991);
#506=LINE('',#4867,#992);
#507=LINE('',#4869,#993);
#508=LINE('',#4871,#994);
#509=LINE('',#4872,#995);
#510=LINE('',#4875,#996);
#511=LINE('',#4877,#997);
#512=LINE('',#4879,#998);
#513=LINE('',#4881,#999);
#514=LINE('',#4883,#1000);
#515=LINE('',#4884,#1001);
#516=LINE('',#4887,#1002);
#517=LINE('',#4889,#1003);
#518=LINE('',#4891,#1004);
#519=LINE('',#4892,#1005);
#520=LINE('',#4895,#1006);
#521=LINE('',#4897,#1007);
#522=LINE('',#4899,#1008);
#523=LINE('',#4900,#1009);
#524=LINE('',#4903,#1010);
#525=LINE('',#4905,#1011);
#526=LINE('',#4907,#1012);
#527=LINE('',#4908,#1013);
#528=LINE('',#4911,#1014);
#529=LINE('',#4913,#1015);
#530=LINE('',#4915,#1016);
#531=LINE('',#4916,#1017);
#532=LINE('',#4919,#1018);
#533=LINE('',#4921,#1019);
#534=LINE('',#4923,#1020);
#535=LINE('',#4924,#1021);
#536=LINE('',#4927,#1022);
#537=LINE('',#4929,#1023);
#538=LINE('',#4930,#1024);
#539=LINE('',#4933,#1025);
#540=LINE('',#4934,#1026);
#541=LINE('',#4935,#1027);
#542=LINE('',#4938,#1028);
#543=LINE('',#4939,#1029);
#544=LINE('',#4942,#1030);
#545=LINE('',#4944,#1031);
#546=LINE('',#4945,#1032);
#547=LINE('',#4948,#1033);
#548=LINE('',#4949,#1034);
#549=LINE('',#4950,#1035);
#550=LINE('',#4953,#1036);
#551=LINE('',#4954,#1037);
#552=LINE('',#4956,#1038);
#553=LINE('',#4957,#1039);
#554=LINE('',#4960,#1040);
#555=LINE('',#4962,#1041);
#556=LINE('',#4963,#1042);
#557=LINE('',#4966,#1043);
#558=LINE('',#4967,#1044);
#559=LINE('',#4968,#1045);
#560=LINE('',#4971,#1046);
#561=LINE('',#4972,#1047);
#562=LINE('',#4974,#1048);
#563=LINE('',#4977,#1049);
#564=LINE('',#4979,#1050);
#565=LINE('',#4980,#1051);
#566=LINE('',#4983,#1052);
#567=LINE('',#4984,#1053);
#568=LINE('',#4985,#1054);
#569=LINE('',#4988,#1055);
#570=LINE('',#4989,#1056);
#571=LINE('',#4991,#1057);
#572=LINE('',#4994,#1058);
#573=LINE('',#4996,#1059);
#574=LINE('',#4997,#1060);
#575=LINE('',#5000,#1061);
#576=LINE('',#5001,#1062);
#577=LINE('',#5002,#1063);
#578=LINE('',#5005,#1064);
#579=LINE('',#5006,#1065);
#580=LINE('',#5008,#1066);
#581=LINE('',#5010,#1067);
#582=LINE('',#5012,#1068);
#583=LINE('',#5015,#1069);
#584=LINE('',#5017,#1070);
#585=LINE('',#5022,#1071);
#586=LINE('',#5024,#1072);
#587=LINE('',#5026,#1073);
#588=LINE('',#5028,#1074);
#589=LINE('',#5030,#1075);
#590=LINE('',#5032,#1076);
#591=LINE('',#5035,#1077);
#592=LINE('',#5041,#1078);
#593=LINE('',#5044,#1079);
#594=LINE('',#5047,#1080);
#595=LINE('',#5049,#1081);
#596=LINE('',#5050,#1082);
#597=LINE('',#5056,#1083);
#598=LINE('',#5059,#1084);
#599=LINE('',#5062,#1085);
#600=LINE('',#5064,#1086);
#601=LINE('',#5065,#1087);
#602=LINE('',#5069,#1088);
#603=LINE('',#5073,#1089);
#604=LINE('',#5077,#1090);
#605=LINE('',#5080,#1091);
#606=LINE('',#5083,#1092);
#607=LINE('',#5085,#1093);
#608=LINE('',#5087,#1094);
#609=LINE('',#5088,#1095);
#610=LINE('',#5094,#1096);
#611=LINE('',#5097,#1097);
#612=LINE('',#5100,#1098);
#613=LINE('',#5102,#1099);
#614=LINE('',#5103,#1100);
#615=LINE('',#5107,#1101);
#616=LINE('',#5111,#1102);
#617=LINE('',#5115,#1103);
#618=LINE('',#5118,#1104);
#619=LINE('',#5120,#1105);
#620=LINE('',#5121,#1106);
#621=LINE('',#5123,#1107);
#622=LINE('',#5129,#1108);
#623=LINE('',#5132,#1109);
#624=LINE('',#5135,#1110);
#625=LINE('',#5137,#1111);
#626=LINE('',#5138,#1112);
#627=LINE('',#5144,#1113);
#628=LINE('',#5147,#1114);
#629=LINE('',#5150,#1115);
#630=LINE('',#5152,#1116);
#631=LINE('',#5153,#1117);
#632=LINE('',#5157,#1118);
#633=LINE('',#5159,#1119);
#634=LINE('',#5161,#1120);
#635=LINE('',#5162,#1121);
#636=LINE('',#5166,#1122);
#637=LINE('',#5168,#1123);
#638=LINE('',#5170,#1124);
#639=LINE('',#5172,#1125);
#640=LINE('',#5174,#1126);
#641=LINE('',#5175,#1127);
#642=LINE('',#5179,#1128);
#643=LINE('',#5181,#1129);
#644=LINE('',#5183,#1130);
#645=LINE('',#5184,#1131);
#646=LINE('',#5188,#1132);
#647=LINE('',#5190,#1133);
#648=LINE('',#5192,#1134);
#649=LINE('',#5193,#1135);
#650=LINE('',#5197,#1136);
#651=LINE('',#5199,#1137);
#652=LINE('',#5201,#1138);
#653=LINE('',#5203,#1139);
#654=LINE('',#5205,#1140);
#655=LINE('',#5206,#1141);
#656=LINE('',#5210,#1142);
#657=LINE('',#5212,#1143);
#658=LINE('',#5214,#1144);
#659=LINE('',#5215,#1145);
#660=LINE('',#5217,#1146);
#661=LINE('',#5218,#1147);
#662=LINE('',#5220,#1148);
#663=LINE('',#5221,#1149);
#664=LINE('',#5224,#1150);
#665=LINE('',#5226,#1151);
#666=LINE('',#5227,#1152);
#667=LINE('',#5230,#1153);
#668=LINE('',#5231,#1154);
#669=LINE('',#5233,#1155);
#670=LINE('',#5234,#1156);
#671=LINE('',#5236,#1157);
#672=LINE('',#5237,#1158);
#673=LINE('',#5239,#1159);
#674=LINE('',#5240,#1160);
#675=LINE('',#5242,#1161);
#676=LINE('',#5243,#1162);
#677=LINE('',#5245,#1163);
#678=LINE('',#5246,#1164);
#679=LINE('',#5250,#1165);
#680=LINE('',#5251,#1166);
#681=LINE('',#5252,#1167);
#682=LINE('',#5254,#1168);
#683=LINE('',#5255,#1169);
#684=LINE('',#5257,#1170);
#685=LINE('',#5258,#1171);
#686=LINE('',#5260,#1172);
#687=LINE('',#5261,#1173);
#688=LINE('',#5263,#1174);
#689=LINE('',#5265,#1175);
#690=LINE('',#5266,#1176);
#691=LINE('',#5268,#1177);
#692=LINE('',#5271,#1178);
#693=LINE('',#5273,#1179);
#694=LINE('',#5274,#1180);
#695=LINE('',#5276,#1181);
#696=LINE('',#5277,#1182);
#697=LINE('',#5280,#1183);
#698=LINE('',#5282,#1184);
#699=LINE('',#5283,#1185);
#700=LINE('',#5285,#1186);
#701=LINE('',#5286,#1187);
#702=LINE('',#5289,#1188);
#703=LINE('',#5291,#1189);
#704=LINE('',#5292,#1190);
#705=LINE('',#5295,#1191);
#706=LINE('',#5296,#1192);
#707=LINE('',#5299,#1193);
#708=LINE('',#5301,#1194);
#709=LINE('',#5302,#1195);
#710=LINE('',#5305,#1196);
#711=LINE('',#5307,#1197);
#712=LINE('',#5308,#1198);
#713=LINE('',#5311,#1199);
#714=LINE('',#5313,#1200);
#715=LINE('',#5314,#1201);
#716=LINE('',#5317,#1202);
#717=LINE('',#5318,#1203);
#718=LINE('',#5321,#1204);
#719=LINE('',#5323,#1205);
#720=LINE('',#5324,#1206);
#721=LINE('',#5326,#1207);
#722=LINE('',#5327,#1208);
#723=LINE('',#5330,#1209);
#724=LINE('',#5332,#1210);
#725=LINE('',#5333,#1211);
#726=LINE('',#5335,#1212);
#727=LINE('',#5336,#1213);
#728=LINE('',#5344,#1214);
#729=LINE('',#5346,#1215);
#730=LINE('',#5348,#1216);
#731=LINE('',#5351,#1217);
#732=LINE('',#5353,#1218);
#733=LINE('',#5355,#1219);
#734=LINE('',#5360,#1220);
#735=LINE('',#5361,#1221);
#736=LINE('',#5363,#1222);
#737=LINE('',#5365,#1223);
#738=LINE('',#5368,#1224);
#739=LINE('',#5369,#1225);
#740=LINE('',#5371,#1226);
#741=LINE('',#5372,#1227);
#742=LINE('',#5382,#1228);
#743=LINE('',#5385,#1229);
#744=LINE('',#5388,#1230);
#745=LINE('',#5390,#1231);
#746=LINE('',#5391,#1232);
#747=LINE('',#5397,#1233);
#748=LINE('',#5400,#1234);
#749=LINE('',#5402,#1235);
#750=LINE('',#5403,#1236);
#751=LINE('',#5406,#1237);
#752=LINE('',#5408,#1238);
#753=LINE('',#5409,#1239);
#754=LINE('',#5412,#1240);
#755=LINE('',#5414,#1241);
#756=LINE('',#5416,#1242);
#757=LINE('',#5418,#1243);
#758=LINE('',#5419,#1244);
#759=LINE('',#5421,#1245);
#760=LINE('',#5423,#1246);
#761=LINE('',#5425,#1247);
#762=LINE('',#5427,#1248);
#763=LINE('',#5428,#1249);
#764=LINE('',#5431,#1250);
#765=LINE('',#5433,#1251);
#766=LINE('',#5435,#1252);
#767=LINE('',#5437,#1253);
#768=LINE('',#5439,#1254);
#769=LINE('',#5441,#1255);
#770=LINE('',#5443,#1256);
#771=LINE('',#5445,#1257);
#772=LINE('',#5447,#1258);
#773=LINE('',#5449,#1259);
#774=LINE('',#5451,#1260);
#775=LINE('',#5453,#1261);
#776=LINE('',#5455,#1262);
#777=LINE('',#5457,#1263);
#778=LINE('',#5458,#1264);
#779=LINE('',#5462,#1265);
#780=LINE('',#5464,#1266);
#781=LINE('',#5466,#1267);
#782=LINE('',#5467,#1268);
#783=LINE('',#5470,#1269);
#784=LINE('',#5472,#1270);
#785=LINE('',#5473,#1271);
#786=LINE('',#5477,#1272);
#787=LINE('',#5479,#1273);
#788=LINE('',#5481,#1274);
#789=LINE('',#5482,#1275);
#790=LINE('',#5485,#1276);
#791=LINE('',#5487,#1277);
#792=LINE('',#5488,#1278);
#793=LINE('',#5492,#1279);
#794=LINE('',#5494,#1280);
#795=LINE('',#5496,#1281);
#796=LINE('',#5497,#1282);
#797=LINE('',#5500,#1283);
#798=LINE('',#5502,#1284);
#799=LINE('',#5503,#1285);
#800=LINE('',#5506,#1286);
#801=LINE('',#5508,#1287);
#802=LINE('',#5509,#1288);
#803=LINE('',#5512,#1289);
#804=LINE('',#5514,#1290);
#805=LINE('',#5515,#1291);
#806=LINE('',#5518,#1292);
#807=LINE('',#5520,#1293);
#808=LINE('',#5521,#1294);
#809=LINE('',#5524,#1295);
#810=LINE('',#5526,#1296);
#811=LINE('',#5527,#1297);
#812=LINE('',#5530,#1298);
#813=LINE('',#5532,#1299);
#814=LINE('',#5533,#1300);
#815=LINE('',#5536,#1301);
#816=LINE('',#5538,#1302);
#817=LINE('',#5539,#1303);
#818=LINE('',#5543,#1304);
#819=LINE('',#5545,#1305);
#820=LINE('',#5547,#1306);
#821=LINE('',#5548,#1307);
#822=LINE('',#5551,#1308);
#823=LINE('',#5553,#1309);
#824=LINE('',#5554,#1310);
#825=LINE('',#5557,#1311);
#826=LINE('',#5559,#1312);
#827=LINE('',#5560,#1313);
#828=LINE('',#5562,#1314);
#829=LINE('',#5563,#1315);
#830=LINE('',#5567,#1316);
#831=LINE('',#5569,#1317);
#832=LINE('',#5571,#1318);
#833=LINE('',#5572,#1319);
#834=LINE('',#5576,#1320);
#835=LINE('',#5578,#1321);
#836=LINE('',#5580,#1322);
#837=LINE('',#5581,#1323);
#838=LINE('',#5583,#1324);
#839=LINE('',#5585,#1325);
#840=LINE('',#5586,#1326);
#841=LINE('',#5588,#1327);
#842=LINE('',#5590,#1328);
#843=LINE('',#5592,#1329);
#844=LINE('',#5593,#1330);
#845=LINE('',#5595,#1331);
#846=LINE('',#5597,#1332);
#847=LINE('',#5598,#1333);
#848=LINE('',#5600,#1334);
#849=LINE('',#5602,#1335);
#850=LINE('',#5604,#1336);
#851=LINE('',#5606,#1337);
#852=LINE('',#5608,#1338);
#853=LINE('',#5610,#1339);
#854=LINE('',#5612,#1340);
#855=LINE('',#5614,#1341);
#856=LINE('',#5616,#1342);
#857=LINE('',#5618,#1343);
#858=LINE('',#5620,#1344);
#859=LINE('',#5622,#1345);
#860=LINE('',#5624,#1346);
#861=LINE('',#5626,#1347);
#862=LINE('',#5627,#1348);
#863=LINE('',#5630,#1349);
#864=LINE('',#5631,#1350);
#865=LINE('',#5633,#1351);
#866=LINE('',#5636,#1352);
#867=LINE('',#5638,#1353);
#868=LINE('',#5639,#1354);
#869=LINE('',#5642,#1355);
#870=LINE('',#5643,#1356);
#871=LINE('',#5646,#1357);
#872=LINE('',#5647,#1358);
#873=LINE('',#5649,#1359);
#874=LINE('',#5652,#1360);
#875=LINE('',#5654,#1361);
#876=LINE('',#5655,#1362);
#877=LINE('',#5658,#1363);
#878=LINE('',#5659,#1364);
#879=LINE('',#5662,#1365);
#880=LINE('',#5663,#1366);
#881=LINE('',#5665,#1367);
#882=LINE('',#5669,#1368);
#883=LINE('',#5671,#1369);
#884=LINE('',#5672,#1370);
#885=LINE('',#5675,#1371);
#886=LINE('',#5676,#1372);
#887=LINE('',#5677,#1373);
#888=LINE('',#5680,#1374);
#889=LINE('',#5681,#1375);
#890=LINE('',#5683,#1376);
#891=LINE('',#5685,#1377);
#892=LINE('',#5688,#1378);
#893=LINE('',#5690,#1379);
#894=LINE('',#5691,#1380);
#895=LINE('',#5693,#1381);
#896=LINE('',#5695,#1382);
#897=LINE('',#5696,#1383);
#898=LINE('',#5699,#1384);
#899=LINE('',#5700,#1385);
#900=LINE('',#5702,#1386);
#901=LINE('',#5703,#1387);
#902=LINE('',#5706,#1388);
#903=LINE('',#5708,#1389);
#904=LINE('',#5709,#1390);
#905=LINE('',#5711,#1391);
#906=LINE('',#5713,#1392);
#907=LINE('',#5714,#1393);
#908=LINE('',#5717,#1394);
#909=LINE('',#5718,#1395);
#910=LINE('',#5720,#1396);
#911=LINE('',#5721,#1397);
#912=LINE('',#5727,#1398);
#913=LINE('',#5728,#1399);
#914=LINE('',#5732,#1400);
#915=LINE('',#5733,#1401);
#916=LINE('',#5735,#1402);
#917=LINE('',#5737,#1403);
#918=VECTOR('',#3829,10.);
#919=VECTOR('',#3830,10.);
#920=VECTOR('',#3831,10.);
#921=VECTOR('',#3832,10.);
#922=VECTOR('',#3835,10.);
#923=VECTOR('',#3836,10.);
#924=VECTOR('',#3837,10.);
#925=VECTOR('',#3838,10.);
#926=VECTOR('',#3839,10.);
#927=VECTOR('',#3840,10.);
#928=VECTOR('',#3841,10.);
#929=VECTOR('',#3842,10.);
#930=VECTOR('',#3843,10.);
#931=VECTOR('',#3844,10.);
#932=VECTOR('',#3845,10.);
#933=VECTOR('',#3846,10.);
#934=VECTOR('',#3847,10.);
#935=VECTOR('',#3848,10.);
#936=VECTOR('',#3849,10.);
#937=VECTOR('',#3850,10.);
#938=VECTOR('',#3851,10.);
#939=VECTOR('',#3852,10.);
#940=VECTOR('',#3853,10.);
#941=VECTOR('',#3854,10.);
#942=VECTOR('',#3855,10.);
#943=VECTOR('',#3856,10.);
#944=VECTOR('',#3857,10.);
#945=VECTOR('',#3858,10.);
#946=VECTOR('',#3859,10.);
#947=VECTOR('',#3860,10.);
#948=VECTOR('',#3861,10.);
#949=VECTOR('',#3862,10.);
#950=VECTOR('',#3863,10.);
#951=VECTOR('',#3864,10.);
#952=VECTOR('',#3865,10.);
#953=VECTOR('',#3868,10.);
#954=VECTOR('',#3869,10.);
#955=VECTOR('',#3870,10.);
#956=VECTOR('',#3871,10.);
#957=VECTOR('',#3874,10.);
#958=VECTOR('',#3875,10.);
#959=VECTOR('',#3876,10.);
#960=VECTOR('',#3879,10.);
#961=VECTOR('',#3880,10.);
#962=VECTOR('',#3881,10.);
#963=VECTOR('',#3882,10.);
#964=VECTOR('',#3883,10.);
#965=VECTOR('',#3884,10.);
#966=VECTOR('',#3885,10.);
#967=VECTOR('',#3886,10.);
#968=VECTOR('',#3887,10.);
#969=VECTOR('',#3888,10.);
#970=VECTOR('',#3889,10.);
#971=VECTOR('',#3890,10.);
#972=VECTOR('',#3891,10.);
#973=VECTOR('',#3892,10.);
#974=VECTOR('',#3893,10.);
#975=VECTOR('',#3894,10.);
#976=VECTOR('',#3895,10.);
#977=VECTOR('',#3896,10.);
#978=VECTOR('',#3897,10.);
#979=VECTOR('',#3898,10.);
#980=VECTOR('',#3899,10.);
#981=VECTOR('',#3900,10.);
#982=VECTOR('',#3901,10.);
#983=VECTOR('',#3902,10.);
#984=VECTOR('',#3903,10.);
#985=VECTOR('',#3904,10.);
#986=VECTOR('',#3905,10.);
#987=VECTOR('',#3906,10.);
#988=VECTOR('',#3907,10.);
#989=VECTOR('',#3908,10.);
#990=VECTOR('',#3909,10.);
#991=VECTOR('',#3910,10.);
#992=VECTOR('',#3911,10.);
#993=VECTOR('',#3912,10.);
#994=VECTOR('',#3913,10.);
#995=VECTOR('',#3914,10.);
#996=VECTOR('',#3915,10.);
#997=VECTOR('',#3916,10.);
#998=VECTOR('',#3917,10.);
#999=VECTOR('',#3918,10.);
#1000=VECTOR('',#3919,10.);
#1001=VECTOR('',#3920,10.);
#1002=VECTOR('',#3921,10.);
#1003=VECTOR('',#3922,10.);
#1004=VECTOR('',#3923,10.);
#1005=VECTOR('',#3924,10.);
#1006=VECTOR('',#3925,10.);
#1007=VECTOR('',#3926,10.);
#1008=VECTOR('',#3927,10.);
#1009=VECTOR('',#3928,10.);
#1010=VECTOR('',#3929,10.);
#1011=VECTOR('',#3930,10.);
#1012=VECTOR('',#3931,10.);
#1013=VECTOR('',#3932,10.);
#1014=VECTOR('',#3933,10.);
#1015=VECTOR('',#3934,10.);
#1016=VECTOR('',#3935,10.);
#1017=VECTOR('',#3936,10.);
#1018=VECTOR('',#3937,10.);
#1019=VECTOR('',#3938,10.);
#1020=VECTOR('',#3939,10.);
#1021=VECTOR('',#3940,10.);
#1022=VECTOR('',#3943,10.);
#1023=VECTOR('',#3944,10.);
#1024=VECTOR('',#3945,10.);
#1025=VECTOR('',#3948,10.);
#1026=VECTOR('',#3949,10.);
#1027=VECTOR('',#3950,10.);
#1028=VECTOR('',#3953,10.);
#1029=VECTOR('',#3954,10.);
#1030=VECTOR('',#3957,10.);
#1031=VECTOR('',#3958,10.);
#1032=VECTOR('',#3959,10.);
#1033=VECTOR('',#3962,10.);
#1034=VECTOR('',#3963,10.);
#1035=VECTOR('',#3964,10.);
#1036=VECTOR('',#3967,10.);
#1037=VECTOR('',#3968,10.);
#1038=VECTOR('',#3971,10.);
#1039=VECTOR('',#3972,10.);
#1040=VECTOR('',#3975,10.);
#1041=VECTOR('',#3976,10.);
#1042=VECTOR('',#3977,10.);
#1043=VECTOR('',#3980,10.);
#1044=VECTOR('',#3981,10.);
#1045=VECTOR('',#3982,10.);
#1046=VECTOR('',#3985,10.);
#1047=VECTOR('',#3986,10.);
#1048=VECTOR('',#3989,10.);
#1049=VECTOR('',#3992,10.);
#1050=VECTOR('',#3993,10.);
#1051=VECTOR('',#3994,10.);
#1052=VECTOR('',#3997,10.);
#1053=VECTOR('',#3998,10.);
#1054=VECTOR('',#3999,10.);
#1055=VECTOR('',#4002,10.);
#1056=VECTOR('',#4003,10.);
#1057=VECTOR('',#4006,10.);
#1058=VECTOR('',#4009,10.);
#1059=VECTOR('',#4010,10.);
#1060=VECTOR('',#4011,10.);
#1061=VECTOR('',#4014,10.);
#1062=VECTOR('',#4015,10.);
#1063=VECTOR('',#4016,10.);
#1064=VECTOR('',#4019,10.);
#1065=VECTOR('',#4020,10.);
#1066=VECTOR('',#4023,10.);
#1067=VECTOR('',#4026,10.);
#1068=VECTOR('',#4029,10.);
#1069=VECTOR('',#4034,10.);
#1070=VECTOR('',#4037,10.);
#1071=VECTOR('',#4046,10.);
#1072=VECTOR('',#4049,10.);
#1073=VECTOR('',#4052,10.);
#1074=VECTOR('',#4055,10.);
#1075=VECTOR('',#4058,10.);
#1076=VECTOR('',#4061,10.);
#1077=VECTOR('',#4066,10.);
#1078=VECTOR('',#4071,10.);
#1079=VECTOR('',#4074,10.);
#1080=VECTOR('',#4077,10.);
#1081=VECTOR('',#4078,10.);
#1082=VECTOR('',#4079,10.);
#1083=VECTOR('',#4084,10.);
#1084=VECTOR('',#4087,10.);
#1085=VECTOR('',#4090,10.);
#1086=VECTOR('',#4091,10.);
#1087=VECTOR('',#4092,10.);
#1088=VECTOR('',#4095,10.);
#1089=VECTOR('',#4098,10.);
#1090=VECTOR('',#4103,10.);
#1091=VECTOR('',#4106,10.);
#1092=VECTOR('',#4109,10.);
#1093=VECTOR('',#4110,10.);
#1094=VECTOR('',#4111,10.);
#1095=VECTOR('',#4112,10.);
#1096=VECTOR('',#4117,10.);
#1097=VECTOR('',#4120,10.);
#1098=VECTOR('',#4123,10.);
#1099=VECTOR('',#4124,10.);
#1100=VECTOR('',#4125,10.);
#1101=VECTOR('',#4128,10.);
#1102=VECTOR('',#4131,10.);
#1103=VECTOR('',#4136,10.);
#1104=VECTOR('',#4139,10.);
#1105=VECTOR('',#4142,10.);
#1106=VECTOR('',#4143,10.);
#1107=VECTOR('',#4146,10.);
#1108=VECTOR('',#4151,10.);
#1109=VECTOR('',#4154,10.);
#1110=VECTOR('',#4157,10.);
#1111=VECTOR('',#4158,10.);
#1112=VECTOR('',#4159,10.);
#1113=VECTOR('',#4164,10.);
#1114=VECTOR('',#4167,10.);
#1115=VECTOR('',#4170,10.);
#1116=VECTOR('',#4171,10.);
#1117=VECTOR('',#4172,10.);
#1118=VECTOR('',#4175,10.);
#1119=VECTOR('',#4176,10.);
#1120=VECTOR('',#4177,10.);
#1121=VECTOR('',#4178,10.);
#1122=VECTOR('',#4181,10.);
#1123=VECTOR('',#4182,10.);
#1124=VECTOR('',#4183,10.);
#1125=VECTOR('',#4184,10.);
#1126=VECTOR('',#4185,10.);
#1127=VECTOR('',#4186,10.);
#1128=VECTOR('',#4189,10.);
#1129=VECTOR('',#4190,10.);
#1130=VECTOR('',#4191,10.);
#1131=VECTOR('',#4192,10.);
#1132=VECTOR('',#4195,10.);
#1133=VECTOR('',#4196,10.);
#1134=VECTOR('',#4197,10.);
#1135=VECTOR('',#4198,10.);
#1136=VECTOR('',#4201,10.);
#1137=VECTOR('',#4202,10.);
#1138=VECTOR('',#4203,10.);
#1139=VECTOR('',#4204,10.);
#1140=VECTOR('',#4205,10.);
#1141=VECTOR('',#4206,10.);
#1142=VECTOR('',#4209,10.);
#1143=VECTOR('',#4210,10.);
#1144=VECTOR('',#4211,10.);
#1145=VECTOR('',#4212,10.);
#1146=VECTOR('',#4215,10.);
#1147=VECTOR('',#4216,10.);
#1148=VECTOR('',#4219,10.);
#1149=VECTOR('',#4220,10.);
#1150=VECTOR('',#4223,10.);
#1151=VECTOR('',#4224,10.);
#1152=VECTOR('',#4225,10.);
#1153=VECTOR('',#4228,10.);
#1154=VECTOR('',#4229,10.);
#1155=VECTOR('',#4232,10.);
#1156=VECTOR('',#4233,10.);
#1157=VECTOR('',#4236,10.);
#1158=VECTOR('',#4237,10.);
#1159=VECTOR('',#4240,10.);
#1160=VECTOR('',#4241,10.);
#1161=VECTOR('',#4244,10.);
#1162=VECTOR('',#4245,10.);
#1163=VECTOR('',#4248,10.);
#1164=VECTOR('',#4249,10.);
#1165=VECTOR('',#4252,10.);
#1166=VECTOR('',#4253,10.);
#1167=VECTOR('',#4254,10.);
#1168=VECTOR('',#4257,10.);
#1169=VECTOR('',#4258,10.);
#1170=VECTOR('',#4261,10.);
#1171=VECTOR('',#4262,10.);
#1172=VECTOR('',#4265,10.);
#1173=VECTOR('',#4266,10.);
#1174=VECTOR('',#4269,10.);
#1175=VECTOR('',#4272,10.);
#1176=VECTOR('',#4273,10.);
#1177=VECTOR('',#4276,10.);
#1178=VECTOR('',#4279,10.);
#1179=VECTOR('',#4280,10.);
#1180=VECTOR('',#4281,10.);
#1181=VECTOR('',#4284,10.);
#1182=VECTOR('',#4285,10.);
#1183=VECTOR('',#4288,10.);
#1184=VECTOR('',#4289,10.);
#1185=VECTOR('',#4290,10.);
#1186=VECTOR('',#4293,10.);
#1187=VECTOR('',#4294,10.);
#1188=VECTOR('',#4297,10.);
#1189=VECTOR('',#4298,10.);
#1190=VECTOR('',#4299,10.);
#1191=VECTOR('',#4302,10.);
#1192=VECTOR('',#4303,10.);
#1193=VECTOR('',#4306,10.);
#1194=VECTOR('',#4307,10.);
#1195=VECTOR('',#4308,10.);
#1196=VECTOR('',#4311,10.);
#1197=VECTOR('',#4312,10.);
#1198=VECTOR('',#4313,10.);
#1199=VECTOR('',#4316,10.);
#1200=VECTOR('',#4317,10.);
#1201=VECTOR('',#4318,10.);
#1202=VECTOR('',#4321,10.);
#1203=VECTOR('',#4322,10.);
#1204=VECTOR('',#4325,10.);
#1205=VECTOR('',#4326,10.);
#1206=VECTOR('',#4327,10.);
#1207=VECTOR('',#4330,10.);
#1208=VECTOR('',#4331,10.);
#1209=VECTOR('',#4334,10.);
#1210=VECTOR('',#4335,10.);
#1211=VECTOR('',#4336,10.);
#1212=VECTOR('',#4339,10.);
#1213=VECTOR('',#4340,10.);
#1214=VECTOR('',#4355,10.);
#1215=VECTOR('',#4358,10.);
#1216=VECTOR('',#4361,10.);
#1217=VECTOR('',#4366,10.);
#1218=VECTOR('',#4369,10.);
#1219=VECTOR('',#4372,10.);
#1220=VECTOR('',#4381,10.);
#1221=VECTOR('',#4382,10.);
#1222=VECTOR('',#4385,10.);
#1223=VECTOR('',#4388,10.);
#1224=VECTOR('',#4393,10.);
#1225=VECTOR('',#4394,10.);
#1226=VECTOR('',#4397,10.);
#1227=VECTOR('',#4398,10.);
#1228=VECTOR('',#4411,10.);
#1229=VECTOR('',#4414,10.);
#1230=VECTOR('',#4417,10.);
#1231=VECTOR('',#4418,10.);
#1232=VECTOR('',#4419,10.);
#1233=VECTOR('',#4424,10.);
#1234=VECTOR('',#4427,10.);
#1235=VECTOR('',#4430,10.);
#1236=VECTOR('',#4431,10.);
#1237=VECTOR('',#4434,10.);
#1238=VECTOR('',#4435,10.);
#1239=VECTOR('',#4436,10.);
#1240=VECTOR('',#4439,10.);
#1241=VECTOR('',#4440,10.);
#1242=VECTOR('',#4441,10.);
#1243=VECTOR('',#4442,10.);
#1244=VECTOR('',#4443,10.);
#1245=VECTOR('',#4444,10.);
#1246=VECTOR('',#4445,10.);
#1247=VECTOR('',#4446,10.);
#1248=VECTOR('',#4447,10.);
#1249=VECTOR('',#4448,10.);
#1250=VECTOR('',#4451,10.);
#1251=VECTOR('',#4452,10.);
#1252=VECTOR('',#4453,10.);
#1253=VECTOR('',#4454,10.);
#1254=VECTOR('',#4455,10.);
#1255=VECTOR('',#4456,10.);
#1256=VECTOR('',#4457,10.);
#1257=VECTOR('',#4458,10.);
#1258=VECTOR('',#4459,10.);
#1259=VECTOR('',#4460,10.);
#1260=VECTOR('',#4461,10.);
#1261=VECTOR('',#4462,10.);
#1262=VECTOR('',#4463,10.);
#1263=VECTOR('',#4464,10.);
#1264=VECTOR('',#4465,10.);
#1265=VECTOR('',#4468,10.);
#1266=VECTOR('',#4469,10.);
#1267=VECTOR('',#4470,10.);
#1268=VECTOR('',#4471,10.);
#1269=VECTOR('',#4474,10.);
#1270=VECTOR('',#4475,10.);
#1271=VECTOR('',#4476,10.);
#1272=VECTOR('',#4479,10.);
#1273=VECTOR('',#4480,10.);
#1274=VECTOR('',#4481,10.);
#1275=VECTOR('',#4482,10.);
#1276=VECTOR('',#4485,10.);
#1277=VECTOR('',#4486,10.);
#1278=VECTOR('',#4487,10.);
#1279=VECTOR('',#4490,10.);
#1280=VECTOR('',#4491,10.);
#1281=VECTOR('',#4492,10.);
#1282=VECTOR('',#4493,10.);
#1283=VECTOR('',#4496,10.);
#1284=VECTOR('',#4497,10.);
#1285=VECTOR('',#4498,10.);
#1286=VECTOR('',#4501,10.);
#1287=VECTOR('',#4502,10.);
#1288=VECTOR('',#4503,10.);
#1289=VECTOR('',#4506,10.);
#1290=VECTOR('',#4507,10.);
#1291=VECTOR('',#4508,10.);
#1292=VECTOR('',#4511,10.);
#1293=VECTOR('',#4512,10.);
#1294=VECTOR('',#4513,10.);
#1295=VECTOR('',#4516,10.);
#1296=VECTOR('',#4517,10.);
#1297=VECTOR('',#4518,10.);
#1298=VECTOR('',#4521,10.);
#1299=VECTOR('',#4522,10.);
#1300=VECTOR('',#4523,10.);
#1301=VECTOR('',#4526,10.);
#1302=VECTOR('',#4527,10.);
#1303=VECTOR('',#4528,10.);
#1304=VECTOR('',#4531,10.);
#1305=VECTOR('',#4532,10.);
#1306=VECTOR('',#4533,10.);
#1307=VECTOR('',#4534,10.);
#1308=VECTOR('',#4537,10.);
#1309=VECTOR('',#4538,10.);
#1310=VECTOR('',#4539,10.);
#1311=VECTOR('',#4542,10.);
#1312=VECTOR('',#4543,10.);
#1313=VECTOR('',#4544,10.);
#1314=VECTOR('',#4547,10.);
#1315=VECTOR('',#4548,10.);
#1316=VECTOR('',#4551,10.);
#1317=VECTOR('',#4552,10.);
#1318=VECTOR('',#4553,10.);
#1319=VECTOR('',#4554,10.);
#1320=VECTOR('',#4557,10.);
#1321=VECTOR('',#4558,10.);
#1322=VECTOR('',#4559,10.);
#1323=VECTOR('',#4560,10.);
#1324=VECTOR('',#4563,10.);
#1325=VECTOR('',#4564,10.);
#1326=VECTOR('',#4565,10.);
#1327=VECTOR('',#4568,10.);
#1328=VECTOR('',#4569,10.);
#1329=VECTOR('',#4570,10.);
#1330=VECTOR('',#4571,10.);
#1331=VECTOR('',#4572,10.);
#1332=VECTOR('',#4573,10.);
#1333=VECTOR('',#4574,10.);
#1334=VECTOR('',#4575,10.);
#1335=VECTOR('',#4576,10.);
#1336=VECTOR('',#4577,10.);
#1337=VECTOR('',#4578,10.);
#1338=VECTOR('',#4579,10.);
#1339=VECTOR('',#4580,10.);
#1340=VECTOR('',#4581,10.);
#1341=VECTOR('',#4582,10.);
#1342=VECTOR('',#4583,10.);
#1343=VECTOR('',#4584,10.);
#1344=VECTOR('',#4585,10.);
#1345=VECTOR('',#4586,10.);
#1346=VECTOR('',#4587,10.);
#1347=VECTOR('',#4588,10.);
#1348=VECTOR('',#4589,10.);
#1349=VECTOR('',#4592,10.);
#1350=VECTOR('',#4593,10.);
#1351=VECTOR('',#4596,10.);
#1352=VECTOR('',#4599,10.);
#1353=VECTOR('',#4600,10.);
#1354=VECTOR('',#4601,10.);
#1355=VECTOR('',#4604,10.);
#1356=VECTOR('',#4605,10.);
#1357=VECTOR('',#4608,10.);
#1358=VECTOR('',#4609,10.);
#1359=VECTOR('',#4612,10.);
#1360=VECTOR('',#4615,10.);
#1361=VECTOR('',#4616,10.);
#1362=VECTOR('',#4617,10.);
#1363=VECTOR('',#4620,10.);
#1364=VECTOR('',#4621,10.);
#1365=VECTOR('',#4624,10.);
#1366=VECTOR('',#4625,10.);
#1367=VECTOR('',#4628,10.);
#1368=VECTOR('',#4633,10.);
#1369=VECTOR('',#4634,10.);
#1370=VECTOR('',#4635,10.);
#1371=VECTOR('',#4638,10.);
#1372=VECTOR('',#4639,10.);
#1373=VECTOR('',#4640,10.);
#1374=VECTOR('',#4643,10.);
#1375=VECTOR('',#4644,10.);
#1376=VECTOR('',#4647,10.);
#1377=VECTOR('',#4650,10.);
#1378=VECTOR('',#4653,10.);
#1379=VECTOR('',#4654,10.);
#1380=VECTOR('',#4655,10.);
#1381=VECTOR('',#4658,10.);
#1382=VECTOR('',#4659,10.);
#1383=VECTOR('',#4660,10.);
#1384=VECTOR('',#4663,10.);
#1385=VECTOR('',#4664,10.);
#1386=VECTOR('',#4667,10.);
#1387=VECTOR('',#4668,10.);
#1388=VECTOR('',#4671,10.);
#1389=VECTOR('',#4672,10.);
#1390=VECTOR('',#4673,10.);
#1391=VECTOR('',#4676,10.);
#1392=VECTOR('',#4677,10.);
#1393=VECTOR('',#4678,10.);
#1394=VECTOR('',#4681,10.);
#1395=VECTOR('',#4682,10.);
#1396=VECTOR('',#4685,10.);
#1397=VECTOR('',#4686,10.);
#1398=VECTOR('',#4697,10.);
#1399=VECTOR('',#4698,10.);
#1400=VECTOR('',#4705,10.);
#1401=VECTOR('',#4706,10.);
#1402=VECTOR('',#4709,10.);
#1403=VECTOR('',#4712,10.);
#1404=VERTEX_POINT('',#4717);
#1405=VERTEX_POINT('',#4718);
#1406=VERTEX_POINT('',#4720);
#1407=VERTEX_POINT('',#4722);
#1408=VERTEX_POINT('',#4726);
#1409=VERTEX_POINT('',#4728);
#1410=VERTEX_POINT('',#4730);
#1411=VERTEX_POINT('',#4732);
#1412=VERTEX_POINT('',#4734);
#1413=VERTEX_POINT('',#4736);
#1414=VERTEX_POINT('',#4738);
#1415=VERTEX_POINT('',#4740);
#1416=VERTEX_POINT('',#4742);
#1417=VERTEX_POINT('',#4744);
#1418=VERTEX_POINT('',#4746);
#1419=VERTEX_POINT('',#4748);
#1420=VERTEX_POINT('',#4750);
#1421=VERTEX_POINT('',#4752);
#1422=VERTEX_POINT('',#4754);
#1423=VERTEX_POINT('',#4756);
#1424=VERTEX_POINT('',#4758);
#1425=VERTEX_POINT('',#4760);
#1426=VERTEX_POINT('',#4762);
#1427=VERTEX_POINT('',#4764);
#1428=VERTEX_POINT('',#4766);
#1429=VERTEX_POINT('',#4768);
#1430=VERTEX_POINT('',#4770);
#1431=VERTEX_POINT('',#4772);
#1432=VERTEX_POINT('',#4774);
#1433=VERTEX_POINT('',#4776);
#1434=VERTEX_POINT('',#4779);
#1435=VERTEX_POINT('',#4780);
#1436=VERTEX_POINT('',#4782);
#1437=VERTEX_POINT('',#4784);
#1438=VERTEX_POINT('',#4788);
#1439=VERTEX_POINT('',#4790);
#1440=VERTEX_POINT('',#4792);
#1441=VERTEX_POINT('',#4796);
#1442=VERTEX_POINT('',#4797);
#1443=VERTEX_POINT('',#4802);
#1444=VERTEX_POINT('',#4804);
#1445=VERTEX_POINT('',#4806);
#1446=VERTEX_POINT('',#4808);
#1447=VERTEX_POINT('',#4810);
#1448=VERTEX_POINT('',#4812);
#1449=VERTEX_POINT('',#4814);
#1450=VERTEX_POINT('',#4816);
#1451=VERTEX_POINT('',#4818);
#1452=VERTEX_POINT('',#4820);
#1453=VERTEX_POINT('',#4822);
#1454=VERTEX_POINT('',#4824);
#1455=VERTEX_POINT('',#4826);
#1456=VERTEX_POINT('',#4828);
#1457=VERTEX_POINT('',#4830);
#1458=VERTEX_POINT('',#4832);
#1459=VERTEX_POINT('',#4834);
#1460=VERTEX_POINT('',#4836);
#1461=VERTEX_POINT('',#4838);
#1462=VERTEX_POINT('',#4840);
#1463=VERTEX_POINT('',#4842);
#1464=VERTEX_POINT('',#4844);
#1465=VERTEX_POINT('',#4846);
#1466=VERTEX_POINT('',#4848);
#1467=VERTEX_POINT('',#4850);
#1468=VERTEX_POINT('',#4853);
#1469=VERTEX_POINT('',#4854);
#1470=VERTEX_POINT('',#4856);
#1471=VERTEX_POINT('',#4858);
#1472=VERTEX_POINT('',#4861);
#1473=VERTEX_POINT('',#4862);
#1474=VERTEX_POINT('',#4864);
#1475=VERTEX_POINT('',#4866);
#1476=VERTEX_POINT('',#4868);
#1477=VERTEX_POINT('',#4870);
#1478=VERTEX_POINT('',#4873);
#1479=VERTEX_POINT('',#4874);
#1480=VERTEX_POINT('',#4876);
#1481=VERTEX_POINT('',#4878);
#1482=VERTEX_POINT('',#4880);
#1483=VERTEX_POINT('',#4882);
#1484=VERTEX_POINT('',#4885);
#1485=VERTEX_POINT('',#4886);
#1486=VERTEX_POINT('',#4888);
#1487=VERTEX_POINT('',#4890);
#1488=VERTEX_POINT('',#4893);
#1489=VERTEX_POINT('',#4894);
#1490=VERTEX_POINT('',#4896);
#1491=VERTEX_POINT('',#4898);
#1492=VERTEX_POINT('',#4901);
#1493=VERTEX_POINT('',#4902);
#1494=VERTEX_POINT('',#4904);
#1495=VERTEX_POINT('',#4906);
#1496=VERTEX_POINT('',#4909);
#1497=VERTEX_POINT('',#4910);
#1498=VERTEX_POINT('',#4912);
#1499=VERTEX_POINT('',#4914);
#1500=VERTEX_POINT('',#4917);
#1501=VERTEX_POINT('',#4918);
#1502=VERTEX_POINT('',#4920);
#1503=VERTEX_POINT('',#4922);
#1504=VERTEX_POINT('',#4926);
#1505=VERTEX_POINT('',#4928);
#1506=VERTEX_POINT('',#4932);
#1507=VERTEX_POINT('',#4937);
#1508=VERTEX_POINT('',#4941);
#1509=VERTEX_POINT('',#4943);
#1510=VERTEX_POINT('',#4947);
#1511=VERTEX_POINT('',#4952);
#1512=VERTEX_POINT('',#4959);
#1513=VERTEX_POINT('',#4961);
#1514=VERTEX_POINT('',#4965);
#1515=VERTEX_POINT('',#4970);
#1516=VERTEX_POINT('',#4976);
#1517=VERTEX_POINT('',#4978);
#1518=VERTEX_POINT('',#4982);
#1519=VERTEX_POINT('',#4987);
#1520=VERTEX_POINT('',#4993);
#1521=VERTEX_POINT('',#4995);
#1522=VERTEX_POINT('',#4999);
#1523=VERTEX_POINT('',#5004);
#1524=VERTEX_POINT('',#5037);
#1525=VERTEX_POINT('',#5038);
#1526=VERTEX_POINT('',#5040);
#1527=VERTEX_POINT('',#5042);
#1528=VERTEX_POINT('',#5046);
#1529=VERTEX_POINT('',#5048);
#1530=VERTEX_POINT('',#5052);
#1531=VERTEX_POINT('',#5053);
#1532=VERTEX_POINT('',#5055);
#1533=VERTEX_POINT('',#5057);
#1534=VERTEX_POINT('',#5061);
#1535=VERTEX_POINT('',#5063);
#1536=VERTEX_POINT('',#5067);
#1537=VERTEX_POINT('',#5068);
#1538=VERTEX_POINT('',#5070);
#1539=VERTEX_POINT('',#5072);
#1540=VERTEX_POINT('',#5076);
#1541=VERTEX_POINT('',#5078);
#1542=VERTEX_POINT('',#5082);
#1543=VERTEX_POINT('',#5084);
#1544=VERTEX_POINT('',#5086);
#1545=VERTEX_POINT('',#5090);
#1546=VERTEX_POINT('',#5091);
#1547=VERTEX_POINT('',#5093);
#1548=VERTEX_POINT('',#5095);
#1549=VERTEX_POINT('',#5099);
#1550=VERTEX_POINT('',#5101);
#1551=VERTEX_POINT('',#5105);
#1552=VERTEX_POINT('',#5106);
#1553=VERTEX_POINT('',#5108);
#1554=VERTEX_POINT('',#5110);
#1555=VERTEX_POINT('',#5114);
#1556=VERTEX_POINT('',#5116);
#1557=VERTEX_POINT('',#5125);
#1558=VERTEX_POINT('',#5126);
#1559=VERTEX_POINT('',#5128);
#1560=VERTEX_POINT('',#5130);
#1561=VERTEX_POINT('',#5134);
#1562=VERTEX_POINT('',#5136);
#1563=VERTEX_POINT('',#5140);
#1564=VERTEX_POINT('',#5141);
#1565=VERTEX_POINT('',#5143);
#1566=VERTEX_POINT('',#5145);
#1567=VERTEX_POINT('',#5149);
#1568=VERTEX_POINT('',#5151);
#1569=VERTEX_POINT('',#5155);
#1570=VERTEX_POINT('',#5156);
#1571=VERTEX_POINT('',#5158);
#1572=VERTEX_POINT('',#5160);
#1573=VERTEX_POINT('',#5164);
#1574=VERTEX_POINT('',#5165);
#1575=VERTEX_POINT('',#5167);
#1576=VERTEX_POINT('',#5169);
#1577=VERTEX_POINT('',#5171);
#1578=VERTEX_POINT('',#5173);
#1579=VERTEX_POINT('',#5177);
#1580=VERTEX_POINT('',#5178);
#1581=VERTEX_POINT('',#5180);
#1582=VERTEX_POINT('',#5182);
#1583=VERTEX_POINT('',#5186);
#1584=VERTEX_POINT('',#5187);
#1585=VERTEX_POINT('',#5189);
#1586=VERTEX_POINT('',#5191);
#1587=VERTEX_POINT('',#5195);
#1588=VERTEX_POINT('',#5196);
#1589=VERTEX_POINT('',#5198);
#1590=VERTEX_POINT('',#5200);
#1591=VERTEX_POINT('',#5202);
#1592=VERTEX_POINT('',#5204);
#1593=VERTEX_POINT('',#5208);
#1594=VERTEX_POINT('',#5209);
#1595=VERTEX_POINT('',#5211);
#1596=VERTEX_POINT('',#5213);
#1597=VERTEX_POINT('',#5223);
#1598=VERTEX_POINT('',#5225);
#1599=VERTEX_POINT('',#5229);
#1600=VERTEX_POINT('',#5248);
#1601=VERTEX_POINT('',#5249);
#1602=VERTEX_POINT('',#5270);
#1603=VERTEX_POINT('',#5272);
#1604=VERTEX_POINT('',#5279);
#1605=VERTEX_POINT('',#5281);
#1606=VERTEX_POINT('',#5288);
#1607=VERTEX_POINT('',#5290);
#1608=VERTEX_POINT('',#5294);
#1609=VERTEX_POINT('',#5298);
#1610=VERTEX_POINT('',#5300);
#1611=VERTEX_POINT('',#5304);
#1612=VERTEX_POINT('',#5306);
#1613=VERTEX_POINT('',#5310);
#1614=VERTEX_POINT('',#5312);
#1615=VERTEX_POINT('',#5316);
#1616=VERTEX_POINT('',#5320);
#1617=VERTEX_POINT('',#5322);
#1618=VERTEX_POINT('',#5329);
#1619=VERTEX_POINT('',#5331);
#1620=VERTEX_POINT('',#5378);
#1621=VERTEX_POINT('',#5379);
#1622=VERTEX_POINT('',#5381);
#1623=VERTEX_POINT('',#5383);
#1624=VERTEX_POINT('',#5387);
#1625=VERTEX_POINT('',#5389);
#1626=VERTEX_POINT('',#5393);
#1627=VERTEX_POINT('',#5394);
#1628=VERTEX_POINT('',#5396);
#1629=VERTEX_POINT('',#5398);
#1630=VERTEX_POINT('',#5405);
#1631=VERTEX_POINT('',#5407);
#1632=VERTEX_POINT('',#5411);
#1633=VERTEX_POINT('',#5413);
#1634=VERTEX_POINT('',#5415);
#1635=VERTEX_POINT('',#5417);
#1636=VERTEX_POINT('',#5420);
#1637=VERTEX_POINT('',#5422);
#1638=VERTEX_POINT('',#5424);
#1639=VERTEX_POINT('',#5426);
#1640=VERTEX_POINT('',#5430);
#1641=VERTEX_POINT('',#5432);
#1642=VERTEX_POINT('',#5434);
#1643=VERTEX_POINT('',#5436);
#1644=VERTEX_POINT('',#5438);
#1645=VERTEX_POINT('',#5440);
#1646=VERTEX_POINT('',#5442);
#1647=VERTEX_POINT('',#5444);
#1648=VERTEX_POINT('',#5446);
#1649=VERTEX_POINT('',#5448);
#1650=VERTEX_POINT('',#5450);
#1651=VERTEX_POINT('',#5452);
#1652=VERTEX_POINT('',#5454);
#1653=VERTEX_POINT('',#5456);
#1654=VERTEX_POINT('',#5460);
#1655=VERTEX_POINT('',#5461);
#1656=VERTEX_POINT('',#5463);
#1657=VERTEX_POINT('',#5465);
#1658=VERTEX_POINT('',#5469);
#1659=VERTEX_POINT('',#5471);
#1660=VERTEX_POINT('',#5475);
#1661=VERTEX_POINT('',#5476);
#1662=VERTEX_POINT('',#5478);
#1663=VERTEX_POINT('',#5480);
#1664=VERTEX_POINT('',#5484);
#1665=VERTEX_POINT('',#5486);
#1666=VERTEX_POINT('',#5490);
#1667=VERTEX_POINT('',#5491);
#1668=VERTEX_POINT('',#5493);
#1669=VERTEX_POINT('',#5495);
#1670=VERTEX_POINT('',#5499);
#1671=VERTEX_POINT('',#5501);
#1672=VERTEX_POINT('',#5505);
#1673=VERTEX_POINT('',#5507);
#1674=VERTEX_POINT('',#5511);
#1675=VERTEX_POINT('',#5513);
#1676=VERTEX_POINT('',#5517);
#1677=VERTEX_POINT('',#5519);
#1678=VERTEX_POINT('',#5523);
#1679=VERTEX_POINT('',#5525);
#1680=VERTEX_POINT('',#5529);
#1681=VERTEX_POINT('',#5531);
#1682=VERTEX_POINT('',#5535);
#1683=VERTEX_POINT('',#5537);
#1684=VERTEX_POINT('',#5541);
#1685=VERTEX_POINT('',#5542);
#1686=VERTEX_POINT('',#5544);
#1687=VERTEX_POINT('',#5546);
#1688=VERTEX_POINT('',#5550);
#1689=VERTEX_POINT('',#5552);
#1690=VERTEX_POINT('',#5556);
#1691=VERTEX_POINT('',#5558);
#1692=VERTEX_POINT('',#5565);
#1693=VERTEX_POINT('',#5566);
#1694=VERTEX_POINT('',#5568);
#1695=VERTEX_POINT('',#5570);
#1696=VERTEX_POINT('',#5574);
#1697=VERTEX_POINT('',#5575);
#1698=VERTEX_POINT('',#5577);
#1699=VERTEX_POINT('',#5579);
#1700=VERTEX_POINT('',#5584);
#1701=VERTEX_POINT('',#5589);
#1702=VERTEX_POINT('',#5591);
#1703=VERTEX_POINT('',#5594);
#1704=VERTEX_POINT('',#5596);
#1705=VERTEX_POINT('',#5599);
#1706=VERTEX_POINT('',#5601);
#1707=VERTEX_POINT('',#5603);
#1708=VERTEX_POINT('',#5605);
#1709=VERTEX_POINT('',#5607);
#1710=VERTEX_POINT('',#5609);
#1711=VERTEX_POINT('',#5611);
#1712=VERTEX_POINT('',#5613);
#1713=VERTEX_POINT('',#5615);
#1714=VERTEX_POINT('',#5617);
#1715=VERTEX_POINT('',#5619);
#1716=VERTEX_POINT('',#5621);
#1717=VERTEX_POINT('',#5623);
#1718=VERTEX_POINT('',#5625);
#1719=VERTEX_POINT('',#5629);
#1720=VERTEX_POINT('',#5635);
#1721=VERTEX_POINT('',#5637);
#1722=VERTEX_POINT('',#5641);
#1723=VERTEX_POINT('',#5645);
#1724=VERTEX_POINT('',#5651);
#1725=VERTEX_POINT('',#5653);
#1726=VERTEX_POINT('',#5657);
#1727=VERTEX_POINT('',#5661);
#1728=VERTEX_POINT('',#5668);
#1729=VERTEX_POINT('',#5670);
#1730=VERTEX_POINT('',#5674);
#1731=VERTEX_POINT('',#5679);
#1732=VERTEX_POINT('',#5687);
#1733=VERTEX_POINT('',#5689);
#1734=VERTEX_POINT('',#5694);
#1735=VERTEX_POINT('',#5698);
#1736=VERTEX_POINT('',#5705);
#1737=VERTEX_POINT('',#5707);
#1738=VERTEX_POINT('',#5712);
#1739=VERTEX_POINT('',#5716);
#1740=EDGE_CURVE('',#1404,#1405,#432,.T.);
#1741=EDGE_CURVE('',#1405,#1406,#433,.T.);
#1742=EDGE_CURVE('',#1406,#1407,#434,.T.);
#1743=EDGE_CURVE('',#1407,#1404,#435,.T.);
#1744=EDGE_CURVE('',#1407,#1408,#436,.T.);
#1745=EDGE_CURVE('',#1409,#1408,#437,.T.);
#1746=EDGE_CURVE('',#1409,#1410,#438,.T.);
#1747=EDGE_CURVE('',#1411,#1410,#439,.T.);
#1748=EDGE_CURVE('',#1411,#1412,#440,.T.);
#1749=EDGE_CURVE('',#1413,#1412,#441,.T.);
#1750=EDGE_CURVE('',#1413,#1414,#442,.T.);
#1751=EDGE_CURVE('',#1415,#1414,#443,.T.);
#1752=EDGE_CURVE('',#1415,#1416,#444,.T.);
#1753=EDGE_CURVE('',#1417,#1416,#445,.T.);
#1754=EDGE_CURVE('',#1417,#1418,#446,.T.);
#1755=EDGE_CURVE('',#1418,#1419,#447,.T.);
#1756=EDGE_CURVE('',#1419,#1420,#448,.T.);
#1757=EDGE_CURVE('',#1421,#1420,#449,.T.);
#1758=EDGE_CURVE('',#1421,#1422,#450,.T.);
#1759=EDGE_CURVE('',#1422,#1423,#451,.T.);
#1760=EDGE_CURVE('',#1423,#1424,#452,.T.);
#1761=EDGE_CURVE('',#1425,#1424,#453,.T.);
#1762=EDGE_CURVE('',#1425,#1426,#454,.T.);
#1763=EDGE_CURVE('',#1426,#1427,#455,.T.);
#1764=EDGE_CURVE('',#1427,#1428,#456,.T.);
#1765=EDGE_CURVE('',#1429,#1428,#457,.T.);
#1766=EDGE_CURVE('',#1429,#1430,#458,.T.);
#1767=EDGE_CURVE('',#1430,#1431,#459,.T.);
#1768=EDGE_CURVE('',#1431,#1432,#460,.T.);
#1769=EDGE_CURVE('',#1433,#1432,#461,.T.);
#1770=EDGE_CURVE('',#1433,#1404,#462,.T.);
#1771=EDGE_CURVE('',#1434,#1435,#463,.T.);
#1772=EDGE_CURVE('',#1436,#1434,#464,.T.);
#1773=EDGE_CURVE('',#1437,#1436,#465,.T.);
#1774=EDGE_CURVE('',#1435,#1437,#466,.T.);
#1775=EDGE_CURVE('',#1438,#1406,#467,.T.);
#1776=EDGE_CURVE('',#1439,#1438,#468,.T.);
#1777=EDGE_CURVE('',#1439,#1440,#469,.T.);
#1778=EDGE_CURVE('',#1408,#1440,#470,.T.);
#1779=EDGE_CURVE('',#1441,#1442,#471,.T.);
#1780=EDGE_CURVE('',#1442,#1439,#472,.T.);
#1781=EDGE_CURVE('',#1438,#1441,#473,.T.);
#1782=EDGE_CURVE('',#1442,#1443,#474,.T.);
#1783=EDGE_CURVE('',#1444,#1443,#475,.T.);
#1784=EDGE_CURVE('',#1445,#1444,#476,.T.);
#1785=EDGE_CURVE('',#1445,#1446,#477,.F.);
#1786=EDGE_CURVE('',#1447,#1446,#478,.T.);
#1787=EDGE_CURVE('',#1448,#1447,#479,.T.);
#1788=EDGE_CURVE('',#1448,#1449,#480,.T.);
#1789=EDGE_CURVE('',#1449,#1450,#481,.F.);
#1790=EDGE_CURVE('',#1451,#1450,#482,.T.);
#1791=EDGE_CURVE('',#1452,#1451,#483,.T.);
#1792=EDGE_CURVE('',#1452,#1453,#484,.T.);
#1793=EDGE_CURVE('',#1453,#1454,#485,.F.);
#1794=EDGE_CURVE('',#1455,#1454,#486,.T.);
#1795=EDGE_CURVE('',#1456,#1455,#487,.T.);
#1796=EDGE_CURVE('',#1456,#1457,#488,.T.);
#1797=EDGE_CURVE('',#1457,#1458,#489,.F.);
#1798=EDGE_CURVE('',#1458,#1459,#490,.F.);
#1799=EDGE_CURVE('',#1460,#1459,#491,.T.);
#1800=EDGE_CURVE('',#1461,#1460,#492,.T.);
#1801=EDGE_CURVE('',#1462,#1461,#493,.T.);
#1802=EDGE_CURVE('',#1462,#1463,#494,.T.);
#1803=EDGE_CURVE('',#1464,#1463,#495,.T.);
#1804=EDGE_CURVE('',#1465,#1464,#496,.T.);
#1805=EDGE_CURVE('',#1466,#1465,#497,.T.);
#1806=EDGE_CURVE('',#1466,#1467,#498,.T.);
#1807=EDGE_CURVE('',#1440,#1467,#499,.T.);
#1808=EDGE_CURVE('',#1468,#1469,#500,.T.);
#1809=EDGE_CURVE('',#1469,#1470,#501,.T.);
#1810=EDGE_CURVE('',#1470,#1471,#502,.T.);
#1811=EDGE_CURVE('',#1468,#1471,#503,.T.);
#1812=EDGE_CURVE('',#1472,#1473,#504,.T.);
#1813=EDGE_CURVE('',#1474,#1473,#505,.T.);
#1814=EDGE_CURVE('',#1475,#1474,#506,.T.);
#1815=EDGE_CURVE('',#1475,#1476,#507,.T.);
#1816=EDGE_CURVE('',#1476,#1477,#508,.T.);
#1817=EDGE_CURVE('',#1477,#1472,#509,.T.);
#1818=EDGE_CURVE('',#1478,#1479,#510,.T.);
#1819=EDGE_CURVE('',#1480,#1479,#511,.T.);
#1820=EDGE_CURVE('',#1481,#1480,#512,.T.);
#1821=EDGE_CURVE('',#1481,#1482,#513,.T.);
#1822=EDGE_CURVE('',#1482,#1483,#514,.T.);
#1823=EDGE_CURVE('',#1483,#1478,#515,.T.);
#1824=EDGE_CURVE('',#1484,#1485,#516,.T.);
#1825=EDGE_CURVE('',#1485,#1486,#517,.T.);
#1826=EDGE_CURVE('',#1486,#1487,#518,.T.);
#1827=EDGE_CURVE('',#1487,#1484,#519,.T.);
#1828=EDGE_CURVE('',#1488,#1489,#520,.T.);
#1829=EDGE_CURVE('',#1489,#1490,#521,.T.);
#1830=EDGE_CURVE('',#1490,#1491,#522,.T.);
#1831=EDGE_CURVE('',#1488,#1491,#523,.T.);
#1832=EDGE_CURVE('',#1492,#1493,#524,.T.);
#1833=EDGE_CURVE('',#1493,#1494,#525,.T.);
#1834=EDGE_CURVE('',#1494,#1495,#526,.T.);
#1835=EDGE_CURVE('',#1492,#1495,#527,.T.);
#1836=EDGE_CURVE('',#1496,#1497,#528,.T.);
#1837=EDGE_CURVE('',#1497,#1498,#529,.T.);
#1838=EDGE_CURVE('',#1498,#1499,#530,.T.);
#1839=EDGE_CURVE('',#1496,#1499,#531,.T.);
#1840=EDGE_CURVE('',#1500,#1501,#532,.T.);
#1841=EDGE_CURVE('',#1501,#1502,#533,.T.);
#1842=EDGE_CURVE('',#1502,#1503,#534,.T.);
#1843=EDGE_CURVE('',#1500,#1503,#535,.T.);
#1844=EDGE_CURVE('',#1504,#1411,#536,.T.);
#1845=EDGE_CURVE('',#1410,#1505,#537,.T.);
#1846=EDGE_CURVE('',#1505,#1504,#538,.T.);
#1847=EDGE_CURVE('',#1506,#1504,#539,.T.);
#1848=EDGE_CURVE('',#1465,#1506,#540,.T.);
#1849=EDGE_CURVE('',#1412,#1464,#541,.T.);
#1850=EDGE_CURVE('',#1507,#1466,#542,.T.);
#1851=EDGE_CURVE('',#1506,#1507,#543,.T.);
#1852=EDGE_CURVE('',#1461,#1508,#544,.T.);
#1853=EDGE_CURVE('',#1508,#1509,#545,.T.);
#1854=EDGE_CURVE('',#1509,#1462,#546,.T.);
#1855=EDGE_CURVE('',#1509,#1510,#547,.T.);
#1856=EDGE_CURVE('',#1414,#1510,#548,.T.);
#1857=EDGE_CURVE('',#1463,#1413,#549,.T.);
#1858=EDGE_CURVE('',#1511,#1415,#550,.T.);
#1859=EDGE_CURVE('',#1510,#1511,#551,.T.);
#1860=EDGE_CURVE('',#1416,#1460,#552,.T.);
#1861=EDGE_CURVE('',#1508,#1511,#553,.T.);
#1862=EDGE_CURVE('',#1420,#1512,#554,.T.);
#1863=EDGE_CURVE('',#1512,#1513,#555,.T.);
#1864=EDGE_CURVE('',#1513,#1421,#556,.T.);
#1865=EDGE_CURVE('',#1514,#1513,#557,.T.);
#1866=EDGE_CURVE('',#1455,#1514,#558,.T.);
#1867=EDGE_CURVE('',#1422,#1454,#559,.T.);
#1868=EDGE_CURVE('',#1515,#1512,#560,.T.);
#1869=EDGE_CURVE('',#1514,#1515,#561,.T.);
#1870=EDGE_CURVE('',#1515,#1456,#562,.T.);
#1871=EDGE_CURVE('',#1516,#1425,#563,.T.);
#1872=EDGE_CURVE('',#1424,#1517,#564,.T.);
#1873=EDGE_CURVE('',#1517,#1516,#565,.T.);
#1874=EDGE_CURVE('',#1518,#1516,#566,.T.);
#1875=EDGE_CURVE('',#1451,#1518,#567,.T.);
#1876=EDGE_CURVE('',#1426,#1450,#568,.T.);
#1877=EDGE_CURVE('',#1519,#1517,#569,.T.);
#1878=EDGE_CURVE('',#1518,#1519,#570,.T.);
#1879=EDGE_CURVE('',#1519,#1452,#571,.T.);
#1880=EDGE_CURVE('',#1520,#1429,#572,.T.);
#1881=EDGE_CURVE('',#1428,#1521,#573,.T.);
#1882=EDGE_CURVE('',#1521,#1520,#574,.T.);
#1883=EDGE_CURVE('',#1522,#1520,#575,.T.);
#1884=EDGE_CURVE('',#1447,#1522,#576,.T.);
#1885=EDGE_CURVE('',#1430,#1446,#577,.T.);
#1886=EDGE_CURVE('',#1523,#1521,#578,.T.);
#1887=EDGE_CURVE('',#1522,#1523,#579,.T.);
#1888=EDGE_CURVE('',#1523,#1448,#580,.T.);
#1889=EDGE_CURVE('',#1453,#1423,#581,.T.);
#1890=EDGE_CURVE('',#1449,#1427,#582,.T.);
#1891=EDGE_CURVE('',#1507,#1505,#583,.T.);
#1892=EDGE_CURVE('',#1467,#1409,#584,.T.);
#1893=EDGE_CURVE('',#1459,#1417,#585,.T.);
#1894=EDGE_CURVE('',#1457,#1419,#586,.T.);
#1895=EDGE_CURVE('',#1418,#1458,#587,.F.);
#1896=EDGE_CURVE('',#1441,#1405,#588,.T.);
#1897=EDGE_CURVE('',#1443,#1433,#589,.T.);
#1898=EDGE_CURVE('',#1432,#1444,#590,.T.);
#1899=EDGE_CURVE('',#1431,#1445,#591,.T.);
#1900=EDGE_CURVE('',#1524,#1525,#19,.T.);
#1901=EDGE_CURVE('',#1525,#1526,#592,.T.);
#1902=EDGE_CURVE('',#1526,#1527,#20,.T.);
#1903=EDGE_CURVE('',#1527,#1524,#593,.T.);
#1904=EDGE_CURVE('',#1525,#1528,#594,.T.);
#1905=EDGE_CURVE('',#1528,#1529,#595,.T.);
#1906=EDGE_CURVE('',#1529,#1526,#596,.T.);
#1907=EDGE_CURVE('',#1530,#1531,#21,.T.);
#1908=EDGE_CURVE('',#1531,#1532,#597,.T.);
#1909=EDGE_CURVE('',#1532,#1533,#22,.T.);
#1910=EDGE_CURVE('',#1533,#1530,#598,.T.);
#1911=EDGE_CURVE('',#1531,#1534,#599,.T.);
#1912=EDGE_CURVE('',#1534,#1535,#600,.T.);
#1913=EDGE_CURVE('',#1535,#1532,#601,.T.);
#1914=EDGE_CURVE('',#1536,#1537,#602,.T.);
#1915=EDGE_CURVE('',#1537,#1538,#23,.T.);
#1916=EDGE_CURVE('',#1538,#1539,#603,.T.);
#1917=EDGE_CURVE('',#1539,#1536,#17,.T.);
#1918=EDGE_CURVE('',#1539,#1540,#604,.T.);
#1919=EDGE_CURVE('',#1540,#1541,#24,.T.);
#1920=EDGE_CURVE('',#1541,#1536,#605,.T.);
#1921=EDGE_CURVE('',#1541,#1542,#606,.T.);
#1922=EDGE_CURVE('',#1542,#1543,#607,.T.);
#1923=EDGE_CURVE('',#1543,#1544,#608,.T.);
#1924=EDGE_CURVE('',#1544,#1537,#609,.T.);
#1925=EDGE_CURVE('',#1545,#1546,#25,.T.);
#1926=EDGE_CURVE('',#1546,#1547,#610,.T.);
#1927=EDGE_CURVE('',#1547,#1548,#26,.T.);
#1928=EDGE_CURVE('',#1548,#1545,#611,.T.);
#1929=EDGE_CURVE('',#1546,#1549,#612,.T.);
#1930=EDGE_CURVE('',#1549,#1550,#613,.T.);
#1931=EDGE_CURVE('',#1550,#1547,#614,.T.);
#1932=EDGE_CURVE('',#1551,#1552,#615,.T.);
#1933=EDGE_CURVE('',#1552,#1553,#27,.T.);
#1934=EDGE_CURVE('',#1553,#1554,#616,.T.);
#1935=EDGE_CURVE('',#1554,#1551,#18,.T.);
#1936=EDGE_CURVE('',#1554,#1555,#617,.T.);
#1937=EDGE_CURVE('',#1555,#1556,#28,.T.);
#1938=EDGE_CURVE('',#1556,#1551,#618,.T.);
#1939=EDGE_CURVE('',#1477,#1551,#619,.T.);
#1940=EDGE_CURVE('',#1476,#1552,#620,.T.);
#1941=EDGE_CURVE('',#1472,#1556,#621,.T.);
#1942=EDGE_CURVE('',#1557,#1558,#29,.T.);
#1943=EDGE_CURVE('',#1558,#1559,#622,.T.);
#1944=EDGE_CURVE('',#1559,#1560,#30,.T.);
#1945=EDGE_CURVE('',#1560,#1557,#623,.T.);
#1946=EDGE_CURVE('',#1558,#1561,#624,.T.);
#1947=EDGE_CURVE('',#1561,#1562,#625,.T.);
#1948=EDGE_CURVE('',#1562,#1559,#626,.T.);
#1949=EDGE_CURVE('',#1563,#1564,#31,.T.);
#1950=EDGE_CURVE('',#1564,#1565,#627,.T.);
#1951=EDGE_CURVE('',#1565,#1566,#32,.T.);
#1952=EDGE_CURVE('',#1566,#1563,#628,.T.);
#1953=EDGE_CURVE('',#1564,#1567,#629,.T.);
#1954=EDGE_CURVE('',#1567,#1568,#630,.T.);
#1955=EDGE_CURVE('',#1568,#1565,#631,.T.);
#1956=EDGE_CURVE('',#1569,#1570,#632,.T.);
#1957=EDGE_CURVE('',#1570,#1571,#633,.T.);
#1958=EDGE_CURVE('',#1571,#1572,#634,.T.);
#1959=EDGE_CURVE('',#1572,#1569,#635,.T.);
#1960=EDGE_CURVE('',#1573,#1574,#636,.T.);
#1961=EDGE_CURVE('',#1574,#1575,#637,.T.);
#1962=EDGE_CURVE('',#1575,#1576,#638,.T.);
#1963=EDGE_CURVE('',#1576,#1577,#639,.T.);
#1964=EDGE_CURVE('',#1577,#1578,#640,.T.);
#1965=EDGE_CURVE('',#1578,#1573,#641,.T.);
#1966=EDGE_CURVE('',#1579,#1580,#642,.T.);
#1967=EDGE_CURVE('',#1580,#1581,#643,.T.);
#1968=EDGE_CURVE('',#1581,#1582,#644,.T.);
#1969=EDGE_CURVE('',#1582,#1579,#645,.T.);
#1970=EDGE_CURVE('',#1583,#1584,#646,.T.);
#1971=EDGE_CURVE('',#1584,#1585,#647,.T.);
#1972=EDGE_CURVE('',#1585,#1586,#648,.T.);
#1973=EDGE_CURVE('',#1586,#1583,#649,.T.);
#1974=EDGE_CURVE('',#1587,#1588,#650,.T.);
#1975=EDGE_CURVE('',#1588,#1589,#651,.T.);
#1976=EDGE_CURVE('',#1589,#1590,#652,.T.);
#1977=EDGE_CURVE('',#1590,#1591,#653,.T.);
#1978=EDGE_CURVE('',#1591,#1592,#654,.T.);
#1979=EDGE_CURVE('',#1592,#1587,#655,.T.);
#1980=EDGE_CURVE('',#1593,#1594,#656,.T.);
#1981=EDGE_CURVE('',#1594,#1595,#657,.T.);
#1982=EDGE_CURVE('',#1595,#1596,#658,.T.);
#1983=EDGE_CURVE('',#1596,#1593,#659,.T.);
#1984=EDGE_CURVE('',#1529,#1584,#660,.T.);
#1985=EDGE_CURVE('',#1528,#1585,#661,.T.);
#1986=EDGE_CURVE('',#1502,#1527,#662,.T.);
#1987=EDGE_CURVE('',#1501,#1524,#663,.T.);
#1988=EDGE_CURVE('',#1597,#1577,#664,.T.);
#1989=EDGE_CURVE('',#1598,#1597,#665,.T.);
#1990=EDGE_CURVE('',#1598,#1578,#666,.T.);
#1991=EDGE_CURVE('',#1599,#1598,#667,.T.);
#1992=EDGE_CURVE('',#1599,#1573,#668,.T.);
#1993=EDGE_CURVE('',#1553,#1599,#669,.T.);
#1994=EDGE_CURVE('',#1597,#1555,#670,.T.);
#1995=EDGE_CURVE('',#1596,#1568,#671,.T.);
#1996=EDGE_CURVE('',#1567,#1593,#672,.T.);
#1997=EDGE_CURVE('',#1494,#1566,#673,.T.);
#1998=EDGE_CURVE('',#1493,#1563,#674,.T.);
#1999=EDGE_CURVE('',#1535,#1580,#675,.T.);
#2000=EDGE_CURVE('',#1534,#1581,#676,.T.);
#2001=EDGE_CURVE('',#1498,#1533,#677,.T.);
#2002=EDGE_CURVE('',#1497,#1530,#678,.T.);
#2003=EDGE_CURVE('',#1600,#1601,#679,.T.);
#2004=EDGE_CURVE('',#1601,#1550,#680,.T.);
#2005=EDGE_CURVE('',#1600,#1549,#681,.T.);
#2006=EDGE_CURVE('',#1572,#1562,#682,.T.);
#2007=EDGE_CURVE('',#1561,#1569,#683,.T.);
#2008=EDGE_CURVE('',#1490,#1560,#684,.T.);
#2009=EDGE_CURVE('',#1489,#1557,#685,.T.);
#2010=EDGE_CURVE('',#1544,#1590,#686,.T.);
#2011=EDGE_CURVE('',#1543,#1591,#687,.T.);
#2012=EDGE_CURVE('',#1592,#1542,#688,.T.);
#2013=EDGE_CURVE('',#1483,#1539,#689,.T.);
#2014=EDGE_CURVE('',#1482,#1540,#690,.T.);
#2015=EDGE_CURVE('',#1478,#1538,#691,.T.);
#2016=EDGE_CURVE('',#1503,#1602,#692,.T.);
#2017=EDGE_CURVE('',#1602,#1603,#693,.T.);
#2018=EDGE_CURVE('',#1603,#1500,#694,.T.);
#2019=EDGE_CURVE('',#1602,#1583,#695,.T.);
#2020=EDGE_CURVE('',#1603,#1586,#696,.T.);
#2021=EDGE_CURVE('',#1499,#1604,#697,.T.);
#2022=EDGE_CURVE('',#1604,#1605,#698,.T.);
#2023=EDGE_CURVE('',#1605,#1496,#699,.T.);
#2024=EDGE_CURVE('',#1604,#1579,#700,.T.);
#2025=EDGE_CURVE('',#1605,#1582,#701,.T.);
#2026=EDGE_CURVE('',#1479,#1606,#702,.T.);
#2027=EDGE_CURVE('',#1606,#1607,#703,.T.);
#2028=EDGE_CURVE('',#1607,#1480,#704,.T.);
#2029=EDGE_CURVE('',#1607,#1608,#705,.T.);
#2030=EDGE_CURVE('',#1608,#1481,#706,.T.);
#2031=EDGE_CURVE('',#1471,#1609,#707,.T.);
#2032=EDGE_CURVE('',#1609,#1610,#708,.T.);
#2033=EDGE_CURVE('',#1610,#1468,#709,.T.);
#2034=EDGE_CURVE('',#1609,#1611,#710,.T.);
#2035=EDGE_CURVE('',#1612,#1611,#711,.T.);
#2036=EDGE_CURVE('',#1610,#1612,#712,.T.);
#2037=EDGE_CURVE('',#1473,#1613,#713,.T.);
#2038=EDGE_CURVE('',#1613,#1614,#714,.T.);
#2039=EDGE_CURVE('',#1614,#1474,#715,.T.);
#2040=EDGE_CURVE('',#1614,#1615,#716,.T.);
#2041=EDGE_CURVE('',#1615,#1475,#717,.T.);
#2042=EDGE_CURVE('',#1495,#1616,#718,.T.);
#2043=EDGE_CURVE('',#1616,#1617,#719,.T.);
#2044=EDGE_CURVE('',#1617,#1492,#720,.T.);
#2045=EDGE_CURVE('',#1616,#1595,#721,.T.);
#2046=EDGE_CURVE('',#1617,#1594,#722,.T.);
#2047=EDGE_CURVE('',#1491,#1618,#723,.T.);
#2048=EDGE_CURVE('',#1618,#1619,#724,.T.);
#2049=EDGE_CURVE('',#1619,#1488,#725,.T.);
#2050=EDGE_CURVE('',#1618,#1571,#726,.T.);
#2051=EDGE_CURVE('',#1619,#1570,#727,.T.);
#2052=EDGE_CURVE('',#1613,#1576,#728,.T.);
#2053=EDGE_CURVE('',#1614,#1575,#729,.T.);
#2054=EDGE_CURVE('',#1615,#1574,#730,.T.);
#2055=EDGE_CURVE('',#1608,#1587,#731,.T.);
#2056=EDGE_CURVE('',#1606,#1589,#732,.T.);
#2057=EDGE_CURVE('',#1607,#1588,#733,.T.);
#2058=EDGE_CURVE('',#1470,#1548,#734,.T.);
#2059=EDGE_CURVE('',#1469,#1545,#735,.T.);
#2060=EDGE_CURVE('',#1611,#1601,#736,.T.);
#2061=EDGE_CURVE('',#1612,#1600,#737,.T.);
#2062=EDGE_CURVE('',#1484,#1437,#738,.T.);
#2063=EDGE_CURVE('',#1436,#1485,#739,.T.);
#2064=EDGE_CURVE('',#1435,#1487,#740,.T.);
#2065=EDGE_CURVE('',#1434,#1486,#741,.T.);
#2066=EDGE_CURVE('',#1620,#1621,#33,.T.);
#2067=EDGE_CURVE('',#1621,#1622,#742,.T.);
#2068=EDGE_CURVE('',#1622,#1623,#34,.T.);
#2069=EDGE_CURVE('',#1623,#1620,#743,.T.);
#2070=EDGE_CURVE('',#1624,#1621,#744,.T.);
#2071=EDGE_CURVE('',#1625,#1624,#745,.T.);
#2072=EDGE_CURVE('',#1622,#1625,#746,.T.);
#2073=EDGE_CURVE('',#1626,#1627,#35,.T.);
#2074=EDGE_CURVE('',#1627,#1628,#747,.T.);
#2075=EDGE_CURVE('',#1628,#1629,#36,.T.);
#2076=EDGE_CURVE('',#1629,#1626,#748,.T.);
#2077=EDGE_CURVE('',#1628,#1623,#749,.T.);
#2078=EDGE_CURVE('',#1620,#1627,#750,.T.);
#2079=EDGE_CURVE('',#1630,#1629,#751,.T.);
#2080=EDGE_CURVE('',#1631,#1630,#752,.T.);
#2081=EDGE_CURVE('',#1626,#1631,#753,.T.);
#2082=EDGE_CURVE('',#1630,#1632,#754,.T.);
#2083=EDGE_CURVE('',#1632,#1633,#755,.T.);
#2084=EDGE_CURVE('',#1633,#1634,#756,.T.);
#2085=EDGE_CURVE('',#1634,#1635,#757,.T.);
#2086=EDGE_CURVE('',#1635,#1625,#758,.T.);
#2087=EDGE_CURVE('',#1624,#1636,#759,.T.);
#2088=EDGE_CURVE('',#1636,#1637,#760,.T.);
#2089=EDGE_CURVE('',#1637,#1638,#761,.T.);
#2090=EDGE_CURVE('',#1638,#1639,#762,.T.);
#2091=EDGE_CURVE('',#1639,#1631,#763,.T.);
#2092=EDGE_CURVE('',#1640,#1635,#764,.T.);
#2093=EDGE_CURVE('',#1641,#1640,#765,.T.);
#2094=EDGE_CURVE('',#1641,#1642,#766,.T.);
#2095=EDGE_CURVE('',#1643,#1642,#767,.T.);
#2096=EDGE_CURVE('',#1643,#1644,#768,.F.);
#2097=EDGE_CURVE('',#1645,#1644,#769,.T.);
#2098=EDGE_CURVE('',#1645,#1646,#770,.T.);
#2099=EDGE_CURVE('',#1647,#1646,#771,.T.);
#2100=EDGE_CURVE('',#1647,#1648,#772,.T.);
#2101=EDGE_CURVE('',#1649,#1648,#773,.T.);
#2102=EDGE_CURVE('',#1649,#1650,#774,.T.);
#2103=EDGE_CURVE('',#1651,#1650,#775,.T.);
#2104=EDGE_CURVE('',#1651,#1652,#776,.T.);
#2105=EDGE_CURVE('',#1653,#1652,#777,.T.);
#2106=EDGE_CURVE('',#1632,#1653,#778,.T.);
#2107=EDGE_CURVE('',#1654,#1655,#779,.F.);
#2108=EDGE_CURVE('',#1655,#1656,#780,.T.);
#2109=EDGE_CURVE('',#1656,#1657,#781,.F.);
#2110=EDGE_CURVE('',#1657,#1654,#782,.T.);
#2111=EDGE_CURVE('',#1658,#1655,#783,.F.);
#2112=EDGE_CURVE('',#1659,#1658,#784,.T.);
#2113=EDGE_CURVE('',#1659,#1656,#785,.F.);
#2114=EDGE_CURVE('',#1660,#1661,#786,.F.);
#2115=EDGE_CURVE('',#1661,#1662,#787,.T.);
#2116=EDGE_CURVE('',#1662,#1663,#788,.F.);
#2117=EDGE_CURVE('',#1663,#1660,#789,.T.);
#2118=EDGE_CURVE('',#1664,#1661,#790,.T.);
#2119=EDGE_CURVE('',#1665,#1664,#791,.T.);
#2120=EDGE_CURVE('',#1665,#1662,#792,.T.);
#2121=EDGE_CURVE('',#1666,#1667,#793,.F.);
#2122=EDGE_CURVE('',#1667,#1668,#794,.T.);
#2123=EDGE_CURVE('',#1668,#1669,#795,.F.);
#2124=EDGE_CURVE('',#1669,#1666,#796,.T.);
#2125=EDGE_CURVE('',#1670,#1667,#797,.T.);
#2126=EDGE_CURVE('',#1671,#1670,#798,.T.);
#2127=EDGE_CURVE('',#1671,#1668,#799,.F.);
#2128=EDGE_CURVE('',#1642,#1672,#800,.F.);
#2129=EDGE_CURVE('',#1672,#1673,#801,.T.);
#2130=EDGE_CURVE('',#1673,#1643,#802,.F.);
#2131=EDGE_CURVE('',#1674,#1672,#803,.F.);
#2132=EDGE_CURVE('',#1675,#1674,#804,.T.);
#2133=EDGE_CURVE('',#1675,#1673,#805,.T.);
#2134=EDGE_CURVE('',#1646,#1676,#806,.F.);
#2135=EDGE_CURVE('',#1676,#1677,#807,.T.);
#2136=EDGE_CURVE('',#1677,#1647,#808,.F.);
#2137=EDGE_CURVE('',#1678,#1676,#809,.T.);
#2138=EDGE_CURVE('',#1679,#1678,#810,.T.);
#2139=EDGE_CURVE('',#1679,#1677,#811,.F.);
#2140=EDGE_CURVE('',#1650,#1680,#812,.F.);
#2141=EDGE_CURVE('',#1680,#1681,#813,.T.);
#2142=EDGE_CURVE('',#1681,#1651,#814,.F.);
#2143=EDGE_CURVE('',#1682,#1680,#815,.T.);
#2144=EDGE_CURVE('',#1683,#1682,#816,.T.);
#2145=EDGE_CURVE('',#1683,#1681,#817,.F.);
#2146=EDGE_CURVE('',#1684,#1685,#818,.T.);
#2147=EDGE_CURVE('',#1685,#1686,#819,.T.);
#2148=EDGE_CURVE('',#1687,#1686,#820,.T.);
#2149=EDGE_CURVE('',#1684,#1687,#821,.T.);
#2150=EDGE_CURVE('',#1685,#1688,#822,.T.);
#2151=EDGE_CURVE('',#1688,#1689,#823,.T.);
#2152=EDGE_CURVE('',#1686,#1689,#824,.T.);
#2153=EDGE_CURVE('',#1688,#1690,#825,.T.);
#2154=EDGE_CURVE('',#1690,#1691,#826,.T.);
#2155=EDGE_CURVE('',#1689,#1691,#827,.T.);
#2156=EDGE_CURVE('',#1691,#1687,#828,.T.);
#2157=EDGE_CURVE('',#1690,#1684,#829,.T.);
#2158=EDGE_CURVE('',#1692,#1693,#830,.T.);
#2159=EDGE_CURVE('',#1693,#1694,#831,.T.);
#2160=EDGE_CURVE('',#1694,#1695,#832,.T.);
#2161=EDGE_CURVE('',#1695,#1692,#833,.T.);
#2162=EDGE_CURVE('',#1696,#1697,#834,.T.);
#2163=EDGE_CURVE('',#1696,#1698,#835,.T.);
#2164=EDGE_CURVE('',#1699,#1698,#836,.T.);
#2165=EDGE_CURVE('',#1699,#1697,#837,.T.);
#2166=EDGE_CURVE('',#1697,#1652,#838,.T.);
#2167=EDGE_CURVE('',#1683,#1700,#839,.T.);
#2168=EDGE_CURVE('',#1700,#1696,#840,.T.);
#2169=EDGE_CURVE('',#1649,#1699,#841,.T.);
#2170=EDGE_CURVE('',#1701,#1648,#842,.T.);
#2171=EDGE_CURVE('',#1702,#1701,#843,.T.);
#2172=EDGE_CURVE('',#1645,#1702,#844,.T.);
#2173=EDGE_CURVE('',#1703,#1644,#845,.T.);
#2174=EDGE_CURVE('',#1704,#1703,#846,.T.);
#2175=EDGE_CURVE('',#1641,#1704,#847,.T.);
#2176=EDGE_CURVE('',#1640,#1705,#848,.T.);
#2177=EDGE_CURVE('',#1705,#1706,#849,.T.);
#2178=EDGE_CURVE('',#1707,#1706,#850,.T.);
#2179=EDGE_CURVE('',#1708,#1707,#851,.T.);
#2180=EDGE_CURVE('',#1709,#1708,#852,.T.);
#2181=EDGE_CURVE('',#1709,#1710,#853,.T.);
#2182=EDGE_CURVE('',#1711,#1710,#854,.T.);
#2183=EDGE_CURVE('',#1712,#1711,#855,.T.);
#2184=EDGE_CURVE('',#1713,#1712,#856,.T.);
#2185=EDGE_CURVE('',#1713,#1714,#857,.T.);
#2186=EDGE_CURVE('',#1715,#1714,#858,.T.);
#2187=EDGE_CURVE('',#1716,#1715,#859,.T.);
#2188=EDGE_CURVE('',#1717,#1716,#860,.T.);
#2189=EDGE_CURVE('',#1717,#1718,#861,.T.);
#2190=EDGE_CURVE('',#1718,#1653,#862,.T.);
#2191=EDGE_CURVE('',#1719,#1682,#863,.T.);
#2192=EDGE_CURVE('',#1719,#1700,#864,.T.);
#2193=EDGE_CURVE('',#1698,#1719,#865,.T.);
#2194=EDGE_CURVE('',#1720,#1701,#866,.T.);
#2195=EDGE_CURVE('',#1720,#1721,#867,.T.);
#2196=EDGE_CURVE('',#1702,#1721,#868,.T.);
#2197=EDGE_CURVE('',#1679,#1722,#869,.T.);
#2198=EDGE_CURVE('',#1722,#1720,#870,.T.);
#2199=EDGE_CURVE('',#1723,#1678,#871,.T.);
#2200=EDGE_CURVE('',#1723,#1722,#872,.T.);
#2201=EDGE_CURVE('',#1721,#1723,#873,.T.);
#2202=EDGE_CURVE('',#1704,#1724,#874,.T.);
#2203=EDGE_CURVE('',#1725,#1703,#875,.T.);
#2204=EDGE_CURVE('',#1725,#1724,#876,.T.);
#2205=EDGE_CURVE('',#1726,#1724,#877,.T.);
#2206=EDGE_CURVE('',#1726,#1674,#878,.T.);
#2207=EDGE_CURVE('',#1727,#1725,#879,.T.);
#2208=EDGE_CURVE('',#1726,#1727,#880,.T.);
#2209=EDGE_CURVE('',#1675,#1727,#881,.T.);
#2210=EDGE_CURVE('',#1728,#1707,#882,.T.);
#2211=EDGE_CURVE('',#1728,#1729,#883,.T.);
#2212=EDGE_CURVE('',#1708,#1729,#884,.T.);
#2213=EDGE_CURVE('',#1729,#1730,#885,.T.);
#2214=EDGE_CURVE('',#1730,#1670,#886,.T.);
#2215=EDGE_CURVE('',#1709,#1666,#887,.T.);
#2216=EDGE_CURVE('',#1731,#1728,#888,.T.);
#2217=EDGE_CURVE('',#1730,#1731,#889,.T.);
#2218=EDGE_CURVE('',#1671,#1731,#890,.T.);
#2219=EDGE_CURVE('',#1669,#1706,#891,.T.);
#2220=EDGE_CURVE('',#1716,#1732,#892,.T.);
#2221=EDGE_CURVE('',#1733,#1715,#893,.T.);
#2222=EDGE_CURVE('',#1733,#1732,#894,.T.);
#2223=EDGE_CURVE('',#1657,#1714,#895,.T.);
#2224=EDGE_CURVE('',#1659,#1734,#896,.T.);
#2225=EDGE_CURVE('',#1734,#1733,#897,.T.);
#2226=EDGE_CURVE('',#1735,#1658,#898,.T.);
#2227=EDGE_CURVE('',#1735,#1734,#899,.T.);
#2228=EDGE_CURVE('',#1732,#1735,#900,.T.);
#2229=EDGE_CURVE('',#1717,#1654,#901,.T.);
#2230=EDGE_CURVE('',#1712,#1736,#902,.T.);
#2231=EDGE_CURVE('',#1737,#1711,#903,.T.);
#2232=EDGE_CURVE('',#1737,#1736,#904,.T.);
#2233=EDGE_CURVE('',#1663,#1710,#905,.T.);
#2234=EDGE_CURVE('',#1665,#1738,#906,.T.);
#2235=EDGE_CURVE('',#1738,#1737,#907,.F.);
#2236=EDGE_CURVE('',#1739,#1664,#908,.T.);
#2237=EDGE_CURVE('',#1739,#1738,#909,.T.);
#2238=EDGE_CURVE('',#1736,#1739,#910,.T.);
#2239=EDGE_CURVE('',#1713,#1660,#911,.T.);
#2240=EDGE_CURVE('',#1705,#1634,#912,.T.);
#2241=EDGE_CURVE('',#1718,#1633,#913,.T.);
#2242=EDGE_CURVE('',#1692,#1638,#914,.T.);
#2243=EDGE_CURVE('',#1695,#1639,#915,.T.);
#2244=EDGE_CURVE('',#1694,#1636,#916,.T.);
#2245=EDGE_CURVE('',#1637,#1693,#917,.T.);
#2246=ORIENTED_EDGE('',*,*,#1740,.T.);
#2247=ORIENTED_EDGE('',*,*,#1741,.T.);
#2248=ORIENTED_EDGE('',*,*,#1742,.T.);
#2249=ORIENTED_EDGE('',*,*,#1743,.T.);
#2250=ORIENTED_EDGE('',*,*,#1743,.F.);
#2251=ORIENTED_EDGE('',*,*,#1744,.T.);
#2252=ORIENTED_EDGE('',*,*,#1745,.F.);
#2253=ORIENTED_EDGE('',*,*,#1746,.T.);
#2254=ORIENTED_EDGE('',*,*,#1747,.F.);
#2255=ORIENTED_EDGE('',*,*,#1748,.T.);
#2256=ORIENTED_EDGE('',*,*,#1749,.F.);
#2257=ORIENTED_EDGE('',*,*,#1750,.T.);
#2258=ORIENTED_EDGE('',*,*,#1751,.F.);
#2259=ORIENTED_EDGE('',*,*,#1752,.T.);
#2260=ORIENTED_EDGE('',*,*,#1753,.F.);
#2261=ORIENTED_EDGE('',*,*,#1754,.T.);
#2262=ORIENTED_EDGE('',*,*,#1755,.T.);
#2263=ORIENTED_EDGE('',*,*,#1756,.T.);
#2264=ORIENTED_EDGE('',*,*,#1757,.F.);
#2265=ORIENTED_EDGE('',*,*,#1758,.T.);
#2266=ORIENTED_EDGE('',*,*,#1759,.T.);
#2267=ORIENTED_EDGE('',*,*,#1760,.T.);
#2268=ORIENTED_EDGE('',*,*,#1761,.F.);
#2269=ORIENTED_EDGE('',*,*,#1762,.T.);
#2270=ORIENTED_EDGE('',*,*,#1763,.T.);
#2271=ORIENTED_EDGE('',*,*,#1764,.T.);
#2272=ORIENTED_EDGE('',*,*,#1765,.F.);
#2273=ORIENTED_EDGE('',*,*,#1766,.T.);
#2274=ORIENTED_EDGE('',*,*,#1767,.T.);
#2275=ORIENTED_EDGE('',*,*,#1768,.T.);
#2276=ORIENTED_EDGE('',*,*,#1769,.F.);
#2277=ORIENTED_EDGE('',*,*,#1770,.T.);
#2278=ORIENTED_EDGE('',*,*,#1771,.F.);
#2279=ORIENTED_EDGE('',*,*,#1772,.F.);
#2280=ORIENTED_EDGE('',*,*,#1773,.F.);
#2281=ORIENTED_EDGE('',*,*,#1774,.F.);
#2282=ORIENTED_EDGE('',*,*,#1742,.F.);
#2283=ORIENTED_EDGE('',*,*,#1775,.F.);
#2284=ORIENTED_EDGE('',*,*,#1776,.F.);
#2285=ORIENTED_EDGE('',*,*,#1777,.T.);
#2286=ORIENTED_EDGE('',*,*,#1778,.F.);
#2287=ORIENTED_EDGE('',*,*,#1744,.F.);
#2288=ORIENTED_EDGE('',*,*,#1779,.T.);
#2289=ORIENTED_EDGE('',*,*,#1780,.T.);
#2290=ORIENTED_EDGE('',*,*,#1776,.T.);
#2291=ORIENTED_EDGE('',*,*,#1781,.T.);
#2292=ORIENTED_EDGE('',*,*,#1780,.F.);
#2293=ORIENTED_EDGE('',*,*,#1782,.T.);
#2294=ORIENTED_EDGE('',*,*,#1783,.F.);
#2295=ORIENTED_EDGE('',*,*,#1784,.F.);
#2296=ORIENTED_EDGE('',*,*,#1785,.T.);
#2297=ORIENTED_EDGE('',*,*,#1786,.F.);
#2298=ORIENTED_EDGE('',*,*,#1787,.F.);
#2299=ORIENTED_EDGE('',*,*,#1788,.T.);
#2300=ORIENTED_EDGE('',*,*,#1789,.T.);
#2301=ORIENTED_EDGE('',*,*,#1790,.F.);
#2302=ORIENTED_EDGE('',*,*,#1791,.F.);
#2303=ORIENTED_EDGE('',*,*,#1792,.T.);
#2304=ORIENTED_EDGE('',*,*,#1793,.T.);
#2305=ORIENTED_EDGE('',*,*,#1794,.F.);
#2306=ORIENTED_EDGE('',*,*,#1795,.F.);
#2307=ORIENTED_EDGE('',*,*,#1796,.T.);
#2308=ORIENTED_EDGE('',*,*,#1797,.T.);
#2309=ORIENTED_EDGE('',*,*,#1798,.T.);
#2310=ORIENTED_EDGE('',*,*,#1799,.F.);
#2311=ORIENTED_EDGE('',*,*,#1800,.F.);
#2312=ORIENTED_EDGE('',*,*,#1801,.F.);
#2313=ORIENTED_EDGE('',*,*,#1802,.T.);
#2314=ORIENTED_EDGE('',*,*,#1803,.F.);
#2315=ORIENTED_EDGE('',*,*,#1804,.F.);
#2316=ORIENTED_EDGE('',*,*,#1805,.F.);
#2317=ORIENTED_EDGE('',*,*,#1806,.T.);
#2318=ORIENTED_EDGE('',*,*,#1807,.F.);
#2319=ORIENTED_EDGE('',*,*,#1777,.F.);
#2320=ORIENTED_EDGE('',*,*,#1808,.T.);
#2321=ORIENTED_EDGE('',*,*,#1809,.T.);
#2322=ORIENTED_EDGE('',*,*,#1810,.T.);
#2323=ORIENTED_EDGE('',*,*,#1811,.F.);
#2324=ORIENTED_EDGE('',*,*,#1812,.T.);
#2325=ORIENTED_EDGE('',*,*,#1813,.F.);
#2326=ORIENTED_EDGE('',*,*,#1814,.F.);
#2327=ORIENTED_EDGE('',*,*,#1815,.T.);
#2328=ORIENTED_EDGE('',*,*,#1816,.T.);
#2329=ORIENTED_EDGE('',*,*,#1817,.T.);
#2330=ORIENTED_EDGE('',*,*,#1818,.T.);
#2331=ORIENTED_EDGE('',*,*,#1819,.F.);
#2332=ORIENTED_EDGE('',*,*,#1820,.F.);
#2333=ORIENTED_EDGE('',*,*,#1821,.T.);
#2334=ORIENTED_EDGE('',*,*,#1822,.T.);
#2335=ORIENTED_EDGE('',*,*,#1823,.T.);
#2336=ORIENTED_EDGE('',*,*,#1824,.T.);
#2337=ORIENTED_EDGE('',*,*,#1825,.T.);
#2338=ORIENTED_EDGE('',*,*,#1826,.T.);
#2339=ORIENTED_EDGE('',*,*,#1827,.T.);
#2340=ORIENTED_EDGE('',*,*,#1828,.T.);
#2341=ORIENTED_EDGE('',*,*,#1829,.T.);
#2342=ORIENTED_EDGE('',*,*,#1830,.T.);
#2343=ORIENTED_EDGE('',*,*,#1831,.F.);
#2344=ORIENTED_EDGE('',*,*,#1832,.T.);
#2345=ORIENTED_EDGE('',*,*,#1833,.T.);
#2346=ORIENTED_EDGE('',*,*,#1834,.T.);
#2347=ORIENTED_EDGE('',*,*,#1835,.F.);
#2348=ORIENTED_EDGE('',*,*,#1836,.T.);
#2349=ORIENTED_EDGE('',*,*,#1837,.T.);
#2350=ORIENTED_EDGE('',*,*,#1838,.T.);
#2351=ORIENTED_EDGE('',*,*,#1839,.F.);
#2352=ORIENTED_EDGE('',*,*,#1840,.T.);
#2353=ORIENTED_EDGE('',*,*,#1841,.T.);
#2354=ORIENTED_EDGE('',*,*,#1842,.T.);
#2355=ORIENTED_EDGE('',*,*,#1843,.F.);
#2356=ORIENTED_EDGE('',*,*,#1844,.T.);
#2357=ORIENTED_EDGE('',*,*,#1747,.T.);
#2358=ORIENTED_EDGE('',*,*,#1845,.T.);
#2359=ORIENTED_EDGE('',*,*,#1846,.T.);
#2360=ORIENTED_EDGE('',*,*,#1844,.F.);
#2361=ORIENTED_EDGE('',*,*,#1847,.F.);
#2362=ORIENTED_EDGE('',*,*,#1848,.F.);
#2363=ORIENTED_EDGE('',*,*,#1804,.T.);
#2364=ORIENTED_EDGE('',*,*,#1849,.F.);
#2365=ORIENTED_EDGE('',*,*,#1748,.F.);
#2366=ORIENTED_EDGE('',*,*,#1850,.T.);
#2367=ORIENTED_EDGE('',*,*,#1805,.T.);
#2368=ORIENTED_EDGE('',*,*,#1848,.T.);
#2369=ORIENTED_EDGE('',*,*,#1851,.T.);
#2370=ORIENTED_EDGE('',*,*,#1852,.T.);
#2371=ORIENTED_EDGE('',*,*,#1853,.T.);
#2372=ORIENTED_EDGE('',*,*,#1854,.T.);
#2373=ORIENTED_EDGE('',*,*,#1801,.T.);
#2374=ORIENTED_EDGE('',*,*,#1854,.F.);
#2375=ORIENTED_EDGE('',*,*,#1855,.T.);
#2376=ORIENTED_EDGE('',*,*,#1856,.F.);
#2377=ORIENTED_EDGE('',*,*,#1750,.F.);
#2378=ORIENTED_EDGE('',*,*,#1857,.F.);
#2379=ORIENTED_EDGE('',*,*,#1802,.F.);
#2380=ORIENTED_EDGE('',*,*,#1858,.T.);
#2381=ORIENTED_EDGE('',*,*,#1751,.T.);
#2382=ORIENTED_EDGE('',*,*,#1856,.T.);
#2383=ORIENTED_EDGE('',*,*,#1859,.T.);
#2384=ORIENTED_EDGE('',*,*,#1852,.F.);
#2385=ORIENTED_EDGE('',*,*,#1800,.T.);
#2386=ORIENTED_EDGE('',*,*,#1860,.F.);
#2387=ORIENTED_EDGE('',*,*,#1752,.F.);
#2388=ORIENTED_EDGE('',*,*,#1858,.F.);
#2389=ORIENTED_EDGE('',*,*,#1861,.F.);
#2390=ORIENTED_EDGE('',*,*,#1862,.T.);
#2391=ORIENTED_EDGE('',*,*,#1863,.T.);
#2392=ORIENTED_EDGE('',*,*,#1864,.T.);
#2393=ORIENTED_EDGE('',*,*,#1757,.T.);
#2394=ORIENTED_EDGE('',*,*,#1864,.F.);
#2395=ORIENTED_EDGE('',*,*,#1865,.F.);
#2396=ORIENTED_EDGE('',*,*,#1866,.F.);
#2397=ORIENTED_EDGE('',*,*,#1794,.T.);
#2398=ORIENTED_EDGE('',*,*,#1867,.F.);
#2399=ORIENTED_EDGE('',*,*,#1758,.F.);
#2400=ORIENTED_EDGE('',*,*,#1863,.F.);
#2401=ORIENTED_EDGE('',*,*,#1868,.F.);
#2402=ORIENTED_EDGE('',*,*,#1869,.F.);
#2403=ORIENTED_EDGE('',*,*,#1865,.T.);
#2404=ORIENTED_EDGE('',*,*,#1870,.T.);
#2405=ORIENTED_EDGE('',*,*,#1795,.T.);
#2406=ORIENTED_EDGE('',*,*,#1866,.T.);
#2407=ORIENTED_EDGE('',*,*,#1869,.T.);
#2408=ORIENTED_EDGE('',*,*,#1871,.T.);
#2409=ORIENTED_EDGE('',*,*,#1761,.T.);
#2410=ORIENTED_EDGE('',*,*,#1872,.T.);
#2411=ORIENTED_EDGE('',*,*,#1873,.T.);
#2412=ORIENTED_EDGE('',*,*,#1871,.F.);
#2413=ORIENTED_EDGE('',*,*,#1874,.F.);
#2414=ORIENTED_EDGE('',*,*,#1875,.F.);
#2415=ORIENTED_EDGE('',*,*,#1790,.T.);
#2416=ORIENTED_EDGE('',*,*,#1876,.F.);
#2417=ORIENTED_EDGE('',*,*,#1762,.F.);
#2418=ORIENTED_EDGE('',*,*,#1873,.F.);
#2419=ORIENTED_EDGE('',*,*,#1877,.F.);
#2420=ORIENTED_EDGE('',*,*,#1878,.F.);
#2421=ORIENTED_EDGE('',*,*,#1874,.T.);
#2422=ORIENTED_EDGE('',*,*,#1875,.T.);
#2423=ORIENTED_EDGE('',*,*,#1878,.T.);
#2424=ORIENTED_EDGE('',*,*,#1879,.T.);
#2425=ORIENTED_EDGE('',*,*,#1791,.T.);
#2426=ORIENTED_EDGE('',*,*,#1880,.T.);
#2427=ORIENTED_EDGE('',*,*,#1765,.T.);
#2428=ORIENTED_EDGE('',*,*,#1881,.T.);
#2429=ORIENTED_EDGE('',*,*,#1882,.T.);
#2430=ORIENTED_EDGE('',*,*,#1880,.F.);
#2431=ORIENTED_EDGE('',*,*,#1883,.F.);
#2432=ORIENTED_EDGE('',*,*,#1884,.F.);
#2433=ORIENTED_EDGE('',*,*,#1786,.T.);
#2434=ORIENTED_EDGE('',*,*,#1885,.F.);
#2435=ORIENTED_EDGE('',*,*,#1766,.F.);
#2436=ORIENTED_EDGE('',*,*,#1882,.F.);
#2437=ORIENTED_EDGE('',*,*,#1886,.F.);
#2438=ORIENTED_EDGE('',*,*,#1887,.F.);
#2439=ORIENTED_EDGE('',*,*,#1883,.T.);
#2440=ORIENTED_EDGE('',*,*,#1884,.T.);
#2441=ORIENTED_EDGE('',*,*,#1887,.T.);
#2442=ORIENTED_EDGE('',*,*,#1888,.T.);
#2443=ORIENTED_EDGE('',*,*,#1787,.T.);
#2444=ORIENTED_EDGE('',*,*,#1872,.F.);
#2445=ORIENTED_EDGE('',*,*,#1760,.F.);
#2446=ORIENTED_EDGE('',*,*,#1889,.F.);
#2447=ORIENTED_EDGE('',*,*,#1792,.F.);
#2448=ORIENTED_EDGE('',*,*,#1879,.F.);
#2449=ORIENTED_EDGE('',*,*,#1877,.T.);
#2450=ORIENTED_EDGE('',*,*,#1876,.T.);
#2451=ORIENTED_EDGE('',*,*,#1789,.F.);
#2452=ORIENTED_EDGE('',*,*,#1890,.T.);
#2453=ORIENTED_EDGE('',*,*,#1763,.F.);
#2454=ORIENTED_EDGE('',*,*,#1889,.T.);
#2455=ORIENTED_EDGE('',*,*,#1759,.F.);
#2456=ORIENTED_EDGE('',*,*,#1867,.T.);
#2457=ORIENTED_EDGE('',*,*,#1793,.F.);
#2458=ORIENTED_EDGE('',*,*,#1846,.F.);
#2459=ORIENTED_EDGE('',*,*,#1891,.F.);
#2460=ORIENTED_EDGE('',*,*,#1851,.F.);
#2461=ORIENTED_EDGE('',*,*,#1847,.T.);
#2462=ORIENTED_EDGE('',*,*,#1845,.F.);
#2463=ORIENTED_EDGE('',*,*,#1746,.F.);
#2464=ORIENTED_EDGE('',*,*,#1892,.F.);
#2465=ORIENTED_EDGE('',*,*,#1806,.F.);
#2466=ORIENTED_EDGE('',*,*,#1850,.F.);
#2467=ORIENTED_EDGE('',*,*,#1891,.T.);
#2468=ORIENTED_EDGE('',*,*,#1892,.T.);
#2469=ORIENTED_EDGE('',*,*,#1745,.T.);
#2470=ORIENTED_EDGE('',*,*,#1778,.T.);
#2471=ORIENTED_EDGE('',*,*,#1807,.T.);
#2472=ORIENTED_EDGE('',*,*,#1853,.F.);
#2473=ORIENTED_EDGE('',*,*,#1861,.T.);
#2474=ORIENTED_EDGE('',*,*,#1859,.F.);
#2475=ORIENTED_EDGE('',*,*,#1855,.F.);
#2476=ORIENTED_EDGE('',*,*,#1849,.T.);
#2477=ORIENTED_EDGE('',*,*,#1803,.T.);
#2478=ORIENTED_EDGE('',*,*,#1857,.T.);
#2479=ORIENTED_EDGE('',*,*,#1749,.T.);
#2480=ORIENTED_EDGE('',*,*,#1860,.T.);
#2481=ORIENTED_EDGE('',*,*,#1799,.T.);
#2482=ORIENTED_EDGE('',*,*,#1893,.T.);
#2483=ORIENTED_EDGE('',*,*,#1753,.T.);
#2484=ORIENTED_EDGE('',*,*,#1862,.F.);
#2485=ORIENTED_EDGE('',*,*,#1756,.F.);
#2486=ORIENTED_EDGE('',*,*,#1894,.F.);
#2487=ORIENTED_EDGE('',*,*,#1796,.F.);
#2488=ORIENTED_EDGE('',*,*,#1870,.F.);
#2489=ORIENTED_EDGE('',*,*,#1868,.T.);
#2490=ORIENTED_EDGE('',*,*,#1894,.T.);
#2491=ORIENTED_EDGE('',*,*,#1755,.F.);
#2492=ORIENTED_EDGE('',*,*,#1895,.T.);
#2493=ORIENTED_EDGE('',*,*,#1797,.F.);
#2494=ORIENTED_EDGE('',*,*,#1741,.F.);
#2495=ORIENTED_EDGE('',*,*,#1896,.F.);
#2496=ORIENTED_EDGE('',*,*,#1781,.F.);
#2497=ORIENTED_EDGE('',*,*,#1775,.T.);
#2498=ORIENTED_EDGE('',*,*,#1740,.F.);
#2499=ORIENTED_EDGE('',*,*,#1770,.F.);
#2500=ORIENTED_EDGE('',*,*,#1897,.F.);
#2501=ORIENTED_EDGE('',*,*,#1782,.F.);
#2502=ORIENTED_EDGE('',*,*,#1779,.F.);
#2503=ORIENTED_EDGE('',*,*,#1896,.T.);
#2504=ORIENTED_EDGE('',*,*,#1897,.T.);
#2505=ORIENTED_EDGE('',*,*,#1769,.T.);
#2506=ORIENTED_EDGE('',*,*,#1898,.T.);
#2507=ORIENTED_EDGE('',*,*,#1783,.T.);
#2508=ORIENTED_EDGE('',*,*,#1881,.F.);
#2509=ORIENTED_EDGE('',*,*,#1764,.F.);
#2510=ORIENTED_EDGE('',*,*,#1890,.F.);
#2511=ORIENTED_EDGE('',*,*,#1788,.F.);
#2512=ORIENTED_EDGE('',*,*,#1888,.F.);
#2513=ORIENTED_EDGE('',*,*,#1886,.T.);
#2514=ORIENTED_EDGE('',*,*,#1885,.T.);
#2515=ORIENTED_EDGE('',*,*,#1785,.F.);
#2516=ORIENTED_EDGE('',*,*,#1899,.F.);
#2517=ORIENTED_EDGE('',*,*,#1767,.F.);
#2518=ORIENTED_EDGE('',*,*,#1900,.T.);
#2519=ORIENTED_EDGE('',*,*,#1901,.T.);
#2520=ORIENTED_EDGE('',*,*,#1902,.T.);
#2521=ORIENTED_EDGE('',*,*,#1903,.T.);
#2522=ORIENTED_EDGE('',*,*,#1901,.F.);
#2523=ORIENTED_EDGE('',*,*,#1904,.T.);
#2524=ORIENTED_EDGE('',*,*,#1905,.T.);
#2525=ORIENTED_EDGE('',*,*,#1906,.T.);
#2526=ORIENTED_EDGE('',*,*,#1907,.T.);
#2527=ORIENTED_EDGE('',*,*,#1908,.T.);
#2528=ORIENTED_EDGE('',*,*,#1909,.T.);
#2529=ORIENTED_EDGE('',*,*,#1910,.T.);
#2530=ORIENTED_EDGE('',*,*,#1908,.F.);
#2531=ORIENTED_EDGE('',*,*,#1911,.T.);
#2532=ORIENTED_EDGE('',*,*,#1912,.T.);
#2533=ORIENTED_EDGE('',*,*,#1913,.T.);
#2534=ORIENTED_EDGE('',*,*,#1914,.T.);
#2535=ORIENTED_EDGE('',*,*,#1915,.T.);
#2536=ORIENTED_EDGE('',*,*,#1916,.T.);
#2537=ORIENTED_EDGE('',*,*,#1917,.T.);
#2538=ORIENTED_EDGE('',*,*,#1918,.T.);
#2539=ORIENTED_EDGE('',*,*,#1919,.T.);
#2540=ORIENTED_EDGE('',*,*,#1920,.T.);
#2541=ORIENTED_EDGE('',*,*,#1917,.F.);
#2542=ORIENTED_EDGE('',*,*,#1914,.F.);
#2543=ORIENTED_EDGE('',*,*,#1920,.F.);
#2544=ORIENTED_EDGE('',*,*,#1921,.T.);
#2545=ORIENTED_EDGE('',*,*,#1922,.T.);
#2546=ORIENTED_EDGE('',*,*,#1923,.T.);
#2547=ORIENTED_EDGE('',*,*,#1924,.T.);
#2548=ORIENTED_EDGE('',*,*,#1925,.T.);
#2549=ORIENTED_EDGE('',*,*,#1926,.T.);
#2550=ORIENTED_EDGE('',*,*,#1927,.T.);
#2551=ORIENTED_EDGE('',*,*,#1928,.T.);
#2552=ORIENTED_EDGE('',*,*,#1926,.F.);
#2553=ORIENTED_EDGE('',*,*,#1929,.T.);
#2554=ORIENTED_EDGE('',*,*,#1930,.T.);
#2555=ORIENTED_EDGE('',*,*,#1931,.T.);
#2556=ORIENTED_EDGE('',*,*,#1932,.T.);
#2557=ORIENTED_EDGE('',*,*,#1933,.T.);
#2558=ORIENTED_EDGE('',*,*,#1934,.T.);
#2559=ORIENTED_EDGE('',*,*,#1935,.T.);
#2560=ORIENTED_EDGE('',*,*,#1936,.T.);
#2561=ORIENTED_EDGE('',*,*,#1937,.T.);
#2562=ORIENTED_EDGE('',*,*,#1938,.T.);
#2563=ORIENTED_EDGE('',*,*,#1935,.F.);
#2564=ORIENTED_EDGE('',*,*,#1932,.F.);
#2565=ORIENTED_EDGE('',*,*,#1939,.F.);
#2566=ORIENTED_EDGE('',*,*,#1816,.F.);
#2567=ORIENTED_EDGE('',*,*,#1940,.T.);
#2568=ORIENTED_EDGE('',*,*,#1938,.F.);
#2569=ORIENTED_EDGE('',*,*,#1941,.F.);
#2570=ORIENTED_EDGE('',*,*,#1817,.F.);
#2571=ORIENTED_EDGE('',*,*,#1939,.T.);
#2572=ORIENTED_EDGE('',*,*,#1942,.T.);
#2573=ORIENTED_EDGE('',*,*,#1943,.T.);
#2574=ORIENTED_EDGE('',*,*,#1944,.T.);
#2575=ORIENTED_EDGE('',*,*,#1945,.T.);
#2576=ORIENTED_EDGE('',*,*,#1943,.F.);
#2577=ORIENTED_EDGE('',*,*,#1946,.T.);
#2578=ORIENTED_EDGE('',*,*,#1947,.T.);
#2579=ORIENTED_EDGE('',*,*,#1948,.T.);
#2580=ORIENTED_EDGE('',*,*,#1949,.T.);
#2581=ORIENTED_EDGE('',*,*,#1950,.T.);
#2582=ORIENTED_EDGE('',*,*,#1951,.T.);
#2583=ORIENTED_EDGE('',*,*,#1952,.T.);
#2584=ORIENTED_EDGE('',*,*,#1950,.F.);
#2585=ORIENTED_EDGE('',*,*,#1953,.T.);
#2586=ORIENTED_EDGE('',*,*,#1954,.T.);
#2587=ORIENTED_EDGE('',*,*,#1955,.T.);
#2588=ORIENTED_EDGE('',*,*,#1956,.T.);
#2589=ORIENTED_EDGE('',*,*,#1957,.T.);
#2590=ORIENTED_EDGE('',*,*,#1958,.T.);
#2591=ORIENTED_EDGE('',*,*,#1959,.T.);
#2592=ORIENTED_EDGE('',*,*,#1960,.T.);
#2593=ORIENTED_EDGE('',*,*,#1961,.T.);
#2594=ORIENTED_EDGE('',*,*,#1962,.T.);
#2595=ORIENTED_EDGE('',*,*,#1963,.T.);
#2596=ORIENTED_EDGE('',*,*,#1964,.T.);
#2597=ORIENTED_EDGE('',*,*,#1965,.T.);
#2598=ORIENTED_EDGE('',*,*,#1966,.T.);
#2599=ORIENTED_EDGE('',*,*,#1967,.T.);
#2600=ORIENTED_EDGE('',*,*,#1968,.T.);
#2601=ORIENTED_EDGE('',*,*,#1969,.T.);
#2602=ORIENTED_EDGE('',*,*,#1970,.T.);
#2603=ORIENTED_EDGE('',*,*,#1971,.T.);
#2604=ORIENTED_EDGE('',*,*,#1972,.T.);
#2605=ORIENTED_EDGE('',*,*,#1973,.T.);
#2606=ORIENTED_EDGE('',*,*,#1974,.T.);
#2607=ORIENTED_EDGE('',*,*,#1975,.T.);
#2608=ORIENTED_EDGE('',*,*,#1976,.T.);
#2609=ORIENTED_EDGE('',*,*,#1977,.T.);
#2610=ORIENTED_EDGE('',*,*,#1978,.T.);
#2611=ORIENTED_EDGE('',*,*,#1979,.T.);
#2612=ORIENTED_EDGE('',*,*,#1980,.T.);
#2613=ORIENTED_EDGE('',*,*,#1981,.T.);
#2614=ORIENTED_EDGE('',*,*,#1982,.T.);
#2615=ORIENTED_EDGE('',*,*,#1983,.T.);
#2616=ORIENTED_EDGE('',*,*,#1984,.F.);
#2617=ORIENTED_EDGE('',*,*,#1905,.F.);
#2618=ORIENTED_EDGE('',*,*,#1985,.T.);
#2619=ORIENTED_EDGE('',*,*,#1971,.F.);
#2620=ORIENTED_EDGE('',*,*,#1903,.F.);
#2621=ORIENTED_EDGE('',*,*,#1986,.F.);
#2622=ORIENTED_EDGE('',*,*,#1841,.F.);
#2623=ORIENTED_EDGE('',*,*,#1987,.T.);
#2624=ORIENTED_EDGE('',*,*,#1988,.F.);
#2625=ORIENTED_EDGE('',*,*,#1989,.F.);
#2626=ORIENTED_EDGE('',*,*,#1990,.T.);
#2627=ORIENTED_EDGE('',*,*,#1964,.F.);
#2628=ORIENTED_EDGE('',*,*,#1990,.F.);
#2629=ORIENTED_EDGE('',*,*,#1991,.F.);
#2630=ORIENTED_EDGE('',*,*,#1992,.T.);
#2631=ORIENTED_EDGE('',*,*,#1965,.F.);
#2632=ORIENTED_EDGE('',*,*,#1934,.F.);
#2633=ORIENTED_EDGE('',*,*,#1993,.T.);
#2634=ORIENTED_EDGE('',*,*,#1991,.T.);
#2635=ORIENTED_EDGE('',*,*,#1989,.T.);
#2636=ORIENTED_EDGE('',*,*,#1994,.T.);
#2637=ORIENTED_EDGE('',*,*,#1936,.F.);
#2638=ORIENTED_EDGE('',*,*,#1995,.T.);
#2639=ORIENTED_EDGE('',*,*,#1954,.F.);
#2640=ORIENTED_EDGE('',*,*,#1996,.T.);
#2641=ORIENTED_EDGE('',*,*,#1983,.F.);
#2642=ORIENTED_EDGE('',*,*,#1952,.F.);
#2643=ORIENTED_EDGE('',*,*,#1997,.F.);
#2644=ORIENTED_EDGE('',*,*,#1833,.F.);
#2645=ORIENTED_EDGE('',*,*,#1998,.T.);
#2646=ORIENTED_EDGE('',*,*,#1999,.F.);
#2647=ORIENTED_EDGE('',*,*,#1912,.F.);
#2648=ORIENTED_EDGE('',*,*,#2000,.T.);
#2649=ORIENTED_EDGE('',*,*,#1967,.F.);
#2650=ORIENTED_EDGE('',*,*,#1910,.F.);
#2651=ORIENTED_EDGE('',*,*,#2001,.F.);
#2652=ORIENTED_EDGE('',*,*,#1837,.F.);
#2653=ORIENTED_EDGE('',*,*,#2002,.T.);
#2654=ORIENTED_EDGE('',*,*,#2003,.T.);
#2655=ORIENTED_EDGE('',*,*,#2004,.T.);
#2656=ORIENTED_EDGE('',*,*,#1930,.F.);
#2657=ORIENTED_EDGE('',*,*,#2005,.F.);
#2658=ORIENTED_EDGE('',*,*,#2006,.T.);
#2659=ORIENTED_EDGE('',*,*,#1947,.F.);
#2660=ORIENTED_EDGE('',*,*,#2007,.T.);
#2661=ORIENTED_EDGE('',*,*,#1959,.F.);
#2662=ORIENTED_EDGE('',*,*,#1945,.F.);
#2663=ORIENTED_EDGE('',*,*,#2008,.F.);
#2664=ORIENTED_EDGE('',*,*,#1829,.F.);
#2665=ORIENTED_EDGE('',*,*,#2009,.T.);
#2666=ORIENTED_EDGE('',*,*,#2010,.F.);
#2667=ORIENTED_EDGE('',*,*,#1923,.F.);
#2668=ORIENTED_EDGE('',*,*,#2011,.T.);
#2669=ORIENTED_EDGE('',*,*,#1977,.F.);
#2670=ORIENTED_EDGE('',*,*,#2011,.F.);
#2671=ORIENTED_EDGE('',*,*,#1922,.F.);
#2672=ORIENTED_EDGE('',*,*,#2012,.F.);
#2673=ORIENTED_EDGE('',*,*,#1978,.F.);
#2674=ORIENTED_EDGE('',*,*,#1918,.F.);
#2675=ORIENTED_EDGE('',*,*,#2013,.F.);
#2676=ORIENTED_EDGE('',*,*,#1822,.F.);
#2677=ORIENTED_EDGE('',*,*,#2014,.T.);
#2678=ORIENTED_EDGE('',*,*,#1916,.F.);
#2679=ORIENTED_EDGE('',*,*,#2015,.F.);
#2680=ORIENTED_EDGE('',*,*,#1823,.F.);
#2681=ORIENTED_EDGE('',*,*,#2013,.T.);
#2682=ORIENTED_EDGE('',*,*,#2016,.T.);
#2683=ORIENTED_EDGE('',*,*,#2017,.T.);
#2684=ORIENTED_EDGE('',*,*,#2018,.T.);
#2685=ORIENTED_EDGE('',*,*,#1843,.T.);
#2686=ORIENTED_EDGE('',*,*,#2017,.F.);
#2687=ORIENTED_EDGE('',*,*,#2019,.T.);
#2688=ORIENTED_EDGE('',*,*,#1973,.F.);
#2689=ORIENTED_EDGE('',*,*,#2020,.F.);
#2690=ORIENTED_EDGE('',*,*,#2021,.T.);
#2691=ORIENTED_EDGE('',*,*,#2022,.T.);
#2692=ORIENTED_EDGE('',*,*,#2023,.T.);
#2693=ORIENTED_EDGE('',*,*,#1839,.T.);
#2694=ORIENTED_EDGE('',*,*,#2022,.F.);
#2695=ORIENTED_EDGE('',*,*,#2024,.T.);
#2696=ORIENTED_EDGE('',*,*,#1969,.F.);
#2697=ORIENTED_EDGE('',*,*,#2025,.F.);
#2698=ORIENTED_EDGE('',*,*,#1819,.T.);
#2699=ORIENTED_EDGE('',*,*,#2026,.T.);
#2700=ORIENTED_EDGE('',*,*,#2027,.T.);
#2701=ORIENTED_EDGE('',*,*,#2028,.T.);
#2702=ORIENTED_EDGE('',*,*,#2029,.T.);
#2703=ORIENTED_EDGE('',*,*,#2030,.T.);
#2704=ORIENTED_EDGE('',*,*,#1820,.T.);
#2705=ORIENTED_EDGE('',*,*,#2028,.F.);
#2706=ORIENTED_EDGE('',*,*,#2031,.T.);
#2707=ORIENTED_EDGE('',*,*,#2032,.T.);
#2708=ORIENTED_EDGE('',*,*,#2033,.T.);
#2709=ORIENTED_EDGE('',*,*,#1811,.T.);
#2710=ORIENTED_EDGE('',*,*,#2032,.F.);
#2711=ORIENTED_EDGE('',*,*,#2034,.T.);
#2712=ORIENTED_EDGE('',*,*,#2035,.F.);
#2713=ORIENTED_EDGE('',*,*,#2036,.F.);
#2714=ORIENTED_EDGE('',*,*,#1813,.T.);
#2715=ORIENTED_EDGE('',*,*,#2037,.T.);
#2716=ORIENTED_EDGE('',*,*,#2038,.T.);
#2717=ORIENTED_EDGE('',*,*,#2039,.T.);
#2718=ORIENTED_EDGE('',*,*,#2040,.T.);
#2719=ORIENTED_EDGE('',*,*,#2041,.T.);
#2720=ORIENTED_EDGE('',*,*,#1814,.T.);
#2721=ORIENTED_EDGE('',*,*,#2039,.F.);
#2722=ORIENTED_EDGE('',*,*,#2042,.T.);
#2723=ORIENTED_EDGE('',*,*,#2043,.T.);
#2724=ORIENTED_EDGE('',*,*,#2044,.T.);
#2725=ORIENTED_EDGE('',*,*,#1835,.T.);
#2726=ORIENTED_EDGE('',*,*,#2043,.F.);
#2727=ORIENTED_EDGE('',*,*,#2045,.T.);
#2728=ORIENTED_EDGE('',*,*,#1981,.F.);
#2729=ORIENTED_EDGE('',*,*,#2046,.F.);
#2730=ORIENTED_EDGE('',*,*,#2047,.T.);
#2731=ORIENTED_EDGE('',*,*,#2048,.T.);
#2732=ORIENTED_EDGE('',*,*,#2049,.T.);
#2733=ORIENTED_EDGE('',*,*,#1831,.T.);
#2734=ORIENTED_EDGE('',*,*,#2048,.F.);
#2735=ORIENTED_EDGE('',*,*,#2050,.T.);
#2736=ORIENTED_EDGE('',*,*,#1957,.F.);
#2737=ORIENTED_EDGE('',*,*,#2051,.F.);
#2738=ORIENTED_EDGE('',*,*,#1834,.F.);
#2739=ORIENTED_EDGE('',*,*,#1997,.T.);
#2740=ORIENTED_EDGE('',*,*,#1951,.F.);
#2741=ORIENTED_EDGE('',*,*,#1955,.F.);
#2742=ORIENTED_EDGE('',*,*,#1995,.F.);
#2743=ORIENTED_EDGE('',*,*,#1982,.F.);
#2744=ORIENTED_EDGE('',*,*,#2045,.F.);
#2745=ORIENTED_EDGE('',*,*,#2042,.F.);
#2746=ORIENTED_EDGE('',*,*,#1832,.F.);
#2747=ORIENTED_EDGE('',*,*,#2044,.F.);
#2748=ORIENTED_EDGE('',*,*,#2046,.T.);
#2749=ORIENTED_EDGE('',*,*,#1980,.F.);
#2750=ORIENTED_EDGE('',*,*,#1996,.F.);
#2751=ORIENTED_EDGE('',*,*,#1953,.F.);
#2752=ORIENTED_EDGE('',*,*,#1949,.F.);
#2753=ORIENTED_EDGE('',*,*,#1998,.F.);
#2754=ORIENTED_EDGE('',*,*,#1836,.F.);
#2755=ORIENTED_EDGE('',*,*,#2023,.F.);
#2756=ORIENTED_EDGE('',*,*,#2025,.T.);
#2757=ORIENTED_EDGE('',*,*,#1968,.F.);
#2758=ORIENTED_EDGE('',*,*,#2000,.F.);
#2759=ORIENTED_EDGE('',*,*,#1911,.F.);
#2760=ORIENTED_EDGE('',*,*,#1907,.F.);
#2761=ORIENTED_EDGE('',*,*,#2002,.F.);
#2762=ORIENTED_EDGE('',*,*,#1838,.F.);
#2763=ORIENTED_EDGE('',*,*,#2001,.T.);
#2764=ORIENTED_EDGE('',*,*,#1909,.F.);
#2765=ORIENTED_EDGE('',*,*,#1913,.F.);
#2766=ORIENTED_EDGE('',*,*,#1999,.T.);
#2767=ORIENTED_EDGE('',*,*,#1966,.F.);
#2768=ORIENTED_EDGE('',*,*,#2024,.F.);
#2769=ORIENTED_EDGE('',*,*,#2021,.F.);
#2770=ORIENTED_EDGE('',*,*,#1840,.F.);
#2771=ORIENTED_EDGE('',*,*,#2018,.F.);
#2772=ORIENTED_EDGE('',*,*,#2020,.T.);
#2773=ORIENTED_EDGE('',*,*,#1972,.F.);
#2774=ORIENTED_EDGE('',*,*,#1985,.F.);
#2775=ORIENTED_EDGE('',*,*,#1904,.F.);
#2776=ORIENTED_EDGE('',*,*,#1900,.F.);
#2777=ORIENTED_EDGE('',*,*,#1987,.F.);
#2778=ORIENTED_EDGE('',*,*,#1842,.F.);
#2779=ORIENTED_EDGE('',*,*,#1986,.T.);
#2780=ORIENTED_EDGE('',*,*,#1902,.F.);
#2781=ORIENTED_EDGE('',*,*,#1906,.F.);
#2782=ORIENTED_EDGE('',*,*,#1984,.T.);
#2783=ORIENTED_EDGE('',*,*,#1970,.F.);
#2784=ORIENTED_EDGE('',*,*,#2019,.F.);
#2785=ORIENTED_EDGE('',*,*,#2016,.F.);
#2786=ORIENTED_EDGE('',*,*,#1812,.F.);
#2787=ORIENTED_EDGE('',*,*,#1941,.T.);
#2788=ORIENTED_EDGE('',*,*,#1937,.F.);
#2789=ORIENTED_EDGE('',*,*,#1994,.F.);
#2790=ORIENTED_EDGE('',*,*,#1988,.T.);
#2791=ORIENTED_EDGE('',*,*,#1963,.F.);
#2792=ORIENTED_EDGE('',*,*,#2052,.F.);
#2793=ORIENTED_EDGE('',*,*,#2037,.F.);
#2794=ORIENTED_EDGE('',*,*,#2038,.F.);
#2795=ORIENTED_EDGE('',*,*,#2052,.T.);
#2796=ORIENTED_EDGE('',*,*,#1962,.F.);
#2797=ORIENTED_EDGE('',*,*,#2053,.F.);
#2798=ORIENTED_EDGE('',*,*,#2040,.F.);
#2799=ORIENTED_EDGE('',*,*,#2053,.T.);
#2800=ORIENTED_EDGE('',*,*,#1961,.F.);
#2801=ORIENTED_EDGE('',*,*,#2054,.F.);
#2802=ORIENTED_EDGE('',*,*,#1815,.F.);
#2803=ORIENTED_EDGE('',*,*,#2041,.F.);
#2804=ORIENTED_EDGE('',*,*,#2054,.T.);
#2805=ORIENTED_EDGE('',*,*,#1960,.F.);
#2806=ORIENTED_EDGE('',*,*,#1992,.F.);
#2807=ORIENTED_EDGE('',*,*,#1993,.F.);
#2808=ORIENTED_EDGE('',*,*,#1933,.F.);
#2809=ORIENTED_EDGE('',*,*,#1940,.F.);
#2810=ORIENTED_EDGE('',*,*,#1821,.F.);
#2811=ORIENTED_EDGE('',*,*,#2030,.F.);
#2812=ORIENTED_EDGE('',*,*,#2055,.T.);
#2813=ORIENTED_EDGE('',*,*,#1979,.F.);
#2814=ORIENTED_EDGE('',*,*,#2012,.T.);
#2815=ORIENTED_EDGE('',*,*,#1921,.F.);
#2816=ORIENTED_EDGE('',*,*,#1919,.F.);
#2817=ORIENTED_EDGE('',*,*,#2014,.F.);
#2818=ORIENTED_EDGE('',*,*,#1818,.F.);
#2819=ORIENTED_EDGE('',*,*,#2015,.T.);
#2820=ORIENTED_EDGE('',*,*,#1915,.F.);
#2821=ORIENTED_EDGE('',*,*,#1924,.F.);
#2822=ORIENTED_EDGE('',*,*,#2010,.T.);
#2823=ORIENTED_EDGE('',*,*,#1976,.F.);
#2824=ORIENTED_EDGE('',*,*,#2056,.F.);
#2825=ORIENTED_EDGE('',*,*,#2026,.F.);
#2826=ORIENTED_EDGE('',*,*,#2027,.F.);
#2827=ORIENTED_EDGE('',*,*,#2056,.T.);
#2828=ORIENTED_EDGE('',*,*,#1975,.F.);
#2829=ORIENTED_EDGE('',*,*,#2057,.F.);
#2830=ORIENTED_EDGE('',*,*,#2029,.F.);
#2831=ORIENTED_EDGE('',*,*,#2057,.T.);
#2832=ORIENTED_EDGE('',*,*,#1974,.F.);
#2833=ORIENTED_EDGE('',*,*,#2055,.F.);
#2834=ORIENTED_EDGE('',*,*,#1830,.F.);
#2835=ORIENTED_EDGE('',*,*,#2008,.T.);
#2836=ORIENTED_EDGE('',*,*,#1944,.F.);
#2837=ORIENTED_EDGE('',*,*,#1948,.F.);
#2838=ORIENTED_EDGE('',*,*,#2006,.F.);
#2839=ORIENTED_EDGE('',*,*,#1958,.F.);
#2840=ORIENTED_EDGE('',*,*,#2050,.F.);
#2841=ORIENTED_EDGE('',*,*,#2047,.F.);
#2842=ORIENTED_EDGE('',*,*,#1828,.F.);
#2843=ORIENTED_EDGE('',*,*,#2049,.F.);
#2844=ORIENTED_EDGE('',*,*,#2051,.T.);
#2845=ORIENTED_EDGE('',*,*,#1956,.F.);
#2846=ORIENTED_EDGE('',*,*,#2007,.F.);
#2847=ORIENTED_EDGE('',*,*,#1946,.F.);
#2848=ORIENTED_EDGE('',*,*,#1942,.F.);
#2849=ORIENTED_EDGE('',*,*,#2009,.F.);
#2850=ORIENTED_EDGE('',*,*,#1928,.F.);
#2851=ORIENTED_EDGE('',*,*,#2058,.F.);
#2852=ORIENTED_EDGE('',*,*,#1809,.F.);
#2853=ORIENTED_EDGE('',*,*,#2059,.T.);
#2854=ORIENTED_EDGE('',*,*,#1810,.F.);
#2855=ORIENTED_EDGE('',*,*,#2058,.T.);
#2856=ORIENTED_EDGE('',*,*,#1927,.F.);
#2857=ORIENTED_EDGE('',*,*,#1931,.F.);
#2858=ORIENTED_EDGE('',*,*,#2004,.F.);
#2859=ORIENTED_EDGE('',*,*,#2060,.F.);
#2860=ORIENTED_EDGE('',*,*,#2034,.F.);
#2861=ORIENTED_EDGE('',*,*,#2031,.F.);
#2862=ORIENTED_EDGE('',*,*,#1808,.F.);
#2863=ORIENTED_EDGE('',*,*,#2033,.F.);
#2864=ORIENTED_EDGE('',*,*,#2036,.T.);
#2865=ORIENTED_EDGE('',*,*,#2061,.T.);
#2866=ORIENTED_EDGE('',*,*,#2005,.T.);
#2867=ORIENTED_EDGE('',*,*,#1929,.F.);
#2868=ORIENTED_EDGE('',*,*,#1925,.F.);
#2869=ORIENTED_EDGE('',*,*,#2059,.F.);
#2870=ORIENTED_EDGE('',*,*,#2061,.F.);
#2871=ORIENTED_EDGE('',*,*,#2035,.T.);
#2872=ORIENTED_EDGE('',*,*,#2060,.T.);
#2873=ORIENTED_EDGE('',*,*,#2003,.F.);
#2874=ORIENTED_EDGE('',*,*,#1824,.F.);
#2875=ORIENTED_EDGE('',*,*,#2062,.T.);
#2876=ORIENTED_EDGE('',*,*,#1773,.T.);
#2877=ORIENTED_EDGE('',*,*,#2063,.T.);
#2878=ORIENTED_EDGE('',*,*,#1771,.T.);
#2879=ORIENTED_EDGE('',*,*,#2064,.T.);
#2880=ORIENTED_EDGE('',*,*,#1826,.F.);
#2881=ORIENTED_EDGE('',*,*,#2065,.F.);
#2882=ORIENTED_EDGE('',*,*,#1827,.F.);
#2883=ORIENTED_EDGE('',*,*,#2064,.F.);
#2884=ORIENTED_EDGE('',*,*,#1774,.T.);
#2885=ORIENTED_EDGE('',*,*,#2062,.F.);
#2886=ORIENTED_EDGE('',*,*,#1825,.F.);
#2887=ORIENTED_EDGE('',*,*,#2063,.F.);
#2888=ORIENTED_EDGE('',*,*,#1772,.T.);
#2889=ORIENTED_EDGE('',*,*,#2065,.T.);
#2890=ORIENTED_EDGE('',*,*,#1754,.F.);
#2891=ORIENTED_EDGE('',*,*,#1893,.F.);
#2892=ORIENTED_EDGE('',*,*,#1798,.F.);
#2893=ORIENTED_EDGE('',*,*,#1895,.F.);
#2894=ORIENTED_EDGE('',*,*,#1768,.F.);
#2895=ORIENTED_EDGE('',*,*,#1899,.T.);
#2896=ORIENTED_EDGE('',*,*,#1784,.T.);
#2897=ORIENTED_EDGE('',*,*,#1898,.F.);
#2898=ORIENTED_EDGE('',*,*,#2066,.T.);
#2899=ORIENTED_EDGE('',*,*,#2067,.T.);
#2900=ORIENTED_EDGE('',*,*,#2068,.T.);
#2901=ORIENTED_EDGE('',*,*,#2069,.T.);
#2902=ORIENTED_EDGE('',*,*,#2067,.F.);
#2903=ORIENTED_EDGE('',*,*,#2070,.F.);
#2904=ORIENTED_EDGE('',*,*,#2071,.F.);
#2905=ORIENTED_EDGE('',*,*,#2072,.F.);
#2906=ORIENTED_EDGE('',*,*,#2073,.T.);
#2907=ORIENTED_EDGE('',*,*,#2074,.T.);
#2908=ORIENTED_EDGE('',*,*,#2075,.T.);
#2909=ORIENTED_EDGE('',*,*,#2076,.T.);
#2910=ORIENTED_EDGE('',*,*,#2069,.F.);
#2911=ORIENTED_EDGE('',*,*,#2077,.F.);
#2912=ORIENTED_EDGE('',*,*,#2074,.F.);
#2913=ORIENTED_EDGE('',*,*,#2078,.F.);
#2914=ORIENTED_EDGE('',*,*,#2076,.F.);
#2915=ORIENTED_EDGE('',*,*,#2079,.F.);
#2916=ORIENTED_EDGE('',*,*,#2080,.F.);
#2917=ORIENTED_EDGE('',*,*,#2081,.F.);
#2918=ORIENTED_EDGE('',*,*,#2080,.T.);
#2919=ORIENTED_EDGE('',*,*,#2082,.T.);
#2920=ORIENTED_EDGE('',*,*,#2083,.T.);
#2921=ORIENTED_EDGE('',*,*,#2084,.T.);
#2922=ORIENTED_EDGE('',*,*,#2085,.T.);
#2923=ORIENTED_EDGE('',*,*,#2086,.T.);
#2924=ORIENTED_EDGE('',*,*,#2071,.T.);
#2925=ORIENTED_EDGE('',*,*,#2087,.T.);
#2926=ORIENTED_EDGE('',*,*,#2088,.T.);
#2927=ORIENTED_EDGE('',*,*,#2089,.T.);
#2928=ORIENTED_EDGE('',*,*,#2090,.T.);
#2929=ORIENTED_EDGE('',*,*,#2091,.T.);
#2930=ORIENTED_EDGE('',*,*,#2079,.T.);
#2931=ORIENTED_EDGE('',*,*,#2075,.F.);
#2932=ORIENTED_EDGE('',*,*,#2077,.T.);
#2933=ORIENTED_EDGE('',*,*,#2068,.F.);
#2934=ORIENTED_EDGE('',*,*,#2072,.T.);
#2935=ORIENTED_EDGE('',*,*,#2086,.F.);
#2936=ORIENTED_EDGE('',*,*,#2092,.F.);
#2937=ORIENTED_EDGE('',*,*,#2093,.F.);
#2938=ORIENTED_EDGE('',*,*,#2094,.T.);
#2939=ORIENTED_EDGE('',*,*,#2095,.F.);
#2940=ORIENTED_EDGE('',*,*,#2096,.T.);
#2941=ORIENTED_EDGE('',*,*,#2097,.F.);
#2942=ORIENTED_EDGE('',*,*,#2098,.T.);
#2943=ORIENTED_EDGE('',*,*,#2099,.F.);
#2944=ORIENTED_EDGE('',*,*,#2100,.T.);
#2945=ORIENTED_EDGE('',*,*,#2101,.F.);
#2946=ORIENTED_EDGE('',*,*,#2102,.T.);
#2947=ORIENTED_EDGE('',*,*,#2103,.F.);
#2948=ORIENTED_EDGE('',*,*,#2104,.T.);
#2949=ORIENTED_EDGE('',*,*,#2105,.F.);
#2950=ORIENTED_EDGE('',*,*,#2106,.F.);
#2951=ORIENTED_EDGE('',*,*,#2082,.F.);
#2952=ORIENTED_EDGE('',*,*,#2107,.T.);
#2953=ORIENTED_EDGE('',*,*,#2108,.T.);
#2954=ORIENTED_EDGE('',*,*,#2109,.T.);
#2955=ORIENTED_EDGE('',*,*,#2110,.T.);
#2956=ORIENTED_EDGE('',*,*,#2108,.F.);
#2957=ORIENTED_EDGE('',*,*,#2111,.F.);
#2958=ORIENTED_EDGE('',*,*,#2112,.F.);
#2959=ORIENTED_EDGE('',*,*,#2113,.T.);
#2960=ORIENTED_EDGE('',*,*,#2114,.T.);
#2961=ORIENTED_EDGE('',*,*,#2115,.T.);
#2962=ORIENTED_EDGE('',*,*,#2116,.T.);
#2963=ORIENTED_EDGE('',*,*,#2117,.T.);
#2964=ORIENTED_EDGE('',*,*,#2115,.F.);
#2965=ORIENTED_EDGE('',*,*,#2118,.F.);
#2966=ORIENTED_EDGE('',*,*,#2119,.F.);
#2967=ORIENTED_EDGE('',*,*,#2120,.T.);
#2968=ORIENTED_EDGE('',*,*,#2121,.T.);
#2969=ORIENTED_EDGE('',*,*,#2122,.T.);
#2970=ORIENTED_EDGE('',*,*,#2123,.T.);
#2971=ORIENTED_EDGE('',*,*,#2124,.T.);
#2972=ORIENTED_EDGE('',*,*,#2122,.F.);
#2973=ORIENTED_EDGE('',*,*,#2125,.F.);
#2974=ORIENTED_EDGE('',*,*,#2126,.F.);
#2975=ORIENTED_EDGE('',*,*,#2127,.T.);
#2976=ORIENTED_EDGE('',*,*,#2128,.T.);
#2977=ORIENTED_EDGE('',*,*,#2129,.T.);
#2978=ORIENTED_EDGE('',*,*,#2130,.T.);
#2979=ORIENTED_EDGE('',*,*,#2095,.T.);
#2980=ORIENTED_EDGE('',*,*,#2129,.F.);
#2981=ORIENTED_EDGE('',*,*,#2131,.F.);
#2982=ORIENTED_EDGE('',*,*,#2132,.F.);
#2983=ORIENTED_EDGE('',*,*,#2133,.T.);
#2984=ORIENTED_EDGE('',*,*,#2134,.T.);
#2985=ORIENTED_EDGE('',*,*,#2135,.T.);
#2986=ORIENTED_EDGE('',*,*,#2136,.T.);
#2987=ORIENTED_EDGE('',*,*,#2099,.T.);
#2988=ORIENTED_EDGE('',*,*,#2135,.F.);
#2989=ORIENTED_EDGE('',*,*,#2137,.F.);
#2990=ORIENTED_EDGE('',*,*,#2138,.F.);
#2991=ORIENTED_EDGE('',*,*,#2139,.T.);
#2992=ORIENTED_EDGE('',*,*,#2140,.T.);
#2993=ORIENTED_EDGE('',*,*,#2141,.T.);
#2994=ORIENTED_EDGE('',*,*,#2142,.T.);
#2995=ORIENTED_EDGE('',*,*,#2103,.T.);
#2996=ORIENTED_EDGE('',*,*,#2141,.F.);
#2997=ORIENTED_EDGE('',*,*,#2143,.F.);
#2998=ORIENTED_EDGE('',*,*,#2144,.F.);
#2999=ORIENTED_EDGE('',*,*,#2145,.T.);
#3000=ORIENTED_EDGE('',*,*,#2146,.T.);
#3001=ORIENTED_EDGE('',*,*,#2147,.T.);
#3002=ORIENTED_EDGE('',*,*,#2148,.F.);
#3003=ORIENTED_EDGE('',*,*,#2149,.F.);
#3004=ORIENTED_EDGE('',*,*,#2150,.T.);
#3005=ORIENTED_EDGE('',*,*,#2151,.T.);
#3006=ORIENTED_EDGE('',*,*,#2152,.F.);
#3007=ORIENTED_EDGE('',*,*,#2147,.F.);
#3008=ORIENTED_EDGE('',*,*,#2153,.T.);
#3009=ORIENTED_EDGE('',*,*,#2154,.T.);
#3010=ORIENTED_EDGE('',*,*,#2155,.F.);
#3011=ORIENTED_EDGE('',*,*,#2151,.F.);
#3012=ORIENTED_EDGE('',*,*,#2156,.F.);
#3013=ORIENTED_EDGE('',*,*,#2154,.F.);
#3014=ORIENTED_EDGE('',*,*,#2157,.T.);
#3015=ORIENTED_EDGE('',*,*,#2149,.T.);
#3016=ORIENTED_EDGE('',*,*,#2158,.T.);
#3017=ORIENTED_EDGE('',*,*,#2159,.T.);
#3018=ORIENTED_EDGE('',*,*,#2160,.T.);
#3019=ORIENTED_EDGE('',*,*,#2161,.T.);
#3020=ORIENTED_EDGE('',*,*,#2146,.F.);
#3021=ORIENTED_EDGE('',*,*,#2157,.F.);
#3022=ORIENTED_EDGE('',*,*,#2153,.F.);
#3023=ORIENTED_EDGE('',*,*,#2150,.F.);
#3024=ORIENTED_EDGE('',*,*,#2162,.F.);
#3025=ORIENTED_EDGE('',*,*,#2163,.T.);
#3026=ORIENTED_EDGE('',*,*,#2164,.F.);
#3027=ORIENTED_EDGE('',*,*,#2165,.T.);
#3028=ORIENTED_EDGE('',*,*,#2162,.T.);
#3029=ORIENTED_EDGE('',*,*,#2166,.T.);
#3030=ORIENTED_EDGE('',*,*,#2104,.F.);
#3031=ORIENTED_EDGE('',*,*,#2142,.F.);
#3032=ORIENTED_EDGE('',*,*,#2145,.F.);
#3033=ORIENTED_EDGE('',*,*,#2167,.T.);
#3034=ORIENTED_EDGE('',*,*,#2168,.T.);
#3035=ORIENTED_EDGE('',*,*,#2165,.F.);
#3036=ORIENTED_EDGE('',*,*,#2169,.F.);
#3037=ORIENTED_EDGE('',*,*,#2101,.T.);
#3038=ORIENTED_EDGE('',*,*,#2170,.F.);
#3039=ORIENTED_EDGE('',*,*,#2171,.F.);
#3040=ORIENTED_EDGE('',*,*,#2172,.F.);
#3041=ORIENTED_EDGE('',*,*,#2097,.T.);
#3042=ORIENTED_EDGE('',*,*,#2173,.F.);
#3043=ORIENTED_EDGE('',*,*,#2174,.F.);
#3044=ORIENTED_EDGE('',*,*,#2175,.F.);
#3045=ORIENTED_EDGE('',*,*,#2093,.T.);
#3046=ORIENTED_EDGE('',*,*,#2176,.T.);
#3047=ORIENTED_EDGE('',*,*,#2177,.T.);
#3048=ORIENTED_EDGE('',*,*,#2178,.F.);
#3049=ORIENTED_EDGE('',*,*,#2179,.F.);
#3050=ORIENTED_EDGE('',*,*,#2180,.F.);
#3051=ORIENTED_EDGE('',*,*,#2181,.T.);
#3052=ORIENTED_EDGE('',*,*,#2182,.F.);
#3053=ORIENTED_EDGE('',*,*,#2183,.F.);
#3054=ORIENTED_EDGE('',*,*,#2184,.F.);
#3055=ORIENTED_EDGE('',*,*,#2185,.T.);
#3056=ORIENTED_EDGE('',*,*,#2186,.F.);
#3057=ORIENTED_EDGE('',*,*,#2187,.F.);
#3058=ORIENTED_EDGE('',*,*,#2188,.F.);
#3059=ORIENTED_EDGE('',*,*,#2189,.T.);
#3060=ORIENTED_EDGE('',*,*,#2190,.T.);
#3061=ORIENTED_EDGE('',*,*,#2105,.T.);
#3062=ORIENTED_EDGE('',*,*,#2166,.F.);
#3063=ORIENTED_EDGE('',*,*,#2156,.T.);
#3064=ORIENTED_EDGE('',*,*,#2148,.T.);
#3065=ORIENTED_EDGE('',*,*,#2152,.T.);
#3066=ORIENTED_EDGE('',*,*,#2155,.T.);
#3067=ORIENTED_EDGE('',*,*,#2191,.F.);
#3068=ORIENTED_EDGE('',*,*,#2192,.T.);
#3069=ORIENTED_EDGE('',*,*,#2167,.F.);
#3070=ORIENTED_EDGE('',*,*,#2144,.T.);
#3071=ORIENTED_EDGE('',*,*,#2164,.T.);
#3072=ORIENTED_EDGE('',*,*,#2193,.T.);
#3073=ORIENTED_EDGE('',*,*,#2191,.T.);
#3074=ORIENTED_EDGE('',*,*,#2143,.T.);
#3075=ORIENTED_EDGE('',*,*,#2140,.F.);
#3076=ORIENTED_EDGE('',*,*,#2102,.F.);
#3077=ORIENTED_EDGE('',*,*,#2169,.T.);
#3078=ORIENTED_EDGE('',*,*,#2194,.F.);
#3079=ORIENTED_EDGE('',*,*,#2195,.T.);
#3080=ORIENTED_EDGE('',*,*,#2196,.F.);
#3081=ORIENTED_EDGE('',*,*,#2171,.T.);
#3082=ORIENTED_EDGE('',*,*,#2194,.T.);
#3083=ORIENTED_EDGE('',*,*,#2170,.T.);
#3084=ORIENTED_EDGE('',*,*,#2100,.F.);
#3085=ORIENTED_EDGE('',*,*,#2136,.F.);
#3086=ORIENTED_EDGE('',*,*,#2139,.F.);
#3087=ORIENTED_EDGE('',*,*,#2197,.T.);
#3088=ORIENTED_EDGE('',*,*,#2198,.T.);
#3089=ORIENTED_EDGE('',*,*,#2199,.F.);
#3090=ORIENTED_EDGE('',*,*,#2200,.T.);
#3091=ORIENTED_EDGE('',*,*,#2197,.F.);
#3092=ORIENTED_EDGE('',*,*,#2138,.T.);
#3093=ORIENTED_EDGE('',*,*,#2196,.T.);
#3094=ORIENTED_EDGE('',*,*,#2201,.T.);
#3095=ORIENTED_EDGE('',*,*,#2199,.T.);
#3096=ORIENTED_EDGE('',*,*,#2137,.T.);
#3097=ORIENTED_EDGE('',*,*,#2134,.F.);
#3098=ORIENTED_EDGE('',*,*,#2098,.F.);
#3099=ORIENTED_EDGE('',*,*,#2172,.T.);
#3100=ORIENTED_EDGE('',*,*,#2202,.F.);
#3101=ORIENTED_EDGE('',*,*,#2174,.T.);
#3102=ORIENTED_EDGE('',*,*,#2203,.F.);
#3103=ORIENTED_EDGE('',*,*,#2204,.T.);
#3104=ORIENTED_EDGE('',*,*,#2202,.T.);
#3105=ORIENTED_EDGE('',*,*,#2205,.F.);
#3106=ORIENTED_EDGE('',*,*,#2206,.T.);
#3107=ORIENTED_EDGE('',*,*,#2131,.T.);
#3108=ORIENTED_EDGE('',*,*,#2128,.F.);
#3109=ORIENTED_EDGE('',*,*,#2094,.F.);
#3110=ORIENTED_EDGE('',*,*,#2175,.T.);
#3111=ORIENTED_EDGE('',*,*,#2204,.F.);
#3112=ORIENTED_EDGE('',*,*,#2207,.F.);
#3113=ORIENTED_EDGE('',*,*,#2208,.F.);
#3114=ORIENTED_EDGE('',*,*,#2205,.T.);
#3115=ORIENTED_EDGE('',*,*,#2206,.F.);
#3116=ORIENTED_EDGE('',*,*,#2208,.T.);
#3117=ORIENTED_EDGE('',*,*,#2209,.F.);
#3118=ORIENTED_EDGE('',*,*,#2132,.T.);
#3119=ORIENTED_EDGE('',*,*,#2203,.T.);
#3120=ORIENTED_EDGE('',*,*,#2173,.T.);
#3121=ORIENTED_EDGE('',*,*,#2096,.F.);
#3122=ORIENTED_EDGE('',*,*,#2130,.F.);
#3123=ORIENTED_EDGE('',*,*,#2133,.F.);
#3124=ORIENTED_EDGE('',*,*,#2209,.T.);
#3125=ORIENTED_EDGE('',*,*,#2207,.T.);
#3126=ORIENTED_EDGE('',*,*,#2210,.F.);
#3127=ORIENTED_EDGE('',*,*,#2211,.T.);
#3128=ORIENTED_EDGE('',*,*,#2212,.F.);
#3129=ORIENTED_EDGE('',*,*,#2179,.T.);
#3130=ORIENTED_EDGE('',*,*,#2212,.T.);
#3131=ORIENTED_EDGE('',*,*,#2213,.T.);
#3132=ORIENTED_EDGE('',*,*,#2214,.T.);
#3133=ORIENTED_EDGE('',*,*,#2125,.T.);
#3134=ORIENTED_EDGE('',*,*,#2121,.F.);
#3135=ORIENTED_EDGE('',*,*,#2215,.F.);
#3136=ORIENTED_EDGE('',*,*,#2180,.T.);
#3137=ORIENTED_EDGE('',*,*,#2211,.F.);
#3138=ORIENTED_EDGE('',*,*,#2216,.F.);
#3139=ORIENTED_EDGE('',*,*,#2217,.F.);
#3140=ORIENTED_EDGE('',*,*,#2213,.F.);
#3141=ORIENTED_EDGE('',*,*,#2218,.F.);
#3142=ORIENTED_EDGE('',*,*,#2126,.T.);
#3143=ORIENTED_EDGE('',*,*,#2214,.F.);
#3144=ORIENTED_EDGE('',*,*,#2217,.T.);
#3145=ORIENTED_EDGE('',*,*,#2210,.T.);
#3146=ORIENTED_EDGE('',*,*,#2178,.T.);
#3147=ORIENTED_EDGE('',*,*,#2219,.F.);
#3148=ORIENTED_EDGE('',*,*,#2123,.F.);
#3149=ORIENTED_EDGE('',*,*,#2127,.F.);
#3150=ORIENTED_EDGE('',*,*,#2218,.T.);
#3151=ORIENTED_EDGE('',*,*,#2216,.T.);
#3152=ORIENTED_EDGE('',*,*,#2220,.F.);
#3153=ORIENTED_EDGE('',*,*,#2187,.T.);
#3154=ORIENTED_EDGE('',*,*,#2221,.F.);
#3155=ORIENTED_EDGE('',*,*,#2222,.T.);
#3156=ORIENTED_EDGE('',*,*,#2221,.T.);
#3157=ORIENTED_EDGE('',*,*,#2186,.T.);
#3158=ORIENTED_EDGE('',*,*,#2223,.F.);
#3159=ORIENTED_EDGE('',*,*,#2109,.F.);
#3160=ORIENTED_EDGE('',*,*,#2113,.F.);
#3161=ORIENTED_EDGE('',*,*,#2224,.T.);
#3162=ORIENTED_EDGE('',*,*,#2225,.T.);
#3163=ORIENTED_EDGE('',*,*,#2224,.F.);
#3164=ORIENTED_EDGE('',*,*,#2112,.T.);
#3165=ORIENTED_EDGE('',*,*,#2226,.F.);
#3166=ORIENTED_EDGE('',*,*,#2227,.T.);
#3167=ORIENTED_EDGE('',*,*,#2220,.T.);
#3168=ORIENTED_EDGE('',*,*,#2228,.T.);
#3169=ORIENTED_EDGE('',*,*,#2226,.T.);
#3170=ORIENTED_EDGE('',*,*,#2111,.T.);
#3171=ORIENTED_EDGE('',*,*,#2107,.F.);
#3172=ORIENTED_EDGE('',*,*,#2229,.F.);
#3173=ORIENTED_EDGE('',*,*,#2188,.T.);
#3174=ORIENTED_EDGE('',*,*,#2230,.F.);
#3175=ORIENTED_EDGE('',*,*,#2183,.T.);
#3176=ORIENTED_EDGE('',*,*,#2231,.F.);
#3177=ORIENTED_EDGE('',*,*,#2232,.T.);
#3178=ORIENTED_EDGE('',*,*,#2231,.T.);
#3179=ORIENTED_EDGE('',*,*,#2182,.T.);
#3180=ORIENTED_EDGE('',*,*,#2233,.F.);
#3181=ORIENTED_EDGE('',*,*,#2116,.F.);
#3182=ORIENTED_EDGE('',*,*,#2120,.F.);
#3183=ORIENTED_EDGE('',*,*,#2234,.T.);
#3184=ORIENTED_EDGE('',*,*,#2235,.T.);
#3185=ORIENTED_EDGE('',*,*,#2234,.F.);
#3186=ORIENTED_EDGE('',*,*,#2119,.T.);
#3187=ORIENTED_EDGE('',*,*,#2236,.F.);
#3188=ORIENTED_EDGE('',*,*,#2237,.T.);
#3189=ORIENTED_EDGE('',*,*,#2230,.T.);
#3190=ORIENTED_EDGE('',*,*,#2238,.T.);
#3191=ORIENTED_EDGE('',*,*,#2236,.T.);
#3192=ORIENTED_EDGE('',*,*,#2118,.T.);
#3193=ORIENTED_EDGE('',*,*,#2114,.F.);
#3194=ORIENTED_EDGE('',*,*,#2239,.F.);
#3195=ORIENTED_EDGE('',*,*,#2184,.T.);
#3196=ORIENTED_EDGE('',*,*,#2222,.F.);
#3197=ORIENTED_EDGE('',*,*,#2225,.F.);
#3198=ORIENTED_EDGE('',*,*,#2227,.F.);
#3199=ORIENTED_EDGE('',*,*,#2228,.F.);
#3200=ORIENTED_EDGE('',*,*,#2232,.F.);
#3201=ORIENTED_EDGE('',*,*,#2235,.F.);
#3202=ORIENTED_EDGE('',*,*,#2237,.F.);
#3203=ORIENTED_EDGE('',*,*,#2238,.F.);
#3204=ORIENTED_EDGE('',*,*,#2195,.F.);
#3205=ORIENTED_EDGE('',*,*,#2198,.F.);
#3206=ORIENTED_EDGE('',*,*,#2200,.F.);
#3207=ORIENTED_EDGE('',*,*,#2201,.F.);
#3208=ORIENTED_EDGE('',*,*,#2163,.F.);
#3209=ORIENTED_EDGE('',*,*,#2168,.F.);
#3210=ORIENTED_EDGE('',*,*,#2192,.F.);
#3211=ORIENTED_EDGE('',*,*,#2193,.F.);
#3212=ORIENTED_EDGE('',*,*,#2223,.T.);
#3213=ORIENTED_EDGE('',*,*,#2185,.F.);
#3214=ORIENTED_EDGE('',*,*,#2239,.T.);
#3215=ORIENTED_EDGE('',*,*,#2117,.F.);
#3216=ORIENTED_EDGE('',*,*,#2233,.T.);
#3217=ORIENTED_EDGE('',*,*,#2181,.F.);
#3218=ORIENTED_EDGE('',*,*,#2215,.T.);
#3219=ORIENTED_EDGE('',*,*,#2124,.F.);
#3220=ORIENTED_EDGE('',*,*,#2219,.T.);
#3221=ORIENTED_EDGE('',*,*,#2177,.F.);
#3222=ORIENTED_EDGE('',*,*,#2240,.T.);
#3223=ORIENTED_EDGE('',*,*,#2084,.F.);
#3224=ORIENTED_EDGE('',*,*,#2241,.F.);
#3225=ORIENTED_EDGE('',*,*,#2189,.F.);
#3226=ORIENTED_EDGE('',*,*,#2229,.T.);
#3227=ORIENTED_EDGE('',*,*,#2110,.F.);
#3228=ORIENTED_EDGE('',*,*,#2190,.F.);
#3229=ORIENTED_EDGE('',*,*,#2241,.T.);
#3230=ORIENTED_EDGE('',*,*,#2083,.F.);
#3231=ORIENTED_EDGE('',*,*,#2106,.T.);
#3232=ORIENTED_EDGE('',*,*,#2176,.F.);
#3233=ORIENTED_EDGE('',*,*,#2092,.T.);
#3234=ORIENTED_EDGE('',*,*,#2085,.F.);
#3235=ORIENTED_EDGE('',*,*,#2240,.F.);
#3236=ORIENTED_EDGE('',*,*,#2242,.F.);
#3237=ORIENTED_EDGE('',*,*,#2161,.F.);
#3238=ORIENTED_EDGE('',*,*,#2243,.T.);
#3239=ORIENTED_EDGE('',*,*,#2090,.F.);
#3240=ORIENTED_EDGE('',*,*,#2081,.T.);
#3241=ORIENTED_EDGE('',*,*,#2091,.F.);
#3242=ORIENTED_EDGE('',*,*,#2243,.F.);
#3243=ORIENTED_EDGE('',*,*,#2160,.F.);
#3244=ORIENTED_EDGE('',*,*,#2244,.T.);
#3245=ORIENTED_EDGE('',*,*,#2087,.F.);
#3246=ORIENTED_EDGE('',*,*,#2070,.T.);
#3247=ORIENTED_EDGE('',*,*,#2066,.F.);
#3248=ORIENTED_EDGE('',*,*,#2078,.T.);
#3249=ORIENTED_EDGE('',*,*,#2073,.F.);
#3250=ORIENTED_EDGE('',*,*,#2244,.F.);
#3251=ORIENTED_EDGE('',*,*,#2159,.F.);
#3252=ORIENTED_EDGE('',*,*,#2245,.F.);
#3253=ORIENTED_EDGE('',*,*,#2088,.F.);
#3254=ORIENTED_EDGE('',*,*,#2245,.T.);
#3255=ORIENTED_EDGE('',*,*,#2158,.F.);
#3256=ORIENTED_EDGE('',*,*,#2242,.T.);
#3257=ORIENTED_EDGE('',*,*,#2089,.F.);
#3258=PLANE('',#3624);
#3259=PLANE('',#3625);
#3260=PLANE('',#3626);
#3261=PLANE('',#3627);
#3262=PLANE('',#3628);
#3263=PLANE('',#3629);
#3264=PLANE('',#3630);
#3265=PLANE('',#3631);
#3266=PLANE('',#3632);
#3267=PLANE('',#3633);
#3268=PLANE('',#3634);
#3269=PLANE('',#3635);
#3270=PLANE('',#3636);
#3271=PLANE('',#3637);
#3272=PLANE('',#3638);
#3273=PLANE('',#3639);
#3274=PLANE('',#3640);
#3275=PLANE('',#3641);
#3276=PLANE('',#3642);
#3277=PLANE('',#3643);
#3278=PLANE('',#3644);
#3279=PLANE('',#3645);
#3280=PLANE('',#3646);
#3281=PLANE('',#3647);
#3282=PLANE('',#3648);
#3283=PLANE('',#3649);
#3284=PLANE('',#3650);
#3285=PLANE('',#3651);
#3286=PLANE('',#3652);
#3287=PLANE('',#3653);
#3288=PLANE('',#3654);
#3289=PLANE('',#3655);
#3290=PLANE('',#3656);
#3291=PLANE('',#3657);
#3292=PLANE('',#3658);
#3293=PLANE('',#3659);
#3294=PLANE('',#3660);
#3295=PLANE('',#3661);
#3296=PLANE('',#3662);
#3297=PLANE('',#3663);
#3298=PLANE('',#3667);
#3299=PLANE('',#3671);
#3300=PLANE('',#3677);
#3301=PLANE('',#3681);
#3302=PLANE('',#3687);
#3303=PLANE('',#3688);
#3304=PLANE('',#3692);
#3305=PLANE('',#3696);
#3306=PLANE('',#3697);
#3307=PLANE('',#3698);
#3308=PLANE('',#3699);
#3309=PLANE('',#3700);
#3310=PLANE('',#3701);
#3311=PLANE('',#3702);
#3312=PLANE('',#3703);
#3313=PLANE('',#3704);
#3314=PLANE('',#3705);
#3315=PLANE('',#3706);
#3316=PLANE('',#3707);
#3317=PLANE('',#3708);
#3318=PLANE('',#3709);
#3319=PLANE('',#3710);
#3320=PLANE('',#3711);
#3321=PLANE('',#3712);
#3322=PLANE('',#3713);
#3323=PLANE('',#3714);
#3324=PLANE('',#3715);
#3325=PLANE('',#3716);
#3326=PLANE('',#3717);
#3327=PLANE('',#3718);
#3328=PLANE('',#3719);
#3329=PLANE('',#3720);
#3330=PLANE('',#3721);
#3331=PLANE('',#3722);
#3332=PLANE('',#3723);
#3333=PLANE('',#3724);
#3334=PLANE('',#3725);
#3335=PLANE('',#3726);
#3336=PLANE('',#3727);
#3337=PLANE('',#3728);
#3338=PLANE('',#3729);
#3339=PLANE('',#3730);
#3340=PLANE('',#3731);
#3341=PLANE('',#3732);
#3342=PLANE('',#3733);
#3343=PLANE('',#3734);
#3344=PLANE('',#3735);
#3345=PLANE('',#3736);
#3346=PLANE('',#3737);
#3347=PLANE('',#3738);
#3348=PLANE('',#3739);
#3349=PLANE('',#3740);
#3350=PLANE('',#3741);
#3351=PLANE('',#3742);
#3352=PLANE('',#3743);
#3353=PLANE('',#3744);
#3354=PLANE('',#3745);
#3355=PLANE('',#3746);
#3356=PLANE('',#3747);
#3357=PLANE('',#3748);
#3358=PLANE('',#3749);
#3359=PLANE('',#3750);
#3360=PLANE('',#3751);
#3361=PLANE('',#3752);
#3362=PLANE('',#3753);
#3363=PLANE('',#3754);
#3364=PLANE('',#3755);
#3365=PLANE('',#3756);
#3366=PLANE('',#3757);
#3367=PLANE('',#3758);
#3368=PLANE('',#3762);
#3369=PLANE('',#3766);
#3370=PLANE('',#3767);
#3371=PLANE('',#3768);
#3372=PLANE('',#3769);
#3373=PLANE('',#3770);
#3374=PLANE('',#3771);
#3375=PLANE('',#3772);
#3376=PLANE('',#3773);
#3377=PLANE('',#3774);
#3378=PLANE('',#3775);
#3379=PLANE('',#3776);
#3380=PLANE('',#3777);
#3381=PLANE('',#3778);
#3382=PLANE('',#3779);
#3383=PLANE('',#3780);
#3384=PLANE('',#3781);
#3385=PLANE('',#3782);
#3386=PLANE('',#3783);
#3387=PLANE('',#3784);
#3388=PLANE('',#3785);
#3389=PLANE('',#3786);
#3390=PLANE('',#3787);
#3391=PLANE('',#3788);
#3392=PLANE('',#3789);
#3393=PLANE('',#3790);
#3394=PLANE('',#3791);
#3395=PLANE('',#3792);
#3396=PLANE('',#3793);
#3397=PLANE('',#3794);
#3398=PLANE('',#3795);
#3399=PLANE('',#3796);
#3400=PLANE('',#3797);
#3401=PLANE('',#3798);
#3402=PLANE('',#3799);
#3403=PLANE('',#3800);
#3404=PLANE('',#3801);
#3405=PLANE('',#3802);
#3406=PLANE('',#3803);
#3407=PLANE('',#3804);
#3408=PLANE('',#3805);
#3409=PLANE('',#3806);
#3410=PLANE('',#3807);
#3411=PLANE('',#3808);
#3412=PLANE('',#3809);
#3413=PLANE('',#3810);
#3414=PLANE('',#3811);
#3415=PLANE('',#3812);
#3416=PLANE('',#3813);
#3417=PLANE('',#3814);
#3418=PLANE('',#3815);
#3419=PLANE('',#3816);
#3420=PLANE('',#3817);
#3421=PLANE('',#3818);
#3422=PLANE('',#3819);
#3423=PLANE('',#3820);
#3424=PLANE('',#3821);
#3425=PLANE('',#3822);
#3426=PLANE('',#3823);
#3427=PLANE('',#3824);
#3428=ADVANCED_FACE('',(#59),#3258,.T.);
#3429=ADVANCED_FACE('',(#60,#48),#3259,.F.);
#3430=ADVANCED_FACE('',(#61),#3260,.T.);
#3431=ADVANCED_FACE('',(#62),#3261,.T.);
#3432=ADVANCED_FACE('',(#63,#49,#50,#51,#52,#53,#54,#55,#56),#3262,.T.);
#3433=ADVANCED_FACE('',(#64),#3263,.T.);
#3434=ADVANCED_FACE('',(#65),#3264,.T.);
#3435=ADVANCED_FACE('',(#66),#3265,.T.);
#3436=ADVANCED_FACE('',(#67),#3266,.T.);
#3437=ADVANCED_FACE('',(#68),#3267,.T.);
#3438=ADVANCED_FACE('',(#69),#3268,.T.);
#3439=ADVANCED_FACE('',(#70),#3269,.T.);
#3440=ADVANCED_FACE('',(#71),#3270,.T.);
#3441=ADVANCED_FACE('',(#72),#3271,.T.);
#3442=ADVANCED_FACE('',(#73),#3272,.T.);
#3443=ADVANCED_FACE('',(#74),#3273,.T.);
#3444=ADVANCED_FACE('',(#75),#3274,.T.);
#3445=ADVANCED_FACE('',(#76),#3275,.T.);
#3446=ADVANCED_FACE('',(#77),#3276,.T.);
#3447=ADVANCED_FACE('',(#78),#3277,.T.);
#3448=ADVANCED_FACE('',(#79),#3278,.T.);
#3449=ADVANCED_FACE('',(#80),#3279,.T.);
#3450=ADVANCED_FACE('',(#81),#3280,.T.);
#3451=ADVANCED_FACE('',(#82),#3281,.T.);
#3452=ADVANCED_FACE('',(#83),#3282,.T.);
#3453=ADVANCED_FACE('',(#84),#3283,.T.);
#3454=ADVANCED_FACE('',(#85),#3284,.T.);
#3455=ADVANCED_FACE('',(#86),#3285,.T.);
#3456=ADVANCED_FACE('',(#87),#3286,.T.);
#3457=ADVANCED_FACE('',(#88),#3287,.T.);
#3458=ADVANCED_FACE('',(#89),#3288,.T.);
#3459=ADVANCED_FACE('',(#90),#3289,.T.);
#3460=ADVANCED_FACE('',(#91),#3290,.T.);
#3461=ADVANCED_FACE('',(#92),#3291,.T.);
#3462=ADVANCED_FACE('',(#93),#3292,.T.);
#3463=ADVANCED_FACE('',(#94),#3293,.T.);
#3464=ADVANCED_FACE('',(#95),#3294,.T.);
#3465=ADVANCED_FACE('',(#96),#3295,.T.);
#3466=ADVANCED_FACE('',(#97),#3296,.T.);
#3467=ADVANCED_FACE('',(#98),#3297,.T.);
#3468=ADVANCED_FACE('',(#99),#37,.F.);
#3469=ADVANCED_FACE('',(#100),#3298,.T.);
#3470=ADVANCED_FACE('',(#101),#38,.F.);
#3471=ADVANCED_FACE('',(#102),#3299,.T.);
#3472=ADVANCED_FACE('',(#103),#39,.F.);
#3473=ADVANCED_FACE('',(#104),#40,.F.);
#3474=ADVANCED_FACE('',(#105),#3300,.T.);
#3475=ADVANCED_FACE('',(#106),#41,.F.);
#3476=ADVANCED_FACE('',(#107),#3301,.T.);
#3477=ADVANCED_FACE('',(#108),#42,.F.);
#3478=ADVANCED_FACE('',(#109),#43,.F.);
#3479=ADVANCED_FACE('',(#110),#3302,.T.);
#3480=ADVANCED_FACE('',(#111),#3303,.T.);
#3481=ADVANCED_FACE('',(#112),#44,.F.);
#3482=ADVANCED_FACE('',(#113),#3304,.T.);
#3483=ADVANCED_FACE('',(#114),#45,.F.);
#3484=ADVANCED_FACE('',(#115),#3305,.T.);
#3485=ADVANCED_FACE('',(#116),#3306,.T.);
#3486=ADVANCED_FACE('',(#117),#3307,.T.);
#3487=ADVANCED_FACE('',(#118),#3308,.T.);
#3488=ADVANCED_FACE('',(#119),#3309,.T.);
#3489=ADVANCED_FACE('',(#120),#3310,.T.);
#3490=ADVANCED_FACE('',(#121),#3311,.T.);
#3491=ADVANCED_FACE('',(#122),#3312,.T.);
#3492=ADVANCED_FACE('',(#123),#3313,.T.);
#3493=ADVANCED_FACE('',(#124),#3314,.T.);
#3494=ADVANCED_FACE('',(#125),#3315,.T.);
#3495=ADVANCED_FACE('',(#126),#3316,.T.);
#3496=ADVANCED_FACE('',(#127),#3317,.T.);
#3497=ADVANCED_FACE('',(#128),#3318,.T.);
#3498=ADVANCED_FACE('',(#129),#3319,.T.);
#3499=ADVANCED_FACE('',(#130),#3320,.T.);
#3500=ADVANCED_FACE('',(#131),#3321,.T.);
#3501=ADVANCED_FACE('',(#132),#3322,.T.);
#3502=ADVANCED_FACE('',(#133),#3323,.T.);
#3503=ADVANCED_FACE('',(#134),#3324,.T.);
#3504=ADVANCED_FACE('',(#135),#3325,.T.);
#3505=ADVANCED_FACE('',(#136),#3326,.T.);
#3506=ADVANCED_FACE('',(#137),#3327,.T.);
#3507=ADVANCED_FACE('',(#138),#3328,.T.);
#3508=ADVANCED_FACE('',(#139),#3329,.T.);
#3509=ADVANCED_FACE('',(#140),#3330,.T.);
#3510=ADVANCED_FACE('',(#141),#3331,.T.);
#3511=ADVANCED_FACE('',(#142),#3332,.T.);
#3512=ADVANCED_FACE('',(#143),#3333,.T.);
#3513=ADVANCED_FACE('',(#144),#3334,.T.);
#3514=ADVANCED_FACE('',(#145),#3335,.T.);
#3515=ADVANCED_FACE('',(#146),#3336,.T.);
#3516=ADVANCED_FACE('',(#147),#3337,.T.);
#3517=ADVANCED_FACE('',(#148),#3338,.T.);
#3518=ADVANCED_FACE('',(#149),#3339,.T.);
#3519=ADVANCED_FACE('',(#150),#3340,.T.);
#3520=ADVANCED_FACE('',(#151),#3341,.T.);
#3521=ADVANCED_FACE('',(#152),#3342,.T.);
#3522=ADVANCED_FACE('',(#153),#3343,.T.);
#3523=ADVANCED_FACE('',(#154),#3344,.T.);
#3524=ADVANCED_FACE('',(#155),#3345,.T.);
#3525=ADVANCED_FACE('',(#156),#3346,.T.);
#3526=ADVANCED_FACE('',(#157),#3347,.T.);
#3527=ADVANCED_FACE('',(#158),#3348,.T.);
#3528=ADVANCED_FACE('',(#159),#3349,.T.);
#3529=ADVANCED_FACE('',(#160),#3350,.T.);
#3530=ADVANCED_FACE('',(#161),#3351,.T.);
#3531=ADVANCED_FACE('',(#162),#3352,.T.);
#3532=ADVANCED_FACE('',(#163),#3353,.T.);
#3533=ADVANCED_FACE('',(#164),#3354,.T.);
#3534=ADVANCED_FACE('',(#165),#3355,.T.);
#3535=ADVANCED_FACE('',(#166),#3356,.T.);
#3536=ADVANCED_FACE('',(#167),#3357,.T.);
#3537=ADVANCED_FACE('',(#168),#3358,.T.);
#3538=ADVANCED_FACE('',(#169),#3359,.T.);
#3539=ADVANCED_FACE('',(#170),#3360,.T.);
#3540=ADVANCED_FACE('',(#171),#3361,.T.);
#3541=ADVANCED_FACE('',(#172),#3362,.T.);
#3542=ADVANCED_FACE('',(#173),#3363,.T.);
#3543=ADVANCED_FACE('',(#174),#3364,.T.);
#3544=ADVANCED_FACE('',(#175),#3365,.T.);
#3545=ADVANCED_FACE('',(#176),#3366,.T.);
#3546=ADVANCED_FACE('',(#177),#3367,.T.);
#3547=ADVANCED_FACE('',(#178),#46,.F.);
#3548=ADVANCED_FACE('',(#179),#3368,.F.);
#3549=ADVANCED_FACE('',(#180),#47,.F.);
#3550=ADVANCED_FACE('',(#181),#3369,.F.);
#3551=ADVANCED_FACE('',(#182),#3370,.F.);
#3552=ADVANCED_FACE('',(#183),#3371,.T.);
#3553=ADVANCED_FACE('',(#184),#3372,.F.);
#3554=ADVANCED_FACE('',(#185),#3373,.T.);
#3555=ADVANCED_FACE('',(#186),#3374,.F.);
#3556=ADVANCED_FACE('',(#187),#3375,.T.);
#3557=ADVANCED_FACE('',(#188),#3376,.F.);
#3558=ADVANCED_FACE('',(#189),#3377,.T.);
#3559=ADVANCED_FACE('',(#190),#3378,.F.);
#3560=ADVANCED_FACE('',(#191),#3379,.T.);
#3561=ADVANCED_FACE('',(#192),#3380,.F.);
#3562=ADVANCED_FACE('',(#193),#3381,.T.);
#3563=ADVANCED_FACE('',(#194),#3382,.F.);
#3564=ADVANCED_FACE('',(#195),#3383,.T.);
#3565=ADVANCED_FACE('',(#196),#3384,.F.);
#3566=ADVANCED_FACE('',(#197),#3385,.T.);
#3567=ADVANCED_FACE('',(#198),#3386,.T.);
#3568=ADVANCED_FACE('',(#199),#3387,.T.);
#3569=ADVANCED_FACE('',(#200),#3388,.T.);
#3570=ADVANCED_FACE('',(#201,#57),#3389,.T.);
#3571=ADVANCED_FACE('',(#202),#3390,.T.);
#3572=ADVANCED_FACE('',(#203),#3391,.F.);
#3573=ADVANCED_FACE('',(#204,#58),#3392,.T.);
#3574=ADVANCED_FACE('',(#205),#3393,.T.);
#3575=ADVANCED_FACE('',(#206),#3394,.F.);
#3576=ADVANCED_FACE('',(#207),#3395,.T.);
#3577=ADVANCED_FACE('',(#208),#3396,.F.);
#3578=ADVANCED_FACE('',(#209),#3397,.T.);
#3579=ADVANCED_FACE('',(#210),#3398,.F.);
#3580=ADVANCED_FACE('',(#211),#3399,.T.);
#3581=ADVANCED_FACE('',(#212),#3400,.F.);
#3582=ADVANCED_FACE('',(#213),#3401,.F.);
#3583=ADVANCED_FACE('',(#214),#3402,.T.);
#3584=ADVANCED_FACE('',(#215),#3403,.F.);
#3585=ADVANCED_FACE('',(#216),#3404,.T.);
#3586=ADVANCED_FACE('',(#217),#3405,.F.);
#3587=ADVANCED_FACE('',(#218),#3406,.F.);
#3588=ADVANCED_FACE('',(#219),#3407,.T.);
#3589=ADVANCED_FACE('',(#220),#3408,.F.);
#3590=ADVANCED_FACE('',(#221),#3409,.T.);
#3591=ADVANCED_FACE('',(#222),#3410,.F.);
#3592=ADVANCED_FACE('',(#223),#3411,.T.);
#3593=ADVANCED_FACE('',(#224),#3412,.F.);
#3594=ADVANCED_FACE('',(#225),#3413,.T.);
#3595=ADVANCED_FACE('',(#226),#3414,.F.);
#3596=ADVANCED_FACE('',(#227),#3415,.T.);
#3597=ADVANCED_FACE('',(#228),#3416,.F.);
#3598=ADVANCED_FACE('',(#229),#3417,.F.);
#3599=ADVANCED_FACE('',(#230),#3418,.F.);
#3600=ADVANCED_FACE('',(#231),#3419,.F.);
#3601=ADVANCED_FACE('',(#232),#3420,.F.);
#3602=ADVANCED_FACE('',(#233),#3421,.T.);
#3603=ADVANCED_FACE('',(#234),#3422,.T.);
#3604=ADVANCED_FACE('',(#235),#3423,.T.);
#3605=ADVANCED_FACE('',(#236),#3424,.T.);
#3606=ADVANCED_FACE('',(#237),#3425,.T.);
#3607=ADVANCED_FACE('',(#238),#3426,.T.);
#3608=ADVANCED_FACE('',(#239),#3427,.T.);
#3609=CLOSED_SHELL('',(#3428,#3429,#3430,#3431,#3432,#3433,#3434,#3435,
#3436,#3437,#3438,#3439,#3440,#3441,#3442,#3443,#3444,#3445,#3446,#3447,
#3448,#3449,#3450,#3451,#3452,#3453,#3454,#3455,#3456,#3457,#3458,#3459,
#3460,#3461,#3462,#3463,#3464,#3465,#3466,#3467,#3468,#3469,#3470,#3471,
#3472,#3473,#3474,#3475,#3476,#3477,#3478,#3479,#3480,#3481,#3482,#3483,
#3484,#3485,#3486,#3487,#3488,#3489,#3490,#3491,#3492,#3493,#3494,#3495,
#3496,#3497,#3498,#3499,#3500,#3501,#3502,#3503,#3504,#3505,#3506,#3507,
#3508,#3509,#3510,#3511,#3512,#3513,#3514,#3515,#3516,#3517,#3518,#3519,
#3520,#3521,#3522,#3523,#3524,#3525,#3526,#3527,#3528,#3529,#3530,#3531,
#3532,#3533,#3534,#3535,#3536,#3537,#3538,#3539,#3540,#3541,#3542,#3543,
#3544,#3545,#3546));
#3610=CLOSED_SHELL('',(#3547,#3548,#3549,#3550,#3551,#3552,#3553,#3554,
#3555,#3556,#3557,#3558,#3559,#3560,#3561,#3562,#3563,#3564,#3565,#3566,
#3567,#3568,#3569,#3570,#3571,#3572,#3573,#3574,#3575,#3576,#3577,#3578,
#3579,#3580,#3581,#3582,#3583,#3584,#3585,#3586,#3587,#3588,#3589,#3590,
#3591,#3592,#3593,#3594,#3595,#3596,#3597,#3598,#3599,#3600,#3601,#3602,
#3603,#3604,#3605,#3606,#3607,#3608));
#3611=DERIVED_UNIT_ELEMENT(#3613,1.);
#3612=DERIVED_UNIT_ELEMENT(#5744,-3.);
#3613=(
MASS_UNIT()
NAMED_UNIT(*)
SI_UNIT(.KILO.,.GRAM.)
);
#3614=DERIVED_UNIT((#3611,#3612));
#3615=MEASURE_REPRESENTATION_ITEM('density measure',
POSITIVE_RATIO_MEASURE(1060.),#3614);
#3616=PROPERTY_DEFINITION_REPRESENTATION(#3621,#3618);
#3617=PROPERTY_DEFINITION_REPRESENTATION(#3622,#3619);
#3618=REPRESENTATION('material name',(#3620),#5741);
#3619=REPRESENTATION('density',(#3615),#5741);
#3620=DESCRIPTIVE_REPRESENTATION_ITEM('ABS Plastic','ABS Plastic');
#3621=PROPERTY_DEFINITION('material property','material name',#5751);
#3622=PROPERTY_DEFINITION('material property','density of part',#5751);
#3623=AXIS2_PLACEMENT_3D('',#4715,#3825,#3826);
#3624=AXIS2_PLACEMENT_3D('',#4716,#3827,#3828);
#3625=AXIS2_PLACEMENT_3D('',#4725,#3833,#3834);
#3626=AXIS2_PLACEMENT_3D('',#4787,#3866,#3867);
#3627=AXIS2_PLACEMENT_3D('',#4795,#3872,#3873);
#3628=AXIS2_PLACEMENT_3D('',#4801,#3877,#3878);
#3629=AXIS2_PLACEMENT_3D('',#4925,#3941,#3942);
#3630=AXIS2_PLACEMENT_3D('',#4931,#3946,#3947);
#3631=AXIS2_PLACEMENT_3D('',#4936,#3951,#3952);
#3632=AXIS2_PLACEMENT_3D('',#4940,#3955,#3956);
#3633=AXIS2_PLACEMENT_3D('',#4946,#3960,#3961);
#3634=AXIS2_PLACEMENT_3D('',#4951,#3965,#3966);
#3635=AXIS2_PLACEMENT_3D('',#4955,#3969,#3970);
#3636=AXIS2_PLACEMENT_3D('',#4958,#3973,#3974);
#3637=AXIS2_PLACEMENT_3D('',#4964,#3978,#3979);
#3638=AXIS2_PLACEMENT_3D('',#4969,#3983,#3984);
#3639=AXIS2_PLACEMENT_3D('',#4973,#3987,#3988);
#3640=AXIS2_PLACEMENT_3D('',#4975,#3990,#3991);
#3641=AXIS2_PLACEMENT_3D('',#4981,#3995,#3996);
#3642=AXIS2_PLACEMENT_3D('',#4986,#4000,#4001);
#3643=AXIS2_PLACEMENT_3D('',#4990,#4004,#4005);
#3644=AXIS2_PLACEMENT_3D('',#4992,#4007,#4008);
#3645=AXIS2_PLACEMENT_3D('',#4998,#4012,#4013);
#3646=AXIS2_PLACEMENT_3D('',#5003,#4017,#4018);
#3647=AXIS2_PLACEMENT_3D('',#5007,#4021,#4022);
#3648=AXIS2_PLACEMENT_3D('',#5009,#4024,#4025);
#3649=AXIS2_PLACEMENT_3D('',#5011,#4027,#4028);
#3650=AXIS2_PLACEMENT_3D('',#5013,#4030,#4031);
#3651=AXIS2_PLACEMENT_3D('',#5014,#4032,#4033);
#3652=AXIS2_PLACEMENT_3D('',#5016,#4035,#4036);
#3653=AXIS2_PLACEMENT_3D('',#5018,#4038,#4039);
#3654=AXIS2_PLACEMENT_3D('',#5019,#4040,#4041);
#3655=AXIS2_PLACEMENT_3D('',#5020,#4042,#4043);
#3656=AXIS2_PLACEMENT_3D('',#5021,#4044,#4045);
#3657=AXIS2_PLACEMENT_3D('',#5023,#4047,#4048);
#3658=AXIS2_PLACEMENT_3D('',#5025,#4050,#4051);
#3659=AXIS2_PLACEMENT_3D('',#5027,#4053,#4054);
#3660=AXIS2_PLACEMENT_3D('',#5029,#4056,#4057);
#3661=AXIS2_PLACEMENT_3D('',#5031,#4059,#4060);
#3662=AXIS2_PLACEMENT_3D('',#5033,#4062,#4063);
#3663=AXIS2_PLACEMENT_3D('',#5034,#4064,#4065);
#3664=AXIS2_PLACEMENT_3D('',#5036,#4067,#4068);
#3665=AXIS2_PLACEMENT_3D('',#5039,#4069,#4070);
#3666=AXIS2_PLACEMENT_3D('',#5043,#4072,#4073);
#3667=AXIS2_PLACEMENT_3D('',#5045,#4075,#4076);
#3668=AXIS2_PLACEMENT_3D('',#5051,#4080,#4081);
#3669=AXIS2_PLACEMENT_3D('',#5054,#4082,#4083);
#3670=AXIS2_PLACEMENT_3D('',#5058,#4085,#4086);
#3671=AXIS2_PLACEMENT_3D('',#5060,#4088,#4089);
#3672=AXIS2_PLACEMENT_3D('',#5066,#4093,#4094);
#3673=AXIS2_PLACEMENT_3D('',#5071,#4096,#4097);
#3674=AXIS2_PLACEMENT_3D('',#5074,#4099,#4100);
#3675=AXIS2_PLACEMENT_3D('',#5075,#4101,#4102);
#3676=AXIS2_PLACEMENT_3D('',#5079,#4104,#4105);
#3677=AXIS2_PLACEMENT_3D('',#5081,#4107,#4108);
#3678=AXIS2_PLACEMENT_3D('',#5089,#4113,#4114);
#3679=AXIS2_PLACEMENT_3D('',#5092,#4115,#4116);
#3680=AXIS2_PLACEMENT_3D('',#5096,#4118,#4119);
#3681=AXIS2_PLACEMENT_3D('',#5098,#4121,#4122);
#3682=AXIS2_PLACEMENT_3D('',#5104,#4126,#4127);
#3683=AXIS2_PLACEMENT_3D('',#5109,#4129,#4130);
#3684=AXIS2_PLACEMENT_3D('',#5112,#4132,#4133);
#3685=AXIS2_PLACEMENT_3D('',#5113,#4134,#4135);
#3686=AXIS2_PLACEMENT_3D('',#5117,#4137,#4138);
#3687=AXIS2_PLACEMENT_3D('',#5119,#4140,#4141);
#3688=AXIS2_PLACEMENT_3D('',#5122,#4144,#4145);
#3689=AXIS2_PLACEMENT_3D('',#5124,#4147,#4148);
#3690=AXIS2_PLACEMENT_3D('',#5127,#4149,#4150);
#3691=AXIS2_PLACEMENT_3D('',#5131,#4152,#4153);
#3692=AXIS2_PLACEMENT_3D('',#5133,#4155,#4156);
#3693=AXIS2_PLACEMENT_3D('',#5139,#4160,#4161);
#3694=AXIS2_PLACEMENT_3D('',#5142,#4162,#4163);
#3695=AXIS2_PLACEMENT_3D('',#5146,#4165,#4166);
#3696=AXIS2_PLACEMENT_3D('',#5148,#4168,#4169);
#3697=AXIS2_PLACEMENT_3D('',#5154,#4173,#4174);
#3698=AXIS2_PLACEMENT_3D('',#5163,#4179,#4180);
#3699=AXIS2_PLACEMENT_3D('',#5176,#4187,#4188);
#3700=AXIS2_PLACEMENT_3D('',#5185,#4193,#4194);
#3701=AXIS2_PLACEMENT_3D('',#5194,#4199,#4200);
#3702=AXIS2_PLACEMENT_3D('',#5207,#4207,#4208);
#3703=AXIS2_PLACEMENT_3D('',#5216,#4213,#4214);
#3704=AXIS2_PLACEMENT_3D('',#5219,#4217,#4218);
#3705=AXIS2_PLACEMENT_3D('',#5222,#4221,#4222);
#3706=AXIS2_PLACEMENT_3D('',#5228,#4226,#4227);
#3707=AXIS2_PLACEMENT_3D('',#5232,#4230,#4231);
#3708=AXIS2_PLACEMENT_3D('',#5235,#4234,#4235);
#3709=AXIS2_PLACEMENT_3D('',#5238,#4238,#4239);
#3710=AXIS2_PLACEMENT_3D('',#5241,#4242,#4243);
#3711=AXIS2_PLACEMENT_3D('',#5244,#4246,#4247);
#3712=AXIS2_PLACEMENT_3D('',#5247,#4250,#4251);
#3713=AXIS2_PLACEMENT_3D('',#5253,#4255,#4256);
#3714=AXIS2_PLACEMENT_3D('',#5256,#4259,#4260);
#3715=AXIS2_PLACEMENT_3D('',#5259,#4263,#4264);
#3716=AXIS2_PLACEMENT_3D('',#5262,#4267,#4268);
#3717=AXIS2_PLACEMENT_3D('',#5264,#4270,#4271);
#3718=AXIS2_PLACEMENT_3D('',#5267,#4274,#4275);
#3719=AXIS2_PLACEMENT_3D('',#5269,#4277,#4278);
#3720=AXIS2_PLACEMENT_3D('',#5275,#4282,#4283);
#3721=AXIS2_PLACEMENT_3D('',#5278,#4286,#4287);
#3722=AXIS2_PLACEMENT_3D('',#5284,#4291,#4292);
#3723=AXIS2_PLACEMENT_3D('',#5287,#4295,#4296);
#3724=AXIS2_PLACEMENT_3D('',#5293,#4300,#4301);
#3725=AXIS2_PLACEMENT_3D('',#5297,#4304,#4305);
#3726=AXIS2_PLACEMENT_3D('',#5303,#4309,#4310);
#3727=AXIS2_PLACEMENT_3D('',#5309,#4314,#4315);
#3728=AXIS2_PLACEMENT_3D('',#5315,#4319,#4320);
#3729=AXIS2_PLACEMENT_3D('',#5319,#4323,#4324);
#3730=AXIS2_PLACEMENT_3D('',#5325,#4328,#4329);
#3731=AXIS2_PLACEMENT_3D('',#5328,#4332,#4333);
#3732=AXIS2_PLACEMENT_3D('',#5334,#4337,#4338);
#3733=AXIS2_PLACEMENT_3D('',#5337,#4341,#4342);
#3734=AXIS2_PLACEMENT_3D('',#5338,#4343,#4344);
#3735=AXIS2_PLACEMENT_3D('',#5339,#4345,#4346);
#3736=AXIS2_PLACEMENT_3D('',#5340,#4347,#4348);
#3737=AXIS2_PLACEMENT_3D('',#5341,#4349,#4350);
#3738=AXIS2_PLACEMENT_3D('',#5342,#4351,#4352);
#3739=AXIS2_PLACEMENT_3D('',#5343,#4353,#4354);
#3740=AXIS2_PLACEMENT_3D('',#5345,#4356,#4357);
#3741=AXIS2_PLACEMENT_3D('',#5347,#4359,#4360);
#3742=AXIS2_PLACEMENT_3D('',#5349,#4362,#4363);
#3743=AXIS2_PLACEMENT_3D('',#5350,#4364,#4365);
#3744=AXIS2_PLACEMENT_3D('',#5352,#4367,#4368);
#3745=AXIS2_PLACEMENT_3D('',#5354,#4370,#4371);
#3746=AXIS2_PLACEMENT_3D('',#5356,#4373,#4374);
#3747=AXIS2_PLACEMENT_3D('',#5357,#4375,#4376);
#3748=AXIS2_PLACEMENT_3D('',#5358,#4377,#4378);
#3749=AXIS2_PLACEMENT_3D('',#5359,#4379,#4380);
#3750=AXIS2_PLACEMENT_3D('',#5362,#4383,#4384);
#3751=AXIS2_PLACEMENT_3D('',#5364,#4386,#4387);
#3752=AXIS2_PLACEMENT_3D('',#5366,#4389,#4390);
#3753=AXIS2_PLACEMENT_3D('',#5367,#4391,#4392);
#3754=AXIS2_PLACEMENT_3D('',#5370,#4395,#4396);
#3755=AXIS2_PLACEMENT_3D('',#5373,#4399,#4400);
#3756=AXIS2_PLACEMENT_3D('',#5374,#4401,#4402);
#3757=AXIS2_PLACEMENT_3D('',#5375,#4403,#4404);
#3758=AXIS2_PLACEMENT_3D('',#5376,#4405,#4406);
#3759=AXIS2_PLACEMENT_3D('',#5377,#4407,#4408);
#3760=AXIS2_PLACEMENT_3D('',#5380,#4409,#4410);
#3761=AXIS2_PLACEMENT_3D('',#5384,#4412,#4413);
#3762=AXIS2_PLACEMENT_3D('',#5386,#4415,#4416);
#3763=AXIS2_PLACEMENT_3D('',#5392,#4420,#4421);
#3764=AXIS2_PLACEMENT_3D('',#5395,#4422,#4423);
#3765=AXIS2_PLACEMENT_3D('',#5399,#4425,#4426);
#3766=AXIS2_PLACEMENT_3D('',#5401,#4428,#4429);
#3767=AXIS2_PLACEMENT_3D('',#5404,#4432,#4433);
#3768=AXIS2_PLACEMENT_3D('',#5410,#4437,#4438);
#3769=AXIS2_PLACEMENT_3D('',#5429,#4449,#4450);
#3770=AXIS2_PLACEMENT_3D('',#5459,#4466,#4467);
#3771=AXIS2_PLACEMENT_3D('',#5468,#4472,#4473);
#3772=AXIS2_PLACEMENT_3D('',#5474,#4477,#4478);
#3773=AXIS2_PLACEMENT_3D('',#5483,#4483,#4484);
#3774=AXIS2_PLACEMENT_3D('',#5489,#4488,#4489);
#3775=AXIS2_PLACEMENT_3D('',#5498,#4494,#4495);
#3776=AXIS2_PLACEMENT_3D('',#5504,#4499,#4500);
#3777=AXIS2_PLACEMENT_3D('',#5510,#4504,#4505);
#3778=AXIS2_PLACEMENT_3D('',#5516,#4509,#4510);
#3779=AXIS2_PLACEMENT_3D('',#5522,#4514,#4515);
#3780=AXIS2_PLACEMENT_3D('',#5528,#4519,#4520);
#3781=AXIS2_PLACEMENT_3D('',#5534,#4524,#4525);
#3782=AXIS2_PLACEMENT_3D('',#5540,#4529,#4530);
#3783=AXIS2_PLACEMENT_3D('',#5549,#4535,#4536);
#3784=AXIS2_PLACEMENT_3D('',#5555,#4540,#4541);
#3785=AXIS2_PLACEMENT_3D('',#5561,#4545,#4546);
#3786=AXIS2_PLACEMENT_3D('',#5564,#4549,#4550);
#3787=AXIS2_PLACEMENT_3D('',#5573,#4555,#4556);
#3788=AXIS2_PLACEMENT_3D('',#5582,#4561,#4562);
#3789=AXIS2_PLACEMENT_3D('',#5587,#4566,#4567);
#3790=AXIS2_PLACEMENT_3D('',#5628,#4590,#4591);
#3791=AXIS2_PLACEMENT_3D('',#5632,#4594,#4595);
#3792=AXIS2_PLACEMENT_3D('',#5634,#4597,#4598);
#3793=AXIS2_PLACEMENT_3D('',#5640,#4602,#4603);
#3794=AXIS2_PLACEMENT_3D('',#5644,#4606,#4607);
#3795=AXIS2_PLACEMENT_3D('',#5648,#4610,#4611);
#3796=AXIS2_PLACEMENT_3D('',#5650,#4613,#4614);
#3797=AXIS2_PLACEMENT_3D('',#5656,#4618,#4619);
#3798=AXIS2_PLACEMENT_3D('',#5660,#4622,#4623);
#3799=AXIS2_PLACEMENT_3D('',#5664,#4626,#4627);
#3800=AXIS2_PLACEMENT_3D('',#5666,#4629,#4630);
#3801=AXIS2_PLACEMENT_3D('',#5667,#4631,#4632);
#3802=AXIS2_PLACEMENT_3D('',#5673,#4636,#4637);
#3803=AXIS2_PLACEMENT_3D('',#5678,#4641,#4642);
#3804=AXIS2_PLACEMENT_3D('',#5682,#4645,#4646);
#3805=AXIS2_PLACEMENT_3D('',#5684,#4648,#4649);
#3806=AXIS2_PLACEMENT_3D('',#5686,#4651,#4652);
#3807=AXIS2_PLACEMENT_3D('',#5692,#4656,#4657);
#3808=AXIS2_PLACEMENT_3D('',#5697,#4661,#4662);
#3809=AXIS2_PLACEMENT_3D('',#5701,#4665,#4666);
#3810=AXIS2_PLACEMENT_3D('',#5704,#4669,#4670);
#3811=AXIS2_PLACEMENT_3D('',#5710,#4674,#4675);
#3812=AXIS2_PLACEMENT_3D('',#5715,#4679,#4680);
#3813=AXIS2_PLACEMENT_3D('',#5719,#4683,#4684);
#3814=AXIS2_PLACEMENT_3D('',#5722,#4687,#4688);
#3815=AXIS2_PLACEMENT_3D('',#5723,#4689,#4690);
#3816=AXIS2_PLACEMENT_3D('',#5724,#4691,#4692);
#3817=AXIS2_PLACEMENT_3D('',#5725,#4693,#4694);
#3818=AXIS2_PLACEMENT_3D('',#5726,#4695,#4696);
#3819=AXIS2_PLACEMENT_3D('',#5729,#4699,#4700);
#3820=AXIS2_PLACEMENT_3D('',#5730,#4701,#4702);
#3821=AXIS2_PLACEMENT_3D('',#5731,#4703,#4704);
#3822=AXIS2_PLACEMENT_3D('',#5734,#4707,#4708);
#3823=AXIS2_PLACEMENT_3D('',#5736,#4710,#4711);
#3824=AXIS2_PLACEMENT_3D('',#5738,#4713,#4714);
#3825=DIRECTION('axis',(0.,0.,1.));
#3826=DIRECTION('refdir',(1.,0.,0.));
#3827=DIRECTION('center_axis',(0.707106781186534,-1.39143814450942E-14,
-0.707106781186561));
#3828=DIRECTION('ref_axis',(-0.707106781186561,0.,-0.707106781186534));
#3829=DIRECTION('',(0.564166739938013,-0.602853032749641,0.564166739938004));
#3830=DIRECTION('',(-1.96779069516852E-14,-1.,0.));
#3831=DIRECTION('',(-0.593517421305678,-0.543575331682148,-0.593517421305644));
#3832=DIRECTION('',(1.96779069516852E-14,1.,0.));
#3833=DIRECTION('center_axis',(0.,0.,1.));
#3834=DIRECTION('ref_axis',(1.,0.,0.));
#3835=DIRECTION('',(-0.737452572173203,-0.675398921967697,0.));
#3836=DIRECTION('',(-1.03590419381863E-14,1.,0.));
#3837=DIRECTION('',(0.683291110525978,-0.730146052701907,0.));
#3838=DIRECTION('',(1.96779069516851E-14,1.,0.));
#3839=DIRECTION('',(-0.737452572173208,-0.675398921967692,0.));
#3840=DIRECTION('',(-1.03590419381863E-14,1.,0.));
#3841=DIRECTION('',(0.683291110525978,-0.730146052701907,0.));
#3842=DIRECTION('',(1.47584302137639E-14,1.,0.));
#3843=DIRECTION('',(-0.737452572173202,-0.675398921967697,0.));
#3844=DIRECTION('',(-1.03590419381863E-14,1.,0.));
#3845=DIRECTION('',(-1.,0.,0.));
#3846=DIRECTION('',(2.00615248802903E-16,1.,0.));
#3847=DIRECTION('',(-0.737452572173207,0.675398921967692,0.));
#3848=DIRECTION('',(-6.14934592240162E-16,-1.,0.));
#3849=DIRECTION('',(0.683291110525965,0.730146052701919,0.));
#3850=DIRECTION('',(2.00615248802903E-16,1.,0.));
#3851=DIRECTION('',(-0.737452572173207,0.675398921967692,0.));
#3852=DIRECTION('',(-6.1493459224016E-16,-1.,0.));
#3853=DIRECTION('',(0.683291110525969,0.730146052701915,0.));
#3854=DIRECTION('',(2.00615248802903E-16,1.,0.));
#3855=DIRECTION('',(-0.737452572173208,0.675398921967691,0.));
#3856=DIRECTION('',(-6.14934592240161E-16,-1.,0.));
#3857=DIRECTION('',(0.683291110525967,0.730146052701917,0.));
#3858=DIRECTION('',(2.00615248802903E-16,1.,0.));
#3859=DIRECTION('',(1.,0.,0.));
#3860=DIRECTION('',(-1.03590419381863E-14,1.,0.));
#3861=DIRECTION('',(0.683291110525967,-0.730146052701917,0.));
#3862=DIRECTION('',(1.,0.,0.));
#3863=DIRECTION('',(0.,1.,0.));
#3864=DIRECTION('',(-1.,0.,0.));
#3865=DIRECTION('',(0.,-1.,0.));
#3866=DIRECTION('center_axis',(0.675398921967697,-0.737452572173203,0.));
#3867=DIRECTION('ref_axis',(-0.737452572173203,-0.675398921967697,0.));
#3868=DIRECTION('',(0.,0.,-1.));
#3869=DIRECTION('',(0.593517421305678,0.543575331682148,-0.593517421305644));
#3870=DIRECTION('',(-0.737452572173203,-0.675398921967697,0.));
#3871=DIRECTION('',(0.,0.,1.));
#3872=DIRECTION('center_axis',(0.707106781186534,-1.39143814450942E-14,
0.707106781186561));
#3873=DIRECTION('ref_axis',(0.707106781186561,0.,-0.707106781186534));
#3874=DIRECTION('',(-0.564166739938013,0.602853032749641,0.564166739938004));
#3875=DIRECTION('',(-1.96779069516852E-14,-1.,0.));
#3876=DIRECTION('',(1.96779069516852E-14,1.,0.));
#3877=DIRECTION('center_axis',(0.,0.,1.));
#3878=DIRECTION('ref_axis',(1.,0.,0.));
#3879=DIRECTION('',(-0.683291110525967,0.730146052701917,0.));
#3880=DIRECTION('',(1.03590419381863E-14,-1.,0.));
#3881=DIRECTION('',(1.,8.88178419700134E-15,0.));
#3882=DIRECTION('',(2.00615248802903E-16,1.,0.));
#3883=DIRECTION('',(0.683291110525967,0.730146052701917,0.));
#3884=DIRECTION('',(6.14934592240161E-16,1.,0.));
#3885=DIRECTION('',(0.737452572173208,-0.675398921967691,0.));
#3886=DIRECTION('',(2.00615248802903E-16,1.,0.));
#3887=DIRECTION('',(0.683291110525969,0.730146052701915,0.));
#3888=DIRECTION('',(6.1493459224016E-16,1.,0.));
#3889=DIRECTION('',(0.737452572173207,-0.675398921967692,0.));
#3890=DIRECTION('',(2.00615248802903E-16,1.,0.));
#3891=DIRECTION('',(0.683291110525965,0.730146052701919,0.));
#3892=DIRECTION('',(6.14934592240162E-16,1.,0.));
#3893=DIRECTION('',(0.737452572173207,-0.675398921967692,0.));
#3894=DIRECTION('',(2.00615248802903E-16,1.,0.));
#3895=DIRECTION('',(-1.,0.,0.));
#3896=DIRECTION('',(1.03590419381863E-14,-1.,0.));
#3897=DIRECTION('',(-0.737452572173202,-0.675398921967697,0.));
#3898=DIRECTION('',(-1.47584302137639E-14,-1.,0.));
#3899=DIRECTION('',(-0.683291110525978,0.730146052701907,0.));
#3900=DIRECTION('',(1.03590419381863E-14,-1.,0.));
#3901=DIRECTION('',(-0.737452572173208,-0.675398921967692,0.));
#3902=DIRECTION('',(-1.96779069516851E-14,-1.,0.));
#3903=DIRECTION('',(-0.683291110525978,0.730146052701907,0.));
#3904=DIRECTION('',(1.03590419381863E-14,-1.,0.));
#3905=DIRECTION('',(1.,-5.56591809684232E-13,0.));
#3906=DIRECTION('',(-1.70160182240831E-12,-1.,0.));
#3907=DIRECTION('',(-1.,-1.12502599830233E-12,0.));
#3908=DIRECTION('',(-5.68434188607886E-14,-1.,0.));
#3909=DIRECTION('',(-1.,0.,0.));
#3910=DIRECTION('',(-2.96059473233374E-16,-1.,0.));
#3911=DIRECTION('',(-1.,-3.95979545449842E-13,0.));
#3912=DIRECTION('',(1.32172051081624E-12,-1.,0.));
#3913=DIRECTION('',(-1.,1.25869685045169E-12,0.));
#3914=DIRECTION('',(2.55474128849969E-12,-1.,0.));
#3915=DIRECTION('',(2.917481071544E-12,-1.,0.));
#3916=DIRECTION('',(1.,2.87769807982841E-12,0.));
#3917=DIRECTION('',(4.95307498719438E-13,-1.,0.));
#3918=DIRECTION('',(1.,2.13162820728029E-12,0.));
#3919=DIRECTION('',(1.01270843563236E-12,-1.,0.));
#3920=DIRECTION('',(1.,-3.78956125738721E-14,0.));
#3921=DIRECTION('',(-1.,0.,0.));
#3922=DIRECTION('',(0.,1.,0.));
#3923=DIRECTION('',(1.,0.,0.));
#3924=DIRECTION('',(0.,-1.,0.));
#3925=DIRECTION('',(1.091991993905E-14,-1.,0.));
#3926=DIRECTION('',(-1.,1.59324405520541E-12,0.));
#3927=DIRECTION('',(0.,1.,0.));
#3928=DIRECTION('',(-1.,-7.40148683083438E-16,0.));
#3929=DIRECTION('',(0.,-1.,0.));
#3930=DIRECTION('',(-1.,1.91446858366361E-12,0.));
#3931=DIRECTION('',(1.03324756158754E-12,1.,0.));
#3932=DIRECTION('',(-1.,-5.57776047571685E-13,0.));
#3933=DIRECTION('',(9.47390314342782E-14,1.,0.));
#3934=DIRECTION('',(1.,-3.78956125738634E-14,0.));
#3935=DIRECTION('',(-4.46457685635934E-12,-1.,0.));
#3936=DIRECTION('',(1.,9.71075072206743E-13,0.));
#3937=DIRECTION('',(-4.73695157183272E-14,1.,0.));
#3938=DIRECTION('',(1.,-2.20268248085629E-13,0.));
#3939=DIRECTION('',(-4.7369515717336E-12,-1.,0.));
#3940=DIRECTION('',(1.,-1.97767728119765E-12,0.));
#3941=DIRECTION('center_axis',(0.707106781186576,-1.3914381445095E-14,-0.707106781186519));
#3942=DIRECTION('ref_axis',(-0.707106781186519,0.,-0.707106781186576));
#3943=DIRECTION('',(-0.593517421305655,-0.54357533168212,-0.593517421305692));
#3944=DIRECTION('',(0.564166739937998,-0.602853032749606,0.564166739938055));
#3945=DIRECTION('',(-1.96779069516851E-14,-1.,0.));
#3946=DIRECTION('center_axis',(0.675398921967692,-0.737452572173208,0.));
#3947=DIRECTION('ref_axis',(-0.737452572173208,-0.675398921967692,0.));
#3948=DIRECTION('',(0.,0.,-1.));
#3949=DIRECTION('',(0.593517421305655,0.54357533168212,-0.593517421305692));
#3950=DIRECTION('',(0.,0.,1.));
#3951=DIRECTION('center_axis',(0.707106781186576,-1.3914381445095E-14,0.707106781186519));
#3952=DIRECTION('ref_axis',(0.707106781186519,0.,-0.707106781186576));
#3953=DIRECTION('',(-0.564166739937998,0.602853032749606,0.564166739938055));
#3954=DIRECTION('',(1.96779069516851E-14,1.,0.));
#3955=DIRECTION('center_axis',(0.707106781186492,-1.04357860838201E-14,
0.707106781186603));
#3956=DIRECTION('ref_axis',(0.707106781186603,0.,-0.707106781186492));
#3957=DIRECTION('',(0.593517421305701,0.54357533168217,-0.5935174213056));
#3958=DIRECTION('',(1.47584302137639E-14,1.,0.));
#3959=DIRECTION('',(-0.564166739938042,0.602853032749653,0.564166739937962));
#3960=DIRECTION('center_axis',(0.730146052701907,0.683291110525978,0.));
#3961=DIRECTION('ref_axis',(0.683291110525978,-0.730146052701907,0.));
#3962=DIRECTION('',(0.,0.,-1.));
#3963=DIRECTION('',(0.564166739938042,-0.602853032749653,0.564166739937962));
#3964=DIRECTION('',(0.,0.,-1.));
#3965=DIRECTION('center_axis',(0.707106781186492,-1.04357860838201E-14,
-0.707106781186603));
#3966=DIRECTION('ref_axis',(-0.707106781186603,0.,-0.707106781186492));
#3967=DIRECTION('',(-0.593517421305701,-0.54357533168217,-0.5935174213056));
#3968=DIRECTION('',(-1.47584302137639E-14,-1.,0.));
#3969=DIRECTION('center_axis',(0.675398921967697,-0.737452572173203,0.));
#3970=DIRECTION('ref_axis',(-0.737452572173203,-0.675398921967697,0.));
#3971=DIRECTION('',(0.,0.,1.));
#3972=DIRECTION('',(0.,0.,-1.));
#3973=DIRECTION('center_axis',(-0.70710678118655,4.34824420159204E-16,-0.707106781186545));
#3974=DIRECTION('ref_axis',(-0.707106781186545,0.,0.70710678118655));
#3975=DIRECTION('',(-0.593517421305667,0.543575331682131,0.593517421305671));
#3976=DIRECTION('',(6.14934592240162E-16,1.,0.));
#3977=DIRECTION('',(0.564166739938008,0.602853032749639,-0.564166739938011));
#3978=DIRECTION('center_axis',(-0.730146052701919,0.683291110525965,0.));
#3979=DIRECTION('ref_axis',(0.683291110525965,0.730146052701919,0.));
#3980=DIRECTION('',(0.,0.,-1.));
#3981=DIRECTION('',(-0.564166739938008,-0.602853032749639,-0.564166739938011));
#3982=DIRECTION('',(0.,0.,1.));
#3983=DIRECTION('center_axis',(-1.,6.14934592240162E-16,0.));
#3984=DIRECTION('ref_axis',(6.14934592240162E-16,1.,0.));
#3985=DIRECTION('',(0.,0.,-1.));
#3986=DIRECTION('',(-6.14934592240162E-16,-1.,0.));
#3987=DIRECTION('center_axis',(-0.70710678118655,4.34824420159204E-16,0.707106781186545));
#3988=DIRECTION('ref_axis',(0.707106781186545,0.,0.70710678118655));
#3989=DIRECTION('',(0.593517421305667,-0.543575331682131,0.593517421305671));
#3990=DIRECTION('center_axis',(-0.707106781186539,4.34824420159197E-16,
-0.707106781186556));
#3991=DIRECTION('ref_axis',(-0.707106781186556,0.,0.707106781186539));
#3992=DIRECTION('',(0.564166739938015,0.60285303274964,-0.564166739938002));
#3993=DIRECTION('',(-0.593517421305673,0.543575331682137,0.593517421305659));
#3994=DIRECTION('',(6.1493459224016E-16,1.,0.));
#3995=DIRECTION('center_axis',(-0.730146052701915,0.683291110525969,0.));
#3996=DIRECTION('ref_axis',(0.683291110525969,0.730146052701915,0.));
#3997=DIRECTION('',(0.,0.,-1.));
#3998=DIRECTION('',(-0.564166739938015,-0.60285303274964,-0.564166739938002));
#3999=DIRECTION('',(0.,0.,1.));
#4000=DIRECTION('center_axis',(-1.,6.1493459224016E-16,0.));
#4001=DIRECTION('ref_axis',(6.1493459224016E-16,1.,0.));
#4002=DIRECTION('',(0.,0.,-1.));
#4003=DIRECTION('',(-6.1493459224016E-16,-1.,0.));
#4004=DIRECTION('center_axis',(-0.707106781186539,4.34824420159197E-16,
0.707106781186556));
#4005=DIRECTION('ref_axis',(0.707106781186556,0.,0.707106781186539));
#4006=DIRECTION('',(0.593517421305673,-0.543575331682137,0.593517421305659));
#4007=DIRECTION('center_axis',(-0.707106781186545,4.348244201592E-16,-0.70710678118655));
#4008=DIRECTION('ref_axis',(-0.70710678118655,0.,0.707106781186545));
#4009=DIRECTION('',(0.564166739938012,0.602853032749639,-0.564166739938007));
#4010=DIRECTION('',(-0.59351742130567,0.543575331682133,0.593517421305666));
#4011=DIRECTION('',(6.14934592240161E-16,1.,0.));
#4012=DIRECTION('center_axis',(-0.730146052701917,0.683291110525967,0.));
#4013=DIRECTION('ref_axis',(0.683291110525967,0.730146052701917,0.));
#4014=DIRECTION('',(0.,0.,-1.));
#4015=DIRECTION('',(-0.564166739938012,-0.602853032749639,-0.564166739938007));
#4016=DIRECTION('',(0.,0.,1.));
#4017=DIRECTION('center_axis',(-1.,6.14934592240161E-16,0.));
#4018=DIRECTION('ref_axis',(6.14934592240161E-16,1.,0.));
#4019=DIRECTION('',(0.,0.,-1.));
#4020=DIRECTION('',(-6.14934592240161E-16,-1.,0.));
#4021=DIRECTION('center_axis',(-0.707106781186545,4.348244201592E-16,0.70710678118655));
#4022=DIRECTION('ref_axis',(0.70710678118655,0.,0.707106781186545));
#4023=DIRECTION('',(0.59351742130567,-0.543575331682133,0.593517421305666));
#4024=DIRECTION('center_axis',(-0.675398921967692,-0.737452572173207,0.));
#4025=DIRECTION('ref_axis',(-0.737452572173207,0.675398921967692,0.));
#4026=DIRECTION('',(0.,0.,-1.));
#4027=DIRECTION('center_axis',(-1.,2.00615248802903E-16,0.));
#4028=DIRECTION('ref_axis',(-2.00615248802903E-16,-1.,0.));
#4029=DIRECTION('',(0.,0.,-1.));
#4030=DIRECTION('center_axis',(-1.,2.00615248802903E-16,0.));
#4031=DIRECTION('ref_axis',(-2.00615248802903E-16,-1.,0.));
#4032=DIRECTION('center_axis',(1.,-1.96779069516851E-14,0.));
#4033=DIRECTION('ref_axis',(-1.96779069516851E-14,-1.,0.));
#4034=DIRECTION('',(0.,0.,-1.));
#4035=DIRECTION('center_axis',(0.730146052701907,0.683291110525978,0.));
#4036=DIRECTION('ref_axis',(0.683291110525978,-0.730146052701907,0.));
#4037=DIRECTION('',(0.,0.,-1.));
#4038=DIRECTION('center_axis',(1.,8.88178419700134E-15,0.));
#4039=DIRECTION('ref_axis',(0.,0.,-1.));
#4040=DIRECTION('center_axis',(1.,-1.47584302137639E-14,0.));
#4041=DIRECTION('ref_axis',(-1.47584302137639E-14,-1.,0.));
#4042=DIRECTION('center_axis',(1.,8.88178419700134E-15,0.));
#4043=DIRECTION('ref_axis',(0.,0.,-1.));
#4044=DIRECTION('center_axis',(1.,8.88178419700134E-15,0.));
#4045=DIRECTION('ref_axis',(0.,0.,-1.));
#4046=DIRECTION('',(0.,0.,-1.));
#4047=DIRECTION('center_axis',(-0.675398921967692,-0.737452572173207,0.));
#4048=DIRECTION('ref_axis',(-0.737452572173207,0.675398921967692,0.));
#4049=DIRECTION('',(0.,0.,-1.));
#4050=DIRECTION('center_axis',(-1.,2.00615248802903E-16,0.));
#4051=DIRECTION('ref_axis',(-2.00615248802903E-16,-1.,0.));
#4052=DIRECTION('',(0.,0.,-1.));
#4053=DIRECTION('center_axis',(1.,-1.96779069516852E-14,0.));
#4054=DIRECTION('ref_axis',(-1.96779069516852E-14,-1.,0.));
#4055=DIRECTION('',(0.,0.,-1.));
#4056=DIRECTION('center_axis',(0.730146052701917,0.683291110525967,0.));
#4057=DIRECTION('ref_axis',(0.683291110525967,-0.730146052701917,0.));
#4058=DIRECTION('',(0.,0.,-1.));
#4059=DIRECTION('center_axis',(1.,8.88178419700134E-15,0.));
#4060=DIRECTION('ref_axis',(0.,0.,-1.));
#4061=DIRECTION('',(0.,0.,1.));
#4062=DIRECTION('center_axis',(-0.675398921967691,-0.737452572173208,0.));
#4063=DIRECTION('ref_axis',(-0.737452572173208,0.675398921967691,0.));
#4064=DIRECTION('center_axis',(-1.,2.00615248802903E-16,0.));
#4065=DIRECTION('ref_axis',(-2.00615248802903E-16,-1.,0.));
#4066=DIRECTION('',(0.,0.,1.));
#4067=DIRECTION('center_axis',(1.,-2.20268248085629E-13,0.));
#4068=DIRECTION('ref_axis',(-1.55296417731632E-13,-0.707106781186546,0.70710678118655));
#4069=DIRECTION('center_axis',(-1.,-4.73695157183272E-14,0.));
#4070=DIRECTION('ref_axis',(-1.55296417731632E-13,-0.707106781186546,0.70710678118655));
#4071=DIRECTION('',(1.,-2.20268248085629E-13,0.));
#4072=DIRECTION('center_axis',(1.,-4.7369515717336E-12,0.));
#4073=DIRECTION('ref_axis',(-1.55296417731632E-13,-0.707106781186546,0.70710678118655));
#4074=DIRECTION('',(-1.,2.20268248085629E-13,0.));
#4075=DIRECTION('center_axis',(0.,0.,-1.));
#4076=DIRECTION('ref_axis',(-1.,0.,0.));
#4077=DIRECTION('',(1.18423789295825E-14,1.,0.));
#4078=DIRECTION('',(1.,-9.47390314346179E-15,0.));
#4079=DIRECTION('',(-3.25665420563176E-12,-1.,0.));
#4080=DIRECTION('center_axis',(1.,-3.78956125738634E-14,0.));
#4081=DIRECTION('ref_axis',(-2.7405250187935E-14,-0.707106781186546,0.70710678118655));
#4082=DIRECTION('center_axis',(-1.,9.47390314342782E-14,0.));
#4083=DIRECTION('ref_axis',(-2.7405250187935E-14,-0.707106781186546,0.70710678118655));
#4084=DIRECTION('',(1.,-3.78956125738634E-14,0.));
#4085=DIRECTION('center_axis',(1.,-4.46457685635934E-12,0.));
#4086=DIRECTION('ref_axis',(-2.7405250187935E-14,-0.707106781186546,0.70710678118655));
#4087=DIRECTION('',(-1.,3.78956125738634E-14,0.));
#4088=DIRECTION('center_axis',(0.,0.,-1.));
#4089=DIRECTION('ref_axis',(-1.,0.,0.));
#4090=DIRECTION('',(2.3684757858693E-14,1.,0.));
#4091=DIRECTION('',(1.,1.58687877653298E-13,0.));
#4092=DIRECTION('',(7.70346749353231E-12,-1.,0.));
#4093=DIRECTION('center_axis',(1.,-3.78956125738721E-14,0.));
#4094=DIRECTION('ref_axis',(-2.74052501879347E-14,-0.707106781186555,0.70710678118654));
#4095=DIRECTION('',(1.,-3.78956125738721E-14,0.));
#4096=DIRECTION('center_axis',(1.,2.917481071544E-12,0.));
#4097=DIRECTION('ref_axis',(-2.74052501879347E-14,-0.707106781186555,0.70710678118654));
#4098=DIRECTION('',(-1.,3.78956125738721E-14,0.));
#4099=DIRECTION('center_axis',(-0.707106781186895,0.7071067811862,8.56414068373389E-16));
#4100=DIRECTION('ref_axis',(-0.7071067811862,-0.707106781186895,-8.56414068374294E-16));
#4101=DIRECTION('center_axis',(1.01270843563236E-12,-1.,0.));
#4102=DIRECTION('ref_axis',(-0.707106781186548,-7.12536504886309E-13,0.707106781186547));
#4103=DIRECTION('',(-1.01270843563236E-12,1.,0.));
#4104=DIRECTION('center_axis',(-2.13162820728029E-12,1.,0.));
#4105=DIRECTION('ref_axis',(-0.707106781186548,-7.12536504886309E-13,0.707106781186547));
#4106=DIRECTION('',(1.01270843563236E-12,-1.,0.));
#4107=DIRECTION('center_axis',(0.,0.,-1.));
#4108=DIRECTION('ref_axis',(-1.,0.,0.));
#4109=DIRECTION('',(1.,1.89478062869363E-13,0.));
#4110=DIRECTION('',(-1.12107853864871E-12,-1.,0.));
#4111=DIRECTION('',(1.,-5.62512999142385E-14,0.));
#4112=DIRECTION('',(1.054711873394E-13,-1.,0.));
#4113=DIRECTION('center_axis',(-1.70160182240831E-12,-1.,0.));
#4114=DIRECTION('ref_axis',(-0.707106781186547,1.20583100826914E-12,0.707106781186548));
#4115=DIRECTION('center_axis',(5.56591809684232E-13,1.,0.));
#4116=DIRECTION('ref_axis',(-0.707106781186547,1.20583100826914E-12,0.707106781186548));
#4117=DIRECTION('',(-1.70160182240831E-12,-1.,0.));
#4118=DIRECTION('center_axis',(1.12502599830233E-12,-1.,0.));
#4119=DIRECTION('ref_axis',(-0.707106781186547,1.20583100826914E-12,0.707106781186548));
#4120=DIRECTION('',(1.70160182240831E-12,1.,0.));
#4121=DIRECTION('center_axis',(0.,0.,-1.));
#4122=DIRECTION('ref_axis',(-1.,0.,0.));
#4123=DIRECTION('',(1.,1.74082970262766E-12,0.));
#4124=DIRECTION('',(6.95147643151729E-13,-1.,0.));
#4125=DIRECTION('',(-1.,-1.56911520813198E-12,0.));
#4126=DIRECTION('center_axis',(-1.,1.25869685045169E-12,0.));
#4127=DIRECTION('ref_axis',(8.8838686025889E-13,0.707106781186549,0.707106781186546));
#4128=DIRECTION('',(1.,-1.25869685045169E-12,0.));
#4129=DIRECTION('center_axis',(1.,1.32172051081624E-12,0.));
#4130=DIRECTION('ref_axis',(8.8838686025889E-13,0.707106781186549,0.707106781186546));
#4131=DIRECTION('',(-1.,1.25869685045169E-12,0.));
#4132=DIRECTION('center_axis',(-0.707106781189359,-0.707106781183736,-2.27009516619319E-27));
#4133=DIRECTION('ref_axis',(0.707106781183736,-0.707106781189359,-2.27009516620553E-27));
#4134=DIRECTION('center_axis',(2.55474128849969E-12,-1.,0.));
#4135=DIRECTION('ref_axis',(-0.707106781186547,-1.80417897070572E-12,0.707106781186548));
#4136=DIRECTION('',(2.55474128849969E-12,-1.,0.));
#4137=DIRECTION('center_axis',(0.,-1.,0.));
#4138=DIRECTION('ref_axis',(-0.707106781186547,-1.80417897070572E-12,0.707106781186548));
#4139=DIRECTION('',(-2.55474128849969E-12,1.,0.));
#4140=DIRECTION('center_axis',(-1.25869685045169E-12,-1.,0.));
#4141=DIRECTION('ref_axis',(1.,-1.25869685045169E-12,0.));
#4142=DIRECTION('',(0.,0.,1.));
#4143=DIRECTION('',(0.,0.,1.));
#4144=DIRECTION('center_axis',(1.,2.55474128849969E-12,0.));
#4145=DIRECTION('ref_axis',(-2.55474128849969E-12,1.,0.));
#4146=DIRECTION('',(0.,0.,1.));
#4147=DIRECTION('center_axis',(-1.,1.59324405520541E-12,0.));
#4148=DIRECTION('ref_axis',(1.13275034110131E-12,0.707106781186548,0.707106781186547));
#4149=DIRECTION('center_axis',(1.,1.091991993905E-14,0.));
#4150=DIRECTION('ref_axis',(1.13275034110131E-12,0.707106781186548,0.707106781186547));
#4151=DIRECTION('',(-1.,1.59324405520541E-12,0.));
#4152=DIRECTION('center_axis',(-1.,0.,0.));
#4153=DIRECTION('ref_axis',(1.13275034110131E-12,0.707106781186548,0.707106781186547));
#4154=DIRECTION('',(1.,-1.59324405520541E-12,0.));
#4155=DIRECTION('center_axis',(0.,0.,-1.));
#4156=DIRECTION('ref_axis',(-1.,0.,0.));
#4157=DIRECTION('',(0.,-1.,0.));
#4158=DIRECTION('',(-1.,1.1842378929335E-15,0.));
#4159=DIRECTION('',(0.,1.,0.));
#4160=DIRECTION('center_axis',(-1.,1.91446858366361E-12,0.));
#4161=DIRECTION('ref_axis',(1.35199234260479E-12,0.707106781186548,0.707106781186547));
#4162=DIRECTION('center_axis',(1.,0.,0.));
#4163=DIRECTION('ref_axis',(1.35199234260479E-12,0.707106781186548,0.707106781186547));
#4164=DIRECTION('',(-1.,1.91446858366361E-12,0.));
#4165=DIRECTION('center_axis',(-1.,1.03324756158754E-12,0.));
#4166=DIRECTION('ref_axis',(1.35199234260479E-12,0.707106781186548,0.707106781186547));
#4167=DIRECTION('',(1.,-1.91446858366361E-12,0.));
#4168=DIRECTION('center_axis',(0.,0.,-1.));
#4169=DIRECTION('ref_axis',(-1.,0.,0.));
#4170=DIRECTION('',(-7.10542735760099E-14,-1.,0.));
#4171=DIRECTION('',(-1.,-8.0572585640464E-13,0.));
#4172=DIRECTION('',(-5.92118946458696E-15,1.,0.));
#4173=DIRECTION('center_axis',(0.,0.,1.));
#4174=DIRECTION('ref_axis',(1.,0.,0.));
#4175=DIRECTION('',(0.,1.,0.));
#4176=DIRECTION('',(-1.,-7.40148683083438E-16,0.));
#4177=DIRECTION('',(0.,-1.,0.));
#4178=DIRECTION('',(1.,-1.1842378929335E-15,0.));
#4179=DIRECTION('center_axis',(0.,0.,1.));
#4180=DIRECTION('ref_axis',(1.,0.,0.));
#4181=DIRECTION('',(2.61753581772455E-12,1.,0.));
#4182=DIRECTION('',(-1.,-3.95979545449842E-13,0.));
#4183=DIRECTION('',(-2.96059473233374E-16,-1.,0.));
#4184=DIRECTION('',(1.,0.,0.));
#4185=DIRECTION('',(2.46716227693378E-16,1.,0.));
#4186=DIRECTION('',(1.,-2.7539082125857E-12,0.));
#4187=DIRECTION('center_axis',(0.,0.,1.));
#4188=DIRECTION('ref_axis',(1.,0.,0.));
#4189=DIRECTION('',(4.46457685635934E-12,1.,0.));
#4190=DIRECTION('',(-1.,-1.58687877653298E-13,0.));
#4191=DIRECTION('',(-2.3684757858693E-14,-1.,0.));
#4192=DIRECTION('',(1.,9.71075072206743E-13,0.));
#4193=DIRECTION('center_axis',(0.,0.,1.));
#4194=DIRECTION('ref_axis',(1.,0.,0.));
#4195=DIRECTION('',(4.7369515717336E-12,1.,0.));
#4196=DIRECTION('',(-1.,9.47390314346179E-15,0.));
#4197=DIRECTION('',(-1.18423789295825E-14,-1.,0.));
#4198=DIRECTION('',(1.,-1.97767728119765E-12,0.));
#4199=DIRECTION('center_axis',(0.,0.,1.));
#4200=DIRECTION('ref_axis',(1.,0.,0.));
#4201=DIRECTION('',(4.95307498719438E-13,-1.,0.));
#4202=DIRECTION('',(1.,2.87769807982841E-12,0.));
#4203=DIRECTION('',(-2.917481071544E-12,1.,0.));
#4204=DIRECTION('',(-1.,5.62512999142385E-14,0.));
#4205=DIRECTION('',(1.12107853864871E-12,1.,0.));
#4206=DIRECTION('',(-1.,-1.89478062869363E-13,0.));
#4207=DIRECTION('center_axis',(0.,0.,1.));
#4208=DIRECTION('ref_axis',(1.,0.,0.));
#4209=DIRECTION('',(7.10542735760099E-14,1.,0.));
#4210=DIRECTION('',(-1.,-5.57776047571685E-13,0.));
#4211=DIRECTION('',(-1.03324756158754E-12,-1.,0.));
#4212=DIRECTION('',(1.,8.0572585640464E-13,0.));
#4213=DIRECTION('center_axis',(9.47390314346179E-15,1.,0.));
#4214=DIRECTION('ref_axis',(1.,-9.47390314346179E-15,0.));
#4215=DIRECTION('',(0.,0.,1.));
#4216=DIRECTION('',(0.,0.,1.));
#4217=DIRECTION('center_axis',(2.20268248085629E-13,1.,0.));
#4218=DIRECTION('ref_axis',(-1.,2.20268248085629E-13,0.));
#4219=DIRECTION('',(0.,0.,1.));
#4220=DIRECTION('',(0.,0.,1.));
#4221=DIRECTION('center_axis',(1.,-2.46716227693378E-16,0.));
#4222=DIRECTION('ref_axis',(-2.46716227693378E-16,-1.,0.));
#4223=DIRECTION('',(0.,0.,1.));
#4224=DIRECTION('',(-2.46716227693378E-16,-1.,0.));
#4225=DIRECTION('',(0.,0.,1.));
#4226=DIRECTION('center_axis',(-2.7539082125857E-12,-1.,0.));
#4227=DIRECTION('ref_axis',(-1.,2.7539082125857E-12,0.));
#4228=DIRECTION('',(-1.,2.7539082125857E-12,0.));
#4229=DIRECTION('',(0.,0.,1.));
#4230=DIRECTION('center_axis',(0.,0.,-1.));
#4231=DIRECTION('ref_axis',(-1.,0.,0.));
#4232=DIRECTION('',(-2.61753581772455E-12,-1.,0.));
#4233=DIRECTION('',(-1.,4.6259292692715E-17,0.));
#4234=DIRECTION('center_axis',(8.0572585640464E-13,-1.,0.));
#4235=DIRECTION('ref_axis',(-1.,-8.0572585640464E-13,0.));
#4236=DIRECTION('',(0.,0.,-1.));
#4237=DIRECTION('',(0.,0.,1.));
#4238=DIRECTION('center_axis',(-1.91446858366361E-12,-1.,0.));
#4239=DIRECTION('ref_axis',(1.,-1.91446858366361E-12,0.));
#4240=DIRECTION('',(0.,0.,1.));
#4241=DIRECTION('',(0.,0.,1.));
#4242=DIRECTION('center_axis',(-1.58687877653298E-13,1.,0.));
#4243=DIRECTION('ref_axis',(1.,1.58687877653298E-13,0.));
#4244=DIRECTION('',(0.,0.,1.));
#4245=DIRECTION('',(0.,0.,1.));
#4246=DIRECTION('center_axis',(3.78956125738634E-14,1.,0.));
#4247=DIRECTION('ref_axis',(-1.,3.78956125738634E-14,0.));
#4248=DIRECTION('',(0.,0.,1.));
#4249=DIRECTION('',(0.,0.,1.));
#4250=DIRECTION('center_axis',(1.,6.95147643151729E-13,0.));
#4251=DIRECTION('ref_axis',(6.95147643151729E-13,-1.,0.));
#4252=DIRECTION('',(6.95147643151729E-13,-1.,0.));
#4253=DIRECTION('',(0.,0.,-1.));
#4254=DIRECTION('',(0.,0.,-1.));
#4255=DIRECTION('center_axis',(-1.1842378929335E-15,-1.,0.));
#4256=DIRECTION('ref_axis',(-1.,1.1842378929335E-15,0.));
#4257=DIRECTION('',(0.,0.,-1.));
#4258=DIRECTION('',(0.,0.,1.));
#4259=DIRECTION('center_axis',(-1.59324405520541E-12,-1.,0.));
#4260=DIRECTION('ref_axis',(1.,-1.59324405520541E-12,0.));
#4261=DIRECTION('',(0.,0.,1.));
#4262=DIRECTION('',(0.,0.,1.));
#4263=DIRECTION('center_axis',(5.62512999142385E-14,1.,0.));
#4264=DIRECTION('ref_axis',(1.,-5.62512999142385E-14,0.));
#4265=DIRECTION('',(0.,0.,1.));
#4266=DIRECTION('',(0.,0.,1.));
#4267=DIRECTION('center_axis',(1.,-1.12107853864871E-12,0.));
#4268=DIRECTION('ref_axis',(-1.12107853864871E-12,-1.,0.));
#4269=DIRECTION('',(0.,0.,-1.));
#4270=DIRECTION('center_axis',(1.,1.01270843563236E-12,0.));
#4271=DIRECTION('ref_axis',(-1.01270843563236E-12,1.,0.));
#4272=DIRECTION('',(0.,0.,1.));
#4273=DIRECTION('',(0.,0.,1.));
#4274=DIRECTION('center_axis',(3.78956125738721E-14,1.,0.));
#4275=DIRECTION('ref_axis',(-1.,3.78956125738721E-14,0.));
#4276=DIRECTION('',(0.,0.,1.));
#4277=DIRECTION('center_axis',(-1.39842901653342E-12,-0.707106781186543,
0.707106781186552));
#4278=DIRECTION('ref_axis',(1.,0.,1.97767728119762E-12));
#4279=DIRECTION('',(3.34953057852512E-12,0.707106781186552,0.707106781186543));
#4280=DIRECTION('',(-1.,1.97767728119765E-12,0.));
#4281=DIRECTION('',(3.34953057859521E-14,-0.707106781186552,-0.707106781186543));
#4282=DIRECTION('center_axis',(-1.97767728119765E-12,-1.,0.));
#4283=DIRECTION('ref_axis',(1.,-1.97767728119765E-12,0.));
#4284=DIRECTION('',(0.,0.,1.));
#4285=DIRECTION('',(0.,0.,1.));
#4286=DIRECTION('center_axis',(6.86653768598599E-13,-0.707106781186543,
0.707106781186552));
#4287=DIRECTION('ref_axis',(1.,0.,-9.71075072206729E-13));
#4288=DIRECTION('',(3.15693257026023E-12,0.707106781186552,0.707106781186543));
#4289=DIRECTION('',(-1.,-9.71075072206743E-13,0.));
#4290=DIRECTION('',(-6.6990611570224E-14,-0.707106781186552,-0.707106781186543));
#4291=DIRECTION('center_axis',(9.71075072206743E-13,-1.,0.));
#4292=DIRECTION('ref_axis',(1.,9.71075072206743E-13,0.));
#4293=DIRECTION('',(0.,0.,1.));
#4294=DIRECTION('',(0.,0.,1.));
#4295=DIRECTION('center_axis',(2.0348398264542E-12,-0.707106781186555,0.70710678118654));
#4296=DIRECTION('ref_axis',(1.,0.,-2.87769807982847E-12));
#4297=DIRECTION('',(-2.06297064967213E-12,0.70710678118654,0.707106781186555));
#4298=DIRECTION('',(-1.,-2.87769807982841E-12,0.));
#4299=DIRECTION('',(-0.577350269188375,-0.57735026919184,-0.577350269188663));
#4300=DIRECTION('center_axis',(-0.707106781186549,-3.50235291117062E-13,
0.707106781186546));
#4301=DIRECTION('ref_axis',(0.707106781186546,0.,0.707106781186549));
#4302=DIRECTION('',(-4.95307498719438E-13,1.,0.));
#4303=DIRECTION('',(-0.707106781186546,-1.50728876033641E-12,-0.707106781186549));
#4304=DIRECTION('center_axis',(-0.707106781186549,4.0194366942291E-14,0.707106781186546));
#4305=DIRECTION('ref_axis',(0.707106781186546,0.,0.707106781186549));
#4306=DIRECTION('',(0.707106781186546,7.95513512410745E-13,0.707106781186549));
#4307=DIRECTION('',(5.68434188607886E-14,1.,0.));
#4308=DIRECTION('',(-0.707106781186546,3.93569842980612E-13,-0.707106781186549));
#4309=DIRECTION('center_axis',(-1.,5.68434188607886E-14,0.));
#4310=DIRECTION('ref_axis',(-5.68434188607886E-14,-1.,0.));
#4311=DIRECTION('',(0.,0.,1.));
#4312=DIRECTION('',(-5.68434188607886E-14,-1.,0.));
#4313=DIRECTION('',(0.,0.,1.));
#4314=DIRECTION('center_axis',(-0.707106781186549,2.09345661157837E-16,
0.707106781186546));
#4315=DIRECTION('ref_axis',(0.707106781186546,0.,0.707106781186549));
#4316=DIRECTION('',(0.707106781186546,0.,0.707106781186549));
#4317=DIRECTION('',(2.96059473233374E-16,1.,0.));
#4318=DIRECTION('',(-0.577350269189701,0.577350269189475,-0.577350269189701));
#4319=DIRECTION('center_axis',(-2.79999821798749E-13,0.707106781186547,
0.707106781186549));
#4320=DIRECTION('ref_axis',(1.,0.,3.9597954544984E-13));
#4321=DIRECTION('',(1.,3.95979545449842E-13,0.));
#4322=DIRECTION('',(-9.34597536031516E-13,0.707106781186548,-0.707106781186546));
#4323=DIRECTION('center_axis',(-3.94407225621369E-13,0.707106781186548,
0.707106781186547));
#4324=DIRECTION('ref_axis',(1.,0.,5.57776047571686E-13));
#4325=DIRECTION('',(-7.30616357443013E-13,-0.707106781186547,0.707106781186548));
#4326=DIRECTION('',(1.,5.57776047571685E-13,0.));
#4327=DIRECTION('',(0.,0.707106781186547,-0.707106781186548));
#4328=DIRECTION('center_axis',(-5.57776047571685E-13,1.,0.));
#4329=DIRECTION('ref_axis',(-1.,-5.57776047571685E-13,0.));
#4330=DIRECTION('',(0.,0.,1.));
#4331=DIRECTION('',(0.,0.,1.));
#4332=DIRECTION('center_axis',(-5.23364152894591E-16,0.707106781186547,
0.707106781186548));
#4333=DIRECTION('ref_axis',(1.,0.,7.40148683083436E-16));
#4334=DIRECTION('',(0.,-0.707106781186548,0.707106781186547));
#4335=DIRECTION('',(1.,7.40148683083438E-16,0.));
#4336=DIRECTION('',(-7.72154943891642E-15,0.707106781186548,-0.707106781186547));
#4337=DIRECTION('center_axis',(-7.40148683083438E-16,1.,0.));
#4338=DIRECTION('ref_axis',(-1.,-7.40148683083438E-16,0.));
#4339=DIRECTION('',(0.,0.,1.));
#4340=DIRECTION('',(0.,0.,1.));
#4341=DIRECTION('center_axis',(-1.,1.03324756158754E-12,0.));
#4342=DIRECTION('ref_axis',(-1.03324756158754E-12,-1.,0.));
#4343=DIRECTION('center_axis',(1.,0.,0.));
#4344=DIRECTION('ref_axis',(0.,1.,0.));
#4345=DIRECTION('center_axis',(-1.,9.47390314342782E-14,0.));
#4346=DIRECTION('ref_axis',(-9.47390314342782E-14,-1.,0.));
#4347=DIRECTION('center_axis',(1.,-4.46457685635934E-12,0.));
#4348=DIRECTION('ref_axis',(4.46457685635934E-12,1.,0.));
#4349=DIRECTION('center_axis',(-1.,-4.73695157183272E-14,0.));
#4350=DIRECTION('ref_axis',(4.73695157183272E-14,-1.,0.));
#4351=DIRECTION('center_axis',(1.,-4.7369515717336E-12,0.));
#4352=DIRECTION('ref_axis',(4.7369515717336E-12,1.,0.));
#4353=DIRECTION('center_axis',(0.,-1.,0.));
#4354=DIRECTION('ref_axis',(1.,0.,0.));
#4355=DIRECTION('',(0.,0.,1.));
#4356=DIRECTION('center_axis',(-1.,2.96059473233374E-16,0.));
#4357=DIRECTION('ref_axis',(-2.96059473233374E-16,-1.,0.));
#4358=DIRECTION('',(0.,0.,1.));
#4359=DIRECTION('center_axis',(-3.95979545449841E-13,1.,0.));
#4360=DIRECTION('ref_axis',(-1.,-3.95979545449842E-13,0.));
#4361=DIRECTION('',(0.,0.,1.));
#4362=DIRECTION('center_axis',(1.,1.32172051081624E-12,0.));
#4363=DIRECTION('ref_axis',(-1.32172051081624E-12,1.,0.));
#4364=DIRECTION('center_axis',(-2.13162820728029E-12,1.,0.));
#4365=DIRECTION('ref_axis',(-1.,-2.13162820728029E-12,0.));
#4366=DIRECTION('',(0.,0.,1.));
#4367=DIRECTION('center_axis',(1.,2.917481071544E-12,0.));
#4368=DIRECTION('ref_axis',(-2.917481071544E-12,1.,0.));
#4369=DIRECTION('',(0.,0.,1.));
#4370=DIRECTION('center_axis',(2.87769807982841E-12,-1.,0.));
#4371=DIRECTION('ref_axis',(1.,2.87769807982841E-12,0.));
#4372=DIRECTION('',(0.,0.,1.));
#4373=DIRECTION('center_axis',(-1.,-4.95307498719438E-13,0.));
#4374=DIRECTION('ref_axis',(4.95307498719438E-13,-1.,0.));
#4375=DIRECTION('center_axis',(-1.,0.,0.));
#4376=DIRECTION('ref_axis',(0.,-1.,0.));
#4377=DIRECTION('center_axis',(1.,1.091991993905E-14,0.));
#4378=DIRECTION('ref_axis',(-1.091991993905E-14,1.,0.));
#4379=DIRECTION('center_axis',(1.,-1.70160182240831E-12,0.));
#4380=DIRECTION('ref_axis',(1.70160182240831E-12,1.,0.));
#4381=DIRECTION('',(0.,0.,1.));
#4382=DIRECTION('',(0.,0.,1.));
#4383=DIRECTION('center_axis',(1.12502599830233E-12,-1.,0.));
#4384=DIRECTION('ref_axis',(1.,1.12502599830233E-12,0.));
#4385=DIRECTION('',(1.,1.12502599830233E-12,0.));
#4386=DIRECTION('center_axis',(5.56591809684232E-13,1.,0.));
#4387=DIRECTION('ref_axis',(-1.,5.56591809684232E-13,0.));
#4388=DIRECTION('',(1.,1.74082970262766E-12,0.));
#4389=DIRECTION('center_axis',(0.,0.,1.));
#4390=DIRECTION('ref_axis',(1.,0.,0.));
#4391=DIRECTION('center_axis',(0.,0.707106781186543,-0.707106781186553));
#4392=DIRECTION('ref_axis',(-1.,0.,0.));
#4393=DIRECTION('',(0.577350269189622,-0.577350269189632,-0.577350269189624));
#4394=DIRECTION('',(0.577350269189622,0.577350269189632,0.577350269189624));
#4395=DIRECTION('center_axis',(0.,-0.707106781186549,-0.707106781186546));
#4396=DIRECTION('ref_axis',(-1.,0.,0.));
#4397=DIRECTION('',(-0.577350269189625,-0.577350269189625,0.577350269189627));
#4398=DIRECTION('',(0.577350269189625,-0.577350269189625,0.577350269189627));
#4399=DIRECTION('center_axis',(-0.707106781186549,0.,-0.707106781186546));
#4400=DIRECTION('ref_axis',(-0.707106781186546,0.,0.707106781186549));
#4401=DIRECTION('center_axis',(0.707106781186549,0.,-0.707106781186546));
#4402=DIRECTION('ref_axis',(-0.707106781186546,0.,-0.707106781186549));
#4403=DIRECTION('center_axis',(0.,-1.,0.));
#4404=DIRECTION('ref_axis',(1.,0.,0.));
#4405=DIRECTION('center_axis',(0.,1.,0.));
#4406=DIRECTION('ref_axis',(-1.,0.,0.));
#4407=DIRECTION('center_axis',(-1.,0.,0.));
#4408=DIRECTION('ref_axis',(0.,0.707106781186547,-0.707106781186547));
#4409=DIRECTION('center_axis',(1.,1.06795000364744E-14,0.));
#4410=DIRECTION('ref_axis',(0.,0.707106781186547,-0.707106781186547));
#4411=DIRECTION('',(-1.,0.,0.));
#4412=DIRECTION('center_axis',(-1.,0.,0.));
#4413=DIRECTION('ref_axis',(0.,0.707106781186547,-0.707106781186547));
#4414=DIRECTION('',(1.,0.,0.));
#4415=DIRECTION('center_axis',(0.,1.,0.));
#4416=DIRECTION('ref_axis',(0.,0.,-1.));
#4417=DIRECTION('',(0.,0.,-1.));
#4418=DIRECTION('',(1.,0.,0.));
#4419=DIRECTION('',(0.,0.,1.));
#4420=DIRECTION('center_axis',(-1.,0.,0.));
#4421=DIRECTION('ref_axis',(0.,-0.707106781186547,-0.707106781186547));
#4422=DIRECTION('center_axis',(1.,1.06795000364744E-14,0.));
#4423=DIRECTION('ref_axis',(0.,-0.707106781186547,-0.707106781186547));
#4424=DIRECTION('',(-1.,0.,0.));
#4425=DIRECTION('center_axis',(-1.,0.,0.));
#4426=DIRECTION('ref_axis',(0.,-0.707106781186547,-0.707106781186547));
#4427=DIRECTION('',(1.,0.,0.));
#4428=DIRECTION('center_axis',(0.,0.,-1.));
#4429=DIRECTION('ref_axis',(0.,-1.,0.));
#4430=DIRECTION('',(0.,1.,0.));
#4431=DIRECTION('',(1.06795000364744E-14,-1.,0.));
#4432=DIRECTION('center_axis',(0.,-1.,0.));
#4433=DIRECTION('ref_axis',(0.,0.,1.));
#4434=DIRECTION('',(0.,0.,-1.));
#4435=DIRECTION('',(-1.,0.,0.));
#4436=DIRECTION('',(0.,0.,1.));
#4437=DIRECTION('center_axis',(0.,0.,1.));
#4438=DIRECTION('ref_axis',(1.,0.,0.));
#4439=DIRECTION('',(0.,-1.,0.));
#4440=DIRECTION('',(-1.,0.,0.));
#4441=DIRECTION('',(2.00615248802903E-16,1.,0.));
#4442=DIRECTION('',(1.,0.,0.));
#4443=DIRECTION('',(0.,-1.,0.));
#4444=DIRECTION('',(-1.06795000364744E-14,1.,0.));
#4445=DIRECTION('',(-1.,-2.00945343823558E-17,0.));
#4446=DIRECTION('',(-1.77991667274574E-16,-1.,0.));
#4447=DIRECTION('',(1.,0.,0.));
#4448=DIRECTION('',(-1.06795000364744E-14,1.,0.));
#4449=DIRECTION('center_axis',(1.,0.,0.));
#4450=DIRECTION('ref_axis',(0.,0.,-1.));
#4451=DIRECTION('',(0.,0.,1.));
#4452=DIRECTION('',(-1.03590419381863E-14,1.,0.));
#4453=DIRECTION('',(0.,0.,1.));
#4454=DIRECTION('',(0.,1.,0.));
#4455=DIRECTION('',(0.,0.,1.));
#4456=DIRECTION('',(-1.03590419381863E-14,1.,0.));
#4457=DIRECTION('',(0.,0.,1.));
#4458=DIRECTION('',(0.,1.,0.));
#4459=DIRECTION('',(0.,0.,-1.));
#4460=DIRECTION('',(-1.03590419381863E-14,1.,0.));
#4461=DIRECTION('',(0.,0.,1.));
#4462=DIRECTION('',(0.,1.,0.));
#4463=DIRECTION('',(0.,0.,-1.));
#4464=DIRECTION('',(-1.03590419381863E-14,1.,0.));
#4465=DIRECTION('',(0.,0.,-1.));
#4466=DIRECTION('center_axis',(0.707106781186542,-1.41856402837958E-16,
-0.707106781186553));
#4467=DIRECTION('ref_axis',(-0.707106781186553,0.,-0.707106781186542));
#4468=DIRECTION('',(0.593517421305671,-0.543575331682135,0.593517421305663));
#4469=DIRECTION('',(2.00615248802903E-16,1.,0.));
#4470=DIRECTION('',(-0.564166739938011,-0.602853032749643,-0.564166739938003));
#4471=DIRECTION('',(-2.00615248802903E-16,-1.,0.));
#4472=DIRECTION('center_axis',(0.,0.,1.));
#4473=DIRECTION('ref_axis',(1.,0.,0.));
#4474=DIRECTION('',(-0.737452572173207,0.675398921967692,0.));
#4475=DIRECTION('',(-6.1493459224016E-16,-1.,0.));
#4476=DIRECTION('',(-0.683291110525965,-0.730146052701919,0.));
#4477=DIRECTION('center_axis',(0.707106781186542,-1.41856402837958E-16,
-0.707106781186553));
#4478=DIRECTION('ref_axis',(-0.707106781186553,0.,-0.707106781186542));
#4479=DIRECTION('',(0.593517421305671,-0.543575331682135,0.593517421305663));
#4480=DIRECTION('',(2.00615248802903E-16,1.,0.));
#4481=DIRECTION('',(-0.564166739938014,-0.602853032749639,-0.564166739938005));
#4482=DIRECTION('',(-2.00615248802903E-16,-1.,0.));
#4483=DIRECTION('center_axis',(0.,0.,1.));
#4484=DIRECTION('ref_axis',(1.,0.,0.));
#4485=DIRECTION('',(0.737452572173207,-0.675398921967692,0.));
#4486=DIRECTION('',(-6.1493459224016E-16,-1.,0.));
#4487=DIRECTION('',(0.683291110525969,0.730146052701915,0.));
#4488=DIRECTION('center_axis',(0.707106781186542,-1.41856402837958E-16,
-0.707106781186553));
#4489=DIRECTION('ref_axis',(-0.707106781186553,0.,-0.707106781186542));
#4490=DIRECTION('',(0.593517421305672,-0.543575331682134,0.593517421305663));
#4491=DIRECTION('',(2.00615248802903E-16,1.,0.));
#4492=DIRECTION('',(-0.564166739938013,-0.60285303274964,-0.564166739938004));
#4493=DIRECTION('',(-2.00615248802903E-16,-1.,0.));
#4494=DIRECTION('center_axis',(0.,0.,1.));
#4495=DIRECTION('ref_axis',(1.,0.,0.));
#4496=DIRECTION('',(0.737452572173208,-0.675398921967691,0.));
#4497=DIRECTION('',(-6.1493459224016E-16,-1.,0.));
#4498=DIRECTION('',(-0.683291110525967,-0.730146052701917,0.));
#4499=DIRECTION('center_axis',(-0.707106781186542,0.,-0.707106781186553));
#4500=DIRECTION('ref_axis',(-0.707106781186553,0.,0.707106781186542));
#4501=DIRECTION('',(-0.564166739938013,0.60285303274964,0.564166739938005));
#4502=DIRECTION('',(0.,-1.,0.));
#4503=DIRECTION('',(0.593517421305669,0.54357533168214,-0.59351742130566));
#4504=DIRECTION('center_axis',(0.,0.,1.));
#4505=DIRECTION('ref_axis',(1.,0.,0.));
#4506=DIRECTION('',(0.683291110525967,-0.730146052701917,0.));
#4507=DIRECTION('',(1.96779069516852E-14,1.,0.));
#4508=DIRECTION('',(-0.737452572173203,-0.675398921967697,0.));
#4509=DIRECTION('center_axis',(-0.707106781186542,0.,-0.707106781186553));
#4510=DIRECTION('ref_axis',(-0.707106781186553,0.,0.707106781186542));
#4511=DIRECTION('',(-0.564166739938019,0.602853032749629,0.564166739938011));
#4512=DIRECTION('',(0.,-1.,0.));
#4513=DIRECTION('',(0.593517421305671,0.543575331682135,-0.593517421305663));
#4514=DIRECTION('center_axis',(0.,0.,1.));
#4515=DIRECTION('ref_axis',(1.,0.,0.));
#4516=DIRECTION('',(-0.683291110525978,0.730146052701907,0.));
#4517=DIRECTION('',(1.96779069516852E-14,1.,0.));
#4518=DIRECTION('',(0.737452572173208,0.675398921967692,0.));
#4519=DIRECTION('center_axis',(-0.707106781186542,0.,-0.707106781186553));
#4520=DIRECTION('ref_axis',(-0.707106781186553,0.,0.707106781186542));
#4521=DIRECTION('',(-0.564166739938019,0.602853032749629,0.564166739938011));
#4522=DIRECTION('',(0.,-1.,0.));
#4523=DIRECTION('',(0.593517421305669,0.54357533168214,-0.59351742130566));
#4524=DIRECTION('center_axis',(0.,0.,1.));
#4525=DIRECTION('ref_axis',(1.,0.,0.));
#4526=DIRECTION('',(-0.683291110525978,0.730146052701907,0.));
#4527=DIRECTION('',(1.96779069516852E-14,1.,0.));
#4528=DIRECTION('',(0.737452572173203,0.675398921967697,0.));
#4529=DIRECTION('center_axis',(0.857492925712544,-1.44304429578329E-16,
-0.514495755427527));
#4530=DIRECTION('ref_axis',(-0.514495755427527,0.,-0.857492925712544));
#4531=DIRECTION('',(1.68286437416866E-16,1.,0.));
#4532=DIRECTION('',(0.457495710997814,-0.457495710997815,0.762492851663023));
#4533=DIRECTION('',(1.68286437416866E-16,1.,0.));
#4534=DIRECTION('',(0.457495710997814,0.457495710997815,0.762492851663023));
#4535=DIRECTION('center_axis',(1.82202562598901E-17,-0.857492925712544,
-0.514495755427526));
#4536=DIRECTION('ref_axis',(-1.,0.,-3.54138125877243E-17));
#4537=DIRECTION('',(1.,2.12482875526346E-17,0.));
#4538=DIRECTION('',(-0.457495710997811,-0.457495710997813,0.762492851663025));
#4539=DIRECTION('',(1.,2.12482875526346E-17,0.));
#4540=DIRECTION('center_axis',(-0.857492925712544,-9.36375409708269E-15,
-0.514495755427527));
#4541=DIRECTION('ref_axis',(-0.514495755427527,0.,0.857492925712544));
#4542=DIRECTION('',(1.091991993905E-14,-1.,0.));
#4543=DIRECTION('',(-0.457495710997819,0.457495710997814,0.762492851663021));
#4544=DIRECTION('',(1.091991993905E-14,-1.,0.));
#4545=DIRECTION('center_axis',(0.,0.857492925712544,-0.514495755427527));
#4546=DIRECTION('ref_axis',(-1.,0.,0.));
#4547=DIRECTION('',(-1.,0.,0.));
#4548=DIRECTION('',(-1.,0.,0.));
#4549=DIRECTION('center_axis',(0.,0.,-1.));
#4550=DIRECTION('ref_axis',(-1.,0.,0.));
#4551=DIRECTION('',(1.77991667274574E-16,1.,0.));
#4552=DIRECTION('',(1.,2.00945343823558E-17,0.));
#4553=DIRECTION('',(1.06795000364744E-14,-1.,0.));
#4554=DIRECTION('',(-1.,0.,0.));
#4555=DIRECTION('center_axis',(-0.707106781186534,1.39143814450942E-14,
0.707106781186561));
#4556=DIRECTION('ref_axis',(0.707106781186561,0.,0.707106781186534));
#4557=DIRECTION('',(-0.593517421305678,-0.543575331682148,-0.593517421305644));
#4558=DIRECTION('',(1.96779069516852E-14,1.,0.));
#4559=DIRECTION('',(0.564166739938019,-0.602853032749629,0.56416673993801));
#4560=DIRECTION('',(-1.96779069516852E-14,-1.,0.));
#4561=DIRECTION('center_axis',(0.675398921967697,-0.737452572173203,0.));
#4562=DIRECTION('ref_axis',(-0.737452572173203,-0.675398921967697,0.));
#4563=DIRECTION('',(-0.737452572173203,-0.675398921967697,0.));
#4564=DIRECTION('',(0.593517421305678,0.543575331682148,-0.593517421305644));
#4565=DIRECTION('',(0.,0.,-1.));
#4566=DIRECTION('center_axis',(0.,0.,1.));
#4567=DIRECTION('ref_axis',(1.,0.,0.));
#4568=DIRECTION('',(0.683291110525978,-0.730146052701907,0.));
#4569=DIRECTION('',(-0.737452572173208,-0.675398921967692,0.));
#4570=DIRECTION('',(-1.96779069516852E-14,-1.,0.));
#4571=DIRECTION('',(0.683291110525978,-0.730146052701907,0.));
#4572=DIRECTION('',(-0.737452572173203,-0.675398921967697,0.));
#4573=DIRECTION('',(-1.96779069516852E-14,-1.,0.));
#4574=DIRECTION('',(0.683291110525967,-0.730146052701917,0.));
#4575=DIRECTION('',(-1.,0.,0.));
#4576=DIRECTION('',(-2.00615248802903E-16,-1.,0.));
#4577=DIRECTION('',(0.683291110525967,0.730146052701917,0.));
#4578=DIRECTION('',(6.1493459224016E-16,1.,0.));
#4579=DIRECTION('',(-0.737452572173208,0.675398921967691,0.));
#4580=DIRECTION('',(-2.00615248802903E-16,-1.,0.));
#4581=DIRECTION('',(0.683291110525969,0.730146052701915,0.));
#4582=DIRECTION('',(6.1493459224016E-16,1.,0.));
#4583=DIRECTION('',(-0.737452572173207,0.675398921967692,0.));
#4584=DIRECTION('',(-2.00615248802903E-16,-1.,0.));
#4585=DIRECTION('',(0.683291110525965,0.730146052701919,0.));
#4586=DIRECTION('',(6.1493459224016E-16,1.,0.));
#4587=DIRECTION('',(-0.737452572173207,0.675398921967692,0.));
#4588=DIRECTION('',(-2.00615248802903E-16,-1.,0.));
#4589=DIRECTION('',(1.,0.,0.));
#4590=DIRECTION('center_axis',(-0.707106781186534,1.39143814450942E-14,
-0.707106781186561));
#4591=DIRECTION('ref_axis',(-0.707106781186561,0.,0.707106781186534));
#4592=DIRECTION('',(-0.564166739938019,0.602853032749629,0.56416673993801));
#4593=DIRECTION('',(-1.96779069516852E-14,-1.,0.));
#4594=DIRECTION('center_axis',(0.730146052701907,0.683291110525978,0.));
#4595=DIRECTION('ref_axis',(0.683291110525978,-0.730146052701907,0.));
#4596=DIRECTION('',(0.,0.,1.));
#4597=DIRECTION('center_axis',(-0.707106781186534,1.39143814450942E-14,
0.707106781186561));
#4598=DIRECTION('ref_axis',(0.707106781186561,0.,0.707106781186534));
#4599=DIRECTION('',(-0.59351742130568,-0.543575331682143,-0.593517421305647));
#4600=DIRECTION('',(1.96779069516852E-14,1.,0.));
#4601=DIRECTION('',(0.564166739938019,-0.602853032749629,0.56416673993801));
#4602=DIRECTION('center_axis',(0.675398921967692,-0.737452572173208,0.));
#4603=DIRECTION('ref_axis',(-0.737452572173208,-0.675398921967692,0.));
#4604=DIRECTION('',(0.59351742130568,0.543575331682143,-0.593517421305647));
#4605=DIRECTION('',(0.,0.,-1.));
#4606=DIRECTION('center_axis',(-0.707106781186534,1.39143814450942E-14,
-0.707106781186561));
#4607=DIRECTION('ref_axis',(-0.707106781186561,0.,0.707106781186534));
#4608=DIRECTION('',(-0.564166739938019,0.602853032749629,0.56416673993801));
#4609=DIRECTION('',(-1.96779069516852E-14,-1.,0.));
#4610=DIRECTION('center_axis',(0.730146052701907,0.683291110525978,0.));
#4611=DIRECTION('ref_axis',(0.683291110525978,-0.730146052701907,0.));
#4612=DIRECTION('',(0.,0.,1.));
#4613=DIRECTION('center_axis',(-0.707106781186534,1.39143814450942E-14,
0.707106781186561));
#4614=DIRECTION('ref_axis',(0.707106781186561,0.,0.707106781186534));
#4615=DIRECTION('',(0.564166739938013,-0.602853032749641,0.564166739938004));
#4616=DIRECTION('',(-0.593517421305678,-0.543575331682148,-0.593517421305644));
#4617=DIRECTION('',(1.96779069516852E-14,1.,0.));
#4618=DIRECTION('center_axis',(0.730146052701917,0.683291110525967,0.));
#4619=DIRECTION('ref_axis',(0.683291110525967,-0.730146052701917,0.));
#4620=DIRECTION('',(0.,0.,-1.));
#4621=DIRECTION('',(-0.564166739938013,0.602853032749641,0.564166739938004));
#4622=DIRECTION('center_axis',(1.,-1.96779069516852E-14,0.));
#4623=DIRECTION('ref_axis',(-1.96779069516852E-14,-1.,0.));
#4624=DIRECTION('',(0.,0.,-1.));
#4625=DIRECTION('',(-1.96779069516852E-14,-1.,0.));
#4626=DIRECTION('center_axis',(-0.707106781186534,1.39143814450942E-14,
-0.707106781186561));
#4627=DIRECTION('ref_axis',(-0.707106781186561,0.,0.707106781186534));
#4628=DIRECTION('',(0.593517421305678,0.543575331682148,-0.593517421305644));
#4629=DIRECTION('center_axis',(0.675398921967697,-0.737452572173203,0.));
#4630=DIRECTION('ref_axis',(-0.737452572173203,-0.675398921967697,0.));
#4631=DIRECTION('center_axis',(0.70710678118655,-4.34824420159203E-16,0.707106781186545));
#4632=DIRECTION('ref_axis',(0.707106781186545,0.,-0.70710678118655));
#4633=DIRECTION('',(0.564166739938009,0.602853032749636,-0.564166739938012));
#4634=DIRECTION('',(-6.1493459224016E-16,-1.,0.));
#4635=DIRECTION('',(-0.593517421305667,0.54357533168213,0.593517421305671));
#4636=DIRECTION('center_axis',(-0.675398921967691,-0.737452572173208,0.));
#4637=DIRECTION('ref_axis',(-0.737452572173208,0.675398921967691,0.));
#4638=DIRECTION('',(0.,0.,1.));
#4639=DIRECTION('',(0.593517421305664,-0.543575331682127,0.593517421305677));
#4640=DIRECTION('',(0.,0.,1.));
#4641=DIRECTION('center_axis',(-1.,6.1493459224016E-16,0.));
#4642=DIRECTION('ref_axis',(6.1493459224016E-16,1.,0.));
#4643=DIRECTION('',(0.,0.,-1.));
#4644=DIRECTION('',(6.1493459224016E-16,1.,0.));
#4645=DIRECTION('center_axis',(0.707106781186555,-4.34824420159206E-16,
-0.70710678118654));
#4646=DIRECTION('ref_axis',(-0.70710678118654,0.,-0.707106781186555));
#4647=DIRECTION('',(-0.564166739938006,-0.602853032749634,-0.564166739938018));
#4648=DIRECTION('center_axis',(-0.730146052701917,0.683291110525967,0.));
#4649=DIRECTION('ref_axis',(0.683291110525967,0.730146052701917,0.));
#4650=DIRECTION('',(0.,0.,-1.));
#4651=DIRECTION('center_axis',(0.70710678118655,-4.34824420159203E-16,0.707106781186545));
#4652=DIRECTION('ref_axis',(0.707106781186545,0.,-0.70710678118655));
#4653=DIRECTION('',(-0.593517421305667,0.543575331682131,0.593517421305671));
#4654=DIRECTION('',(0.564166739938008,0.602853032749639,-0.564166739938011));
#4655=DIRECTION('',(-6.1493459224016E-16,-1.,0.));
#4656=DIRECTION('center_axis',(-0.730146052701919,0.683291110525965,0.));
#4657=DIRECTION('ref_axis',(0.683291110525965,0.730146052701919,0.));
#4658=DIRECTION('',(0.,0.,-1.));
#4659=DIRECTION('',(-0.564166739938005,-0.602853032749636,-0.564166739938017));
#4660=DIRECTION('',(0.,0.,-1.));
#4661=DIRECTION('center_axis',(0.707106781186555,-4.34824420159206E-16,
-0.70710678118654));
#4662=DIRECTION('ref_axis',(-0.70710678118654,0.,-0.707106781186555));
#4663=DIRECTION('',(0.593517421305664,-0.543575331682128,0.593517421305677));
#4664=DIRECTION('',(6.1493459224016E-16,1.,0.));
#4665=DIRECTION('center_axis',(-0.675398921967692,-0.737452572173207,0.));
#4666=DIRECTION('ref_axis',(-0.737452572173207,0.675398921967692,0.));
#4667=DIRECTION('',(0.,0.,1.));
#4668=DIRECTION('',(0.,0.,1.));
#4669=DIRECTION('center_axis',(0.70710678118655,-4.34824420159203E-16,0.707106781186545));
#4670=DIRECTION('ref_axis',(0.707106781186545,0.,-0.70710678118655));
#4671=DIRECTION('',(-0.593517421305667,0.543575331682131,0.593517421305671));
#4672=DIRECTION('',(0.56416673993801,0.602853032749635,-0.564166739938013));
#4673=DIRECTION('',(-6.1493459224016E-16,-1.,0.));
#4674=DIRECTION('center_axis',(-0.730146052701915,0.683291110525969,0.));
#4675=DIRECTION('ref_axis',(0.683291110525969,0.730146052701915,0.));
#4676=DIRECTION('',(0.,0.,-1.));
#4677=DIRECTION('',(-0.564166739938007,-0.602853032749632,-0.564166739938019));
#4678=DIRECTION('',(0.,0.,1.));
#4679=DIRECTION('center_axis',(0.707106781186555,-4.34824420159206E-16,
-0.70710678118654));
#4680=DIRECTION('ref_axis',(-0.70710678118654,0.,-0.707106781186555));
#4681=DIRECTION('',(0.593517421305664,-0.543575331682128,0.593517421305677));
#4682=DIRECTION('',(6.1493459224016E-16,1.,0.));
#4683=DIRECTION('center_axis',(-0.675398921967692,-0.737452572173207,0.));
#4684=DIRECTION('ref_axis',(-0.737452572173207,0.675398921967692,0.));
#4685=DIRECTION('',(0.,0.,1.));
#4686=DIRECTION('',(0.,0.,1.));
#4687=DIRECTION('center_axis',(-1.,6.1493459224016E-16,0.));
#4688=DIRECTION('ref_axis',(6.1493459224016E-16,1.,0.));
#4689=DIRECTION('center_axis',(-1.,6.1493459224016E-16,0.));
#4690=DIRECTION('ref_axis',(6.1493459224016E-16,1.,0.));
#4691=DIRECTION('center_axis',(1.,-1.96779069516852E-14,0.));
#4692=DIRECTION('ref_axis',(-1.96779069516852E-14,-1.,0.));
#4693=DIRECTION('center_axis',(1.,-1.96779069516852E-14,0.));
#4694=DIRECTION('ref_axis',(-1.96779069516852E-14,-1.,0.));
#4695=DIRECTION('center_axis',(1.,-2.00615248802903E-16,0.));
#4696=DIRECTION('ref_axis',(2.00615248802903E-16,1.,0.));
#4697=DIRECTION('',(0.,0.,1.));
#4698=DIRECTION('',(0.,0.,1.));
#4699=DIRECTION('center_axis',(0.,1.,0.));
#4700=DIRECTION('ref_axis',(-1.,0.,0.));
#4701=DIRECTION('center_axis',(0.,-1.,0.));
#4702=DIRECTION('ref_axis',(1.,0.,0.));
#4703=DIRECTION('center_axis',(0.,-1.,0.));
#4704=DIRECTION('ref_axis',(-1.,0.,0.));
#4705=DIRECTION('',(0.,0.,1.));
#4706=DIRECTION('',(0.,0.,1.));
#4707=DIRECTION('center_axis',(1.,1.06795000364744E-14,0.));
#4708=DIRECTION('ref_axis',(1.06795000364744E-14,-1.,0.));
#4709=DIRECTION('',(0.,0.,1.));
#4710=DIRECTION('center_axis',(-2.00945343823558E-17,1.,0.));
#4711=DIRECTION('ref_axis',(1.,2.00945343823558E-17,0.));
#4712=DIRECTION('',(0.,0.,-1.));
#4713=DIRECTION('center_axis',(-1.,1.77991667274574E-16,0.));
#4714=DIRECTION('ref_axis',(1.77991667274574E-16,1.,0.));
#4715=CARTESIAN_POINT('',(0.,0.,0.));
#4716=CARTESIAN_POINT('Origin',(186.900000000001,-53.1641345888332,0.15));
#4717=CARTESIAN_POINT('',(186.750000000002,-2.50769744412887,0.));
#4718=CARTESIAN_POINT('',(187.050000000002,-2.82826917766419,0.3));
#4719=CARTESIAN_POINT('',(195.16222618902,-11.4967705518113,8.41222618901821));
#4720=CARTESIAN_POINT('',(187.050000000001,-10.0499999999989,0.3));
#4721=CARTESIAN_POINT('',(187.050000000001,-53.1641345888332,0.3));
#4722=CARTESIAN_POINT('',(186.750000000001,-10.3247562138029,0.));
#4723=CARTESIAN_POINT('',(180.165680727172,-16.3550316600665,-6.58431927282879));
#4724=CARTESIAN_POINT('',(186.750000000001,-53.1641345888332,0.));
#4725=CARTESIAN_POINT('Origin',(77.5000000000013,-103.5,0.));
#4726=CARTESIAN_POINT('',(185.550000000001,-11.4237810690188,0.));
#4727=CARTESIAN_POINT('',(187.050000000001,-10.0499999999989,0.));
#4728=CARTESIAN_POINT('',(185.550000000003,-96.2254105099877,0.));
#4729=CARTESIAN_POINT('',(185.550000000002,-164.374999999999,0.));
#4730=CARTESIAN_POINT('',(186.750000000003,-97.5076974441289,0.));
#4731=CARTESIAN_POINT('',(187.050000000003,-97.8282691776642,0.));
#4732=CARTESIAN_POINT('',(186.750000000002,-105.324756213803,0.));
#4733=CARTESIAN_POINT('',(186.750000000003,-100.664134588833,0.));
#4734=CARTESIAN_POINT('',(185.550000000002,-106.423781069019,0.));
#4735=CARTESIAN_POINT('',(187.050000000002,-105.049999999999,0.));
#4736=CARTESIAN_POINT('',(185.550000000004,-191.225410509988,0.));
#4737=CARTESIAN_POINT('',(185.550000000002,-164.374999999999,0.));
#4738=CARTESIAN_POINT('',(186.750000000004,-192.507697444129,0.));
#4739=CARTESIAN_POINT('',(187.050000000004,-192.828269177664,0.));
#4740=CARTESIAN_POINT('',(186.750000000003,-200.324756213803,0.));
#4741=CARTESIAN_POINT('',(186.750000000004,-148.164134588833,0.));
#4742=CARTESIAN_POINT('',(185.550000000003,-201.423781069019,0.));
#4743=CARTESIAN_POINT('',(187.050000000003,-200.049999999999,0.));
#4744=CARTESIAN_POINT('',(185.550000000003,-225.05,0.));
#4745=CARTESIAN_POINT('',(185.550000000002,-164.374999999999,0.));
#4746=CARTESIAN_POINT('',(-29.8,-225.05,0.));
#4747=CARTESIAN_POINT('',(23.7500000000006,-225.05,0.));
#4748=CARTESIAN_POINT('',(-29.8,-201.42378106902,0.));
#4749=CARTESIAN_POINT('',(-29.8,-42.625,0.));
#4750=CARTESIAN_POINT('',(-31.,-200.324756213804,0.));
#4751=CARTESIAN_POINT('',(-31.3,-200.05,0.));
#4752=CARTESIAN_POINT('',(-31.,-192.50769744413,0.));
#4753=CARTESIAN_POINT('',(-31.,-151.775,0.));
#4754=CARTESIAN_POINT('',(-29.8,-191.225410509989,0.));
#4755=CARTESIAN_POINT('',(-31.3,-192.828269177665,0.));
#4756=CARTESIAN_POINT('',(-29.8,-106.42378106902,0.));
#4757=CARTESIAN_POINT('',(-29.8,-42.625,0.));
#4758=CARTESIAN_POINT('',(-31.,-105.324756213804,0.));
#4759=CARTESIAN_POINT('',(-31.3,-105.05,0.));
#4760=CARTESIAN_POINT('',(-31.,-97.50769744413,0.));
#4761=CARTESIAN_POINT('',(-31.,-104.275,0.));
#4762=CARTESIAN_POINT('',(-29.8,-96.2254105099888,0.));
#4763=CARTESIAN_POINT('',(-31.3,-97.8282691776653,0.));
#4764=CARTESIAN_POINT('',(-29.8,-11.4237810690199,0.));
#4765=CARTESIAN_POINT('',(-29.8,-42.625,0.));
#4766=CARTESIAN_POINT('',(-31.,-10.324756213804,0.));
#4767=CARTESIAN_POINT('',(-31.3,-10.0500000000001,0.));
#4768=CARTESIAN_POINT('',(-31.,-2.50769744412999,0.));
#4769=CARTESIAN_POINT('',(-31.,-56.775,0.));
#4770=CARTESIAN_POINT('',(-29.8,-1.22541050998876,0.));
#4771=CARTESIAN_POINT('',(-31.3,-2.8282691776653,0.));
#4772=CARTESIAN_POINT('',(-29.8,18.05,0.));
#4773=CARTESIAN_POINT('',(-29.8,-42.625,0.));
#4774=CARTESIAN_POINT('',(185.55,18.05,0.));
#4775=CARTESIAN_POINT('',(131.250000000001,18.05,0.));
#4776=CARTESIAN_POINT('',(185.550000000002,-1.22541050998767,0.));
#4777=CARTESIAN_POINT('',(185.550000000002,-164.374999999999,0.));
#4778=CARTESIAN_POINT('',(187.050000000002,-2.82826917766419,0.));
#4779=CARTESIAN_POINT('',(-0.999999999999996,0.999999999999996,0.));
#4780=CARTESIAN_POINT('',(156.,0.999999999999996,0.));
#4781=CARTESIAN_POINT('',(38.7500000000006,0.999999999999996,0.));
#4782=CARTESIAN_POINT('',(-0.999999999999996,-208.,0.));
#4783=CARTESIAN_POINT('',(-0.999999999999996,-155.25,0.));
#4784=CARTESIAN_POINT('',(156.,-208.,0.));
#4785=CARTESIAN_POINT('',(116.250000000001,-208.,0.));
#4786=CARTESIAN_POINT('',(156.,-51.75,0.));
#4787=CARTESIAN_POINT('Origin',(187.050000000001,-10.0499999999989,1.));
#4788=CARTESIAN_POINT('',(187.050000000001,-10.0499999999989,0.7));
#4789=CARTESIAN_POINT('',(187.050000000001,-10.0499999999989,1.));
#4790=CARTESIAN_POINT('',(186.750000000001,-10.3247562138029,1.));
#4791=CARTESIAN_POINT('',(179.989549262476,-16.5163423746391,7.76045073752545));
#4792=CARTESIAN_POINT('',(185.550000000001,-11.4237810690188,1.));
#4793=CARTESIAN_POINT('',(187.050000000001,-10.0499999999989,1.));
#4794=CARTESIAN_POINT('',(185.55,-11.4237810690199,0.5));
#4795=CARTESIAN_POINT('Origin',(186.900000000001,-53.1641345888332,0.85));
#4796=CARTESIAN_POINT('',(187.050000000002,-2.82826917766419,0.7));
#4797=CARTESIAN_POINT('',(186.750000000002,-2.50769744412887,1.));
#4798=CARTESIAN_POINT('',(195.003084133794,-11.3267157367372,-7.25308413379208));
#4799=CARTESIAN_POINT('',(186.750000000001,-53.1641345888332,1.));
#4800=CARTESIAN_POINT('',(187.050000000001,-53.1641345888332,0.7));
#4801=CARTESIAN_POINT('Origin',(77.5000000000013,-103.5,1.));
#4802=CARTESIAN_POINT('',(185.550000000002,-1.22541050998767,1.));
#4803=CARTESIAN_POINT('',(187.050000000002,-2.82826917766419,1.));
#4804=CARTESIAN_POINT('',(185.55,18.05,1.));
#4805=CARTESIAN_POINT('',(185.550000000002,-164.374999999999,1.));
#4806=CARTESIAN_POINT('',(-29.8,18.05,1.));
#4807=CARTESIAN_POINT('',(184.8,18.05,1.));
#4808=CARTESIAN_POINT('',(-29.8,-1.22541050998876,1.));
#4809=CARTESIAN_POINT('',(-29.8,-42.625,1.));
#4810=CARTESIAN_POINT('',(-31.,-2.50769744412999,1.));
#4811=CARTESIAN_POINT('',(-31.3,-2.8282691776653,1.));
#4812=CARTESIAN_POINT('',(-31.,-10.324756213804,1.));
#4813=CARTESIAN_POINT('',(-31.,-56.775,1.));
#4814=CARTESIAN_POINT('',(-29.8,-11.4237810690199,1.));
#4815=CARTESIAN_POINT('',(-31.3,-10.0500000000001,1.));
#4816=CARTESIAN_POINT('',(-29.8,-96.2254105099888,1.));
#4817=CARTESIAN_POINT('',(-29.8,-42.625,1.));
#4818=CARTESIAN_POINT('',(-31.,-97.50769744413,1.));
#4819=CARTESIAN_POINT('',(-31.3,-97.8282691776653,1.));
#4820=CARTESIAN_POINT('',(-31.,-105.324756213804,1.));
#4821=CARTESIAN_POINT('',(-31.,-104.275,1.));
#4822=CARTESIAN_POINT('',(-29.8,-106.42378106902,1.));
#4823=CARTESIAN_POINT('',(-31.3,-105.05,1.));
#4824=CARTESIAN_POINT('',(-29.8,-191.225410509989,1.));
#4825=CARTESIAN_POINT('',(-29.8,-42.625,1.));
#4826=CARTESIAN_POINT('',(-31.,-192.50769744413,1.));
#4827=CARTESIAN_POINT('',(-31.3,-192.828269177665,1.));
#4828=CARTESIAN_POINT('',(-31.,-200.324756213804,1.));
#4829=CARTESIAN_POINT('',(-31.,-151.775,1.));
#4830=CARTESIAN_POINT('',(-29.8,-201.42378106902,1.));
#4831=CARTESIAN_POINT('',(-31.3,-200.05,1.));
#4832=CARTESIAN_POINT('',(-29.8,-225.05,1.));
#4833=CARTESIAN_POINT('',(-29.8,-42.625,1.));
#4834=CARTESIAN_POINT('',(185.550000000003,-225.05,1.));
#4835=CARTESIAN_POINT('',(23.7500000000006,-225.05,1.));
#4836=CARTESIAN_POINT('',(185.550000000003,-201.423781069019,1.));
#4837=CARTESIAN_POINT('',(185.550000000002,-164.374999999999,1.));
#4838=CARTESIAN_POINT('',(186.750000000003,-200.324756213803,1.));
#4839=CARTESIAN_POINT('',(187.050000000003,-200.049999999999,1.));
#4840=CARTESIAN_POINT('',(186.750000000004,-192.507697444129,1.));
#4841=CARTESIAN_POINT('',(186.750000000004,-148.164134588833,1.));
#4842=CARTESIAN_POINT('',(185.550000000004,-191.225410509988,1.));
#4843=CARTESIAN_POINT('',(187.050000000004,-192.828269177664,1.));
#4844=CARTESIAN_POINT('',(185.550000000002,-106.423781069019,1.));
#4845=CARTESIAN_POINT('',(185.550000000002,-164.374999999999,1.));
#4846=CARTESIAN_POINT('',(186.750000000002,-105.324756213803,1.));
#4847=CARTESIAN_POINT('',(187.050000000002,-105.049999999999,1.));
#4848=CARTESIAN_POINT('',(186.750000000003,-97.5076974441289,1.));
#4849=CARTESIAN_POINT('',(186.750000000003,-100.664134588833,1.));
#4850=CARTESIAN_POINT('',(185.550000000003,-96.2254105099877,1.));
#4851=CARTESIAN_POINT('',(187.050000000003,-97.8282691776642,1.));
#4852=CARTESIAN_POINT('',(185.550000000002,-164.374999999999,1.));
#4853=CARTESIAN_POINT('',(-16.4999999999791,-95.99999999997,1.));
#4854=CARTESIAN_POINT('',(-11.4999999999957,-95.9999999999683,1.));
#4855=CARTESIAN_POINT('',(33.0000000000048,-95.9999999999976,1.));
#4856=CARTESIAN_POINT('',(-11.5000000000213,-110.999999999973,1.));
#4857=CARTESIAN_POINT('',(-11.5000000000149,-107.249999999911,1.));
#4858=CARTESIAN_POINT('',(-16.4999999999799,-110.999999999978,1.));
#4859=CARTESIAN_POINT('',(31.5000000000149,-110.999999999924,1.));
#4860=CARTESIAN_POINT('',(-16.4999999999793,-99.7499999999829,1.));
#4861=CARTESIAN_POINT('',(-11.5000000000063,-0.74999999997533,1.));
#4862=CARTESIAN_POINT('',(-16.5000000000063,-0.749999999975337,1.));
#4863=CARTESIAN_POINT('',(31.4999999999975,-0.749999999975337,1.));
#4864=CARTESIAN_POINT('',(-16.5000000000063,16.2500000000239,1.));
#4865=CARTESIAN_POINT('',(-16.5000000000063,-44.6249999999876,1.));
#4866=CARTESIAN_POINT('',(3.49999999998191,16.2500000000318,1.));
#4867=CARTESIAN_POINT('',(40.4999999999688,16.2500000000465,1.));
#4868=CARTESIAN_POINT('',(3.49999999998851,11.2500000000318,1.));
#4869=CARTESIAN_POINT('',(3.50000000006435,-46.125000000033,1.));
#4870=CARTESIAN_POINT('',(-11.5000000000115,11.2500000000507,1.));
#4871=CARTESIAN_POINT('',(33.0000000000671,11.2499999999947,1.));
#4872=CARTESIAN_POINT('',(-11.499999999875,-52.1250000001014,1.));
#4873=CARTESIAN_POINT('',(3.49999999999456,-218.249999999992,1.));
#4874=CARTESIAN_POINT('',(3.50000000000915,-223.249999999992,1.));
#4875=CARTESIAN_POINT('',(3.49999999983156,-162.375000000104,1.));
#4876=CARTESIAN_POINT('',(-16.5000000000091,-223.25000000005,1.));
#4877=CARTESIAN_POINT('',(31.5000000001707,-223.249999999911,1.));
#4878=CARTESIAN_POINT('',(-16.5000000000176,-206.250000000043,1.));
#4879=CARTESIAN_POINT('',(-16.500000000043,-154.875000000043,1.));
#4880=CARTESIAN_POINT('',(-11.5000000000175,-206.250000000032,1.));
#4881=CARTESIAN_POINT('',(33.0000000001014,-206.249999999937,1.));
#4882=CARTESIAN_POINT('',(-11.5000000000054,-218.249999999991,1.));
#4883=CARTESIAN_POINT('',(-11.5000000000635,-160.875000000041,1.));
#4884=CARTESIAN_POINT('',(40.4999999999957,-218.249999999993,1.));
#4885=CARTESIAN_POINT('',(155.,-207.,1.));
#4886=CARTESIAN_POINT('',(0.,-207.,1.));
#4887=CARTESIAN_POINT('',(155.,-207.,1.));
#4888=CARTESIAN_POINT('',(0.,0.,1.));
#4889=CARTESIAN_POINT('',(0.,-207.,1.));
#4890=CARTESIAN_POINT('',(155.,0.,1.));
#4891=CARTESIAN_POINT('',(0.,0.,1.));
#4892=CARTESIAN_POINT('',(155.,0.,1.));
#4893=CARTESIAN_POINT('',(182.,16.2500000000084,1.));
#4894=CARTESIAN_POINT('',(182.,11.2500000000087,1.));
#4895=CARTESIAN_POINT('',(182.000000000001,-46.1249999999951,1.));
#4896=CARTESIAN_POINT('',(167.,11.2500000000087,1.));
#4897=CARTESIAN_POINT('',(122.250000000092,11.2500000001039,1.));
#4898=CARTESIAN_POINT('',(167.,16.2500000000084,1.));
#4899=CARTESIAN_POINT('',(167.,-44.6249999999958,1.));
#4900=CARTESIAN_POINT('',(129.750000000001,16.2500000000084,1.));
#4901=CARTESIAN_POINT('',(94.4999999999938,16.2500000000087,1.));
#4902=CARTESIAN_POINT('',(94.4999999999938,11.2500000000087,1.));
#4903=CARTESIAN_POINT('',(94.4999999999938,-46.1249999999957,1.));
#4904=CARTESIAN_POINT('',(79.4999999999938,11.2500000000374,1.));
#4905=CARTESIAN_POINT('',(78.5000000001073,11.2500000000393,1.));
#4906=CARTESIAN_POINT('',(79.499999999996,16.2500000000003,1.));
#4907=CARTESIAN_POINT('',(79.4999999999331,-44.6250000000009,1.));
#4908=CARTESIAN_POINT('',(85.9999999999636,16.2500000000039,1.));
#4909=CARTESIAN_POINT('',(79.5000000000041,-223.25000000001,1.));
#4910=CARTESIAN_POINT('',(79.4999999999946,-218.249999999995,1.));
#4911=CARTESIAN_POINT('',(79.50000000001,-160.874999999998,1.));
#4912=CARTESIAN_POINT('',(94.499999999998,-218.249999999996,1.));
#4913=CARTESIAN_POINT('',(85.9999999999975,-218.249999999995,1.));
#4914=CARTESIAN_POINT('',(94.4999999999757,-223.249999999996,1.));
#4915=CARTESIAN_POINT('',(94.5000000002475,-162.375000000036,1.));
#4916=CARTESIAN_POINT('',(78.5000000000619,-223.250000000011,1.));
#4917=CARTESIAN_POINT('',(166.999999999979,-223.24999999997,1.));
#4918=CARTESIAN_POINT('',(167.000000000002,-218.249999999996,1.));
#4919=CARTESIAN_POINT('',(166.999999999976,-160.874999999996,1.));
#4920=CARTESIAN_POINT('',(182.000000000003,-218.249999999999,1.));
#4921=CARTESIAN_POINT('',(129.749999999989,-218.249999999988,1.));
#4922=CARTESIAN_POINT('',(181.999999999979,-223.25,1.));
#4923=CARTESIAN_POINT('',(182.000000000267,-162.375000000247,1.));
#4924=CARTESIAN_POINT('',(122.249999999869,-223.249999999881,1.));
#4925=CARTESIAN_POINT('Origin',(186.900000000003,-100.664134588833,0.15));
#4926=CARTESIAN_POINT('',(187.050000000002,-105.049999999999,0.3));
#4927=CARTESIAN_POINT('',(187.827939669376,-104.337520806249,1.07793966937344));
#4928=CARTESIAN_POINT('',(187.050000000003,-97.8282691776642,0.3));
#4929=CARTESIAN_POINT('',(187.084622473003,-97.8652657982948,0.334622473000919));
#4930=CARTESIAN_POINT('',(187.050000000003,-100.664134588833,0.3));
#4931=CARTESIAN_POINT('Origin',(187.050000000002,-105.049999999999,1.));
#4932=CARTESIAN_POINT('',(187.050000000002,-105.049999999999,0.7));
#4933=CARTESIAN_POINT('',(187.050000000002,-105.049999999999,1.));
#4934=CARTESIAN_POINT('',(187.651808204679,-104.498831520822,0.0981917953232404));
#4935=CARTESIAN_POINT('',(185.550000000001,-106.42378106902,0.5));
#4936=CARTESIAN_POINT('Origin',(186.900000000003,-100.664134588833,0.85));
#4937=CARTESIAN_POINT('',(187.050000000003,-97.8282691776642,0.7));
#4938=CARTESIAN_POINT('',(186.925480417777,-97.6952109832207,0.824519582225257));
#4939=CARTESIAN_POINT('',(187.050000000003,-100.664134588833,0.7));
#4940=CARTESIAN_POINT('Origin',(186.900000000004,-148.164134588833,0.85));
#4941=CARTESIAN_POINT('',(187.050000000003,-200.049999999999,0.7));
#4942=CARTESIAN_POINT('',(195.314067146884,-192.481320667004,-7.56406714687867));
#4943=CARTESIAN_POINT('',(187.050000000004,-192.828269177664,0.7));
#4944=CARTESIAN_POINT('',(187.050000000004,-148.164134588833,0.7));
#4945=CARTESIAN_POINT('',(178.84787670176,-184.063706229704,8.9021232982422));
#4946=CARTESIAN_POINT('Origin',(185.550000000004,-191.225410509988,1.));
#4947=CARTESIAN_POINT('',(187.050000000004,-192.828269177664,0.3));
#4948=CARTESIAN_POINT('',(187.050000000004,-192.828269177664,1.));
#4949=CARTESIAN_POINT('',(179.007018756986,-184.233761044778,-7.74298124301609));
#4950=CARTESIAN_POINT('',(185.550000000002,-191.225410509986,0.5));
#4951=CARTESIAN_POINT('Origin',(186.900000000004,-148.164134588833,0.15));
#4952=CARTESIAN_POINT('',(187.050000000003,-200.049999999999,0.3));
#4953=CARTESIAN_POINT('',(195.49019861158,-192.320009952431,8.74019861157529));
#4954=CARTESIAN_POINT('',(187.050000000004,-148.164134588833,0.3));
#4955=CARTESIAN_POINT('Origin',(187.050000000003,-200.049999999999,1.));
#4956=CARTESIAN_POINT('',(185.550000000002,-201.42378106902,0.5));
#4957=CARTESIAN_POINT('',(187.050000000003,-200.049999999999,1.));
#4958=CARTESIAN_POINT('Origin',(-31.15,-151.775,0.15));
#4959=CARTESIAN_POINT('',(-31.3,-200.05,0.3));
#4960=CARTESIAN_POINT('',(-38.6719245289196,-193.298393093285,7.67192452891963));
#4961=CARTESIAN_POINT('',(-31.3,-192.828269177665,0.3));
#4962=CARTESIAN_POINT('',(-31.3,-151.775,0.3));
#4963=CARTESIAN_POINT('',(-24.3823507238973,-185.436259776234,-6.61764927610276));
#4964=CARTESIAN_POINT('Origin',(-31.3,-192.828269177665,1.));
#4965=CARTESIAN_POINT('',(-31.3,-192.828269177665,0.7));
#4966=CARTESIAN_POINT('',(-31.3,-192.828269177665,1.));
#4967=CARTESIAN_POINT('',(-24.2232086686711,-185.26620496116,7.7767913313289));
#4968=CARTESIAN_POINT('',(-29.8,-191.225410509989,0.5));
#4969=CARTESIAN_POINT('Origin',(-31.3,-200.05,1.));
#4970=CARTESIAN_POINT('',(-31.3,-200.05,0.7));
#4971=CARTESIAN_POINT('',(-31.3,-200.05,1.));
#4972=CARTESIAN_POINT('',(-31.3,-151.775,0.7));
#4973=CARTESIAN_POINT('Origin',(-31.15,-151.775,0.85));
#4974=CARTESIAN_POINT('',(-38.4957930642229,-193.459703807858,-6.49579306422296));
#4975=CARTESIAN_POINT('Origin',(-31.15,-104.275,0.15));
#4976=CARTESIAN_POINT('',(-31.3,-97.8282691776653,0.3));
#4977=CARTESIAN_POINT('',(-32.4599544399148,-99.0677645297502,1.45995443991477));
#4978=CARTESIAN_POINT('',(-31.3,-105.05,0.3));
#4979=CARTESIAN_POINT('',(-31.0096655867175,-105.315903947102,0.00966558671749579));
#4980=CARTESIAN_POINT('',(-31.3,-104.275,0.3));
#4981=CARTESIAN_POINT('Origin',(-31.3,-97.8282691776653,1.));
#4982=CARTESIAN_POINT('',(-31.3,-97.8282691776653,0.7));
#4983=CARTESIAN_POINT('',(-31.3,-97.8282691776653,1.));
#4984=CARTESIAN_POINT('',(-32.3008123846887,-98.8977097146761,-0.300812384688629));
#4985=CARTESIAN_POINT('',(-29.8,-96.2254105099887,0.5));
#4986=CARTESIAN_POINT('Origin',(-31.3,-105.05,1.));
#4987=CARTESIAN_POINT('',(-31.3,-105.05,0.7));
#4988=CARTESIAN_POINT('',(-31.3,-105.05,1.));
#4989=CARTESIAN_POINT('',(-31.3,-104.275,0.7));
#4990=CARTESIAN_POINT('Origin',(-31.15,-104.275,0.85));
#4991=CARTESIAN_POINT('',(-30.8335341220208,-105.477214661674,1.16646587797916));
#4992=CARTESIAN_POINT('Origin',(-31.15,-56.775,0.15));
#4993=CARTESIAN_POINT('',(-31.3,-2.8282691776653,0.3));
#4994=CARTESIAN_POINT('',(-40.5375581559323,-12.6992692832668,9.53755815593226));
#4995=CARTESIAN_POINT('',(-31.3,-10.0500000000001,0.3));
#4996=CARTESIAN_POINT('',(-23.3474066445154,-17.3334148009186,-7.65259335548459));
#4997=CARTESIAN_POINT('',(-31.3,-56.775,0.3));
#4998=CARTESIAN_POINT('Origin',(-31.3,-2.8282691776653,1.));
#4999=CARTESIAN_POINT('',(-31.3,-2.8282691776653,0.7));
#5000=CARTESIAN_POINT('',(-31.3,-2.8282691776653,1.));
#5001=CARTESIAN_POINT('',(-40.3784161007062,-12.5292144681928,-8.37841610070612));
#5002=CARTESIAN_POINT('',(-29.8,-1.22541050998872,0.5));
#5003=CARTESIAN_POINT('Origin',(-31.3,-10.0500000000001,1.));
#5004=CARTESIAN_POINT('',(-31.3,-10.0500000000001,0.7));
#5005=CARTESIAN_POINT('',(-31.3,-10.0500000000001,1.));
#5006=CARTESIAN_POINT('',(-31.3,-56.775,0.7));
#5007=CARTESIAN_POINT('Origin',(-31.15,-56.775,0.85));
#5008=CARTESIAN_POINT('',(-23.1712751798187,-17.4947255154912,8.82872482018125));
#5009=CARTESIAN_POINT('Origin',(-29.8,-106.42378106902,1.));
#5010=CARTESIAN_POINT('',(-29.8,-106.42378106902,0.5));
#5011=CARTESIAN_POINT('Origin',(-29.8,18.25,0.));
#5012=CARTESIAN_POINT('',(-29.8,-11.4237810690199,0.5));
#5013=CARTESIAN_POINT('Origin',(-29.8,18.25,0.));
#5014=CARTESIAN_POINT('Origin',(187.050000000003,-97.8282691776642,1.));
#5015=CARTESIAN_POINT('',(187.050000000003,-97.8282691776642,1.));
#5016=CARTESIAN_POINT('Origin',(185.550000000003,-96.2254105099877,1.));
#5017=CARTESIAN_POINT('',(185.550000000001,-96.2254105099859,0.5));
#5018=CARTESIAN_POINT('Origin',(185.550000000002,-225.25,0.));
#5019=CARTESIAN_POINT('Origin',(187.050000000004,-192.828269177664,1.));
#5020=CARTESIAN_POINT('Origin',(185.550000000002,-225.25,0.));
#5021=CARTESIAN_POINT('Origin',(185.550000000002,-225.25,0.));
#5022=CARTESIAN_POINT('',(185.550000000003,-225.05,0.));
#5023=CARTESIAN_POINT('Origin',(-29.8,-201.42378106902,1.));
#5024=CARTESIAN_POINT('',(-29.8,-201.42378106902,0.5));
#5025=CARTESIAN_POINT('Origin',(-29.8,18.25,0.));
#5026=CARTESIAN_POINT('',(-29.8,-225.05,0.));
#5027=CARTESIAN_POINT('Origin',(187.050000000002,-2.82826917766419,1.));
#5028=CARTESIAN_POINT('',(187.050000000002,-2.82826917766419,1.));
#5029=CARTESIAN_POINT('Origin',(185.550000000002,-1.22541050998767,1.));
#5030=CARTESIAN_POINT('',(185.55,-1.22541050998612,0.5));
#5031=CARTESIAN_POINT('Origin',(185.550000000002,-225.25,0.));
#5032=CARTESIAN_POINT('',(185.55,18.05,0.));
#5033=CARTESIAN_POINT('Origin',(-29.8,-11.4237810690199,1.));
#5034=CARTESIAN_POINT('Origin',(-29.8,18.25,0.));
#5035=CARTESIAN_POINT('',(-29.8,18.05,0.));
#5036=CARTESIAN_POINT('Origin',(133.624999999983,-215.499999999989,4.55));
#5037=CARTESIAN_POINT('',(167.000000000002,-218.249999999996,4.55));
#5038=CARTESIAN_POINT('',(167.000000000002,-215.499999999996,7.3));
#5039=CARTESIAN_POINT('Origin',(166.999999999979,-215.499999999996,4.55));
#5040=CARTESIAN_POINT('',(182.000000000012,-215.499999999999,7.3));
#5041=CARTESIAN_POINT('',(133.624999999983,-215.499999999989,7.3));
#5042=CARTESIAN_POINT('',(182.000000000003,-218.249999999999,4.55));
#5043=CARTESIAN_POINT('Origin',(181.99999999999,-215.499999999999,4.55));
#5044=CARTESIAN_POINT('',(133.624999999983,-218.249999999989,4.55));
#5045=CARTESIAN_POINT('Origin',(85.249999999988,-103.499999999974,7.3));
#5046=CARTESIAN_POINT('',(167.000000000002,-215.250000000059,7.3));
#5047=CARTESIAN_POINT('',(167.000000000003,-159.375000000017,7.3));
#5048=CARTESIAN_POINT('',(182.000000000012,-215.250000000059,7.3));
#5049=CARTESIAN_POINT('',(133.625,-215.250000000058,7.3));
#5050=CARTESIAN_POINT('',(182.000000000189,-160.875000000144,7.3));
#5051=CARTESIAN_POINT('Origin',(89.874999999991,-215.499999999996,4.55));
#5052=CARTESIAN_POINT('',(79.4999999999946,-218.249999999995,4.55));
#5053=CARTESIAN_POINT('',(79.4999999999947,-215.499999999995,7.3));
#5054=CARTESIAN_POINT('Origin',(79.5000000000047,-215.499999999995,4.55));
#5055=CARTESIAN_POINT('',(94.4999999999769,-215.499999999996,7.3));
#5056=CARTESIAN_POINT('',(89.874999999991,-215.499999999996,7.3));
#5057=CARTESIAN_POINT('',(94.499999999998,-218.249999999996,4.55));
#5058=CARTESIAN_POINT('Origin',(94.4999999999849,-215.499999999996,4.55));
#5059=CARTESIAN_POINT('',(89.8749999999909,-218.249999999996,4.55));
#5060=CARTESIAN_POINT('Origin',(85.249999999988,-103.499999999974,7.3));
#5061=CARTESIAN_POINT('',(79.4999999999947,-215.249999999998,7.3));
#5062=CARTESIAN_POINT('',(79.499999999996,-159.374999999986,7.3));
#5063=CARTESIAN_POINT('',(94.4999999999749,-215.249999999996,7.3));
#5064=CARTESIAN_POINT('',(89.8749999999903,-215.249999999996,7.3));
#5065=CARTESIAN_POINT('',(94.4999999995561,-160.874999999949,7.3));
#5066=CARTESIAN_POINT('Origin',(44.3749999999892,-215.499999999994,4.55));
#5067=CARTESIAN_POINT('',(-8.75000000000817,-215.499999999991,7.3));
#5068=CARTESIAN_POINT('',(3.49999999999427,-215.499999999992,7.3));
#5069=CARTESIAN_POINT('',(44.3749999999892,-215.499999999994,7.3));
#5070=CARTESIAN_POINT('',(3.49999999999456,-218.249999999992,4.55));
#5071=CARTESIAN_POINT('Origin',(3.50000000000354,-215.499999999992,4.55));
#5072=CARTESIAN_POINT('',(-11.5000000000054,-218.249999999991,4.55));
#5073=CARTESIAN_POINT('',(44.3749999999891,-218.249999999994,4.55));
#5074=CARTESIAN_POINT('Origin',(-8.75000000000817,-215.499999999991,4.55));
#5075=CARTESIAN_POINT('Origin',(-8.75000000006349,-160.875000000029,4.55));
#5076=CARTESIAN_POINT('',(-11.5000000000175,-206.250000000032,4.55));
#5077=CARTESIAN_POINT('',(-11.5000000000635,-160.875000000032,4.55));
#5078=CARTESIAN_POINT('',(-8.75000000001753,-206.250000000032,7.3));
#5079=CARTESIAN_POINT('Origin',(-8.75000000001753,-206.25000000003,4.55));
#5080=CARTESIAN_POINT('',(-8.75000000006349,-160.875000000029,7.3));
#5081=CARTESIAN_POINT('Origin',(85.249999999988,-103.499999999974,7.3));
#5082=CARTESIAN_POINT('',(-8.50000000001758,-206.250000000032,7.3));
#5083=CARTESIAN_POINT('',(38.3749999999949,-206.250000000023,7.3));
#5084=CARTESIAN_POINT('',(-8.50000000002767,-215.249999999992,7.3));
#5085=CARTESIAN_POINT('',(-8.49999999996503,-159.37499999993,7.3));
#5086=CARTESIAN_POINT('',(3.49999999999424,-215.249999999992,7.3));
#5087=CARTESIAN_POINT('',(44.374999999988,-215.249999999995,7.3));
#5088=CARTESIAN_POINT('',(3.49999999998851,-160.874999999987,7.3));
#5089=CARTESIAN_POINT('Origin',(-8.75000000001489,-107.249999999896,4.55));
#5090=CARTESIAN_POINT('',(-11.4999999999957,-95.9999999999683,4.55));
#5091=CARTESIAN_POINT('',(-8.74999999999575,-95.9999999999635,7.3));
#5092=CARTESIAN_POINT('Origin',(-8.74999999999575,-95.9999999999775,4.55));
#5093=CARTESIAN_POINT('',(-8.75000000002127,-110.999999999969,7.3));
#5094=CARTESIAN_POINT('',(-8.75000000001489,-107.249999999896,7.3));
#5095=CARTESIAN_POINT('',(-11.5000000000213,-110.999999999973,4.55));
#5096=CARTESIAN_POINT('Origin',(-8.75000000002127,-110.999999999986,4.55));
#5097=CARTESIAN_POINT('',(-11.5000000000149,-107.249999999891,4.55));
#5098=CARTESIAN_POINT('Origin',(85.249999999988,-103.499999999974,7.3));
#5099=CARTESIAN_POINT('',(-8.50000000002231,-95.9999999999631,7.3));
#5100=CARTESIAN_POINT('',(38.3749999999763,-95.9999999998815,7.3));
#5101=CARTESIAN_POINT('',(-8.50000000001189,-110.999999999968,7.3));
#5102=CARTESIAN_POINT('',(-8.50000000001449,-107.250000000004,7.3));
#5103=CARTESIAN_POINT('',(36.8749999999893,-110.999999999897,7.3));
#5104=CARTESIAN_POINT('Origin',(36.875000000057,8.49999999998982,4.55));
#5105=CARTESIAN_POINT('',(-11.5000000000115,11.2500000000507,4.55));
#5106=CARTESIAN_POINT('',(3.49999999998851,11.2500000000318,4.55));
#5107=CARTESIAN_POINT('',(36.8750000000605,11.2499999999898,4.55));
#5108=CARTESIAN_POINT('',(3.4999999999813,8.50000000003183,7.3));
#5109=CARTESIAN_POINT('Origin',(3.49999999998506,8.50000000003183,4.55));
#5110=CARTESIAN_POINT('',(-8.75000000002991,8.50000000004725,7.3));
#5111=CARTESIAN_POINT('',(36.875000000057,8.49999999998982,7.3));
#5112=CARTESIAN_POINT('Origin',(-8.75000000002991,8.50000000004725,4.55));
#5113=CARTESIAN_POINT('Origin',(-8.74999999987503,-52.1250000000914,4.55));
#5114=CARTESIAN_POINT('',(-8.75000000000627,-0.749999999975335,7.3));
#5115=CARTESIAN_POINT('',(-8.74999999987503,-52.1250000000914,7.3));
#5116=CARTESIAN_POINT('',(-11.5000000000063,-0.74999999997533,4.55));
#5117=CARTESIAN_POINT('Origin',(-8.75000000000628,-0.749999999960647,4.55));
#5118=CARTESIAN_POINT('',(-11.499999999875,-52.1250000000984,4.55));
#5119=CARTESIAN_POINT('Origin',(-11.5000000000115,11.2500000000507,1.));
#5120=CARTESIAN_POINT('',(-11.5000000000115,11.2500000000507,1.));
#5121=CARTESIAN_POINT('',(3.49999999998851,11.2500000000318,1.));
#5122=CARTESIAN_POINT('Origin',(-11.5000000000063,-0.749999999975328,1.));
#5123=CARTESIAN_POINT('',(-11.5000000000063,-0.74999999997533,1.));
#5124=CARTESIAN_POINT('Origin',(126.125000000081,8.50000000009768,4.55));
#5125=CARTESIAN_POINT('',(182.,11.2500000000087,4.55));
#5126=CARTESIAN_POINT('',(182.,8.50000000000866,7.3));
#5127=CARTESIAN_POINT('Origin',(181.999999999996,8.50000000000866,4.55));
#5128=CARTESIAN_POINT('',(167.,8.50000000003256,7.3));
#5129=CARTESIAN_POINT('',(126.125000000081,8.50000000009768,7.3));
#5130=CARTESIAN_POINT('',(167.,11.2500000000087,4.55));
#5131=CARTESIAN_POINT('Origin',(166.999999999991,8.50000000003256,4.55));
#5132=CARTESIAN_POINT('',(126.125000000085,11.2500000000977,4.55));
#5133=CARTESIAN_POINT('Origin',(85.249999999988,-103.499999999974,7.3));
#5134=CARTESIAN_POINT('',(182.,8.25000000000465,7.3));
#5135=CARTESIAN_POINT('',(182.,-47.6249999999848,7.3));
#5136=CARTESIAN_POINT('',(167.,8.25000000000466,7.3));
#5137=CARTESIAN_POINT('',(126.124999999994,8.25000000000471,7.3));
#5138=CARTESIAN_POINT('',(167.,-46.1249999999828,7.3));
#5139=CARTESIAN_POINT('Origin',(82.3750000000955,8.50000000003188,4.55));
#5140=CARTESIAN_POINT('',(94.4999999999938,11.2500000000087,4.55));
#5141=CARTESIAN_POINT('',(94.4999999999936,8.50000000000867,7.3));
#5142=CARTESIAN_POINT('Origin',(94.4999999999885,8.50000000000867,4.55));
#5143=CARTESIAN_POINT('',(79.4999999999938,8.50000000003739,7.3));
#5144=CARTESIAN_POINT('',(82.3750000000955,8.50000000003188,7.3));
#5145=CARTESIAN_POINT('',(79.4999999999938,11.2500000000374,4.55));
#5146=CARTESIAN_POINT('Origin',(79.499999999983,8.50000000003739,4.55));
#5147=CARTESIAN_POINT('',(82.3750000001007,11.2500000000319,4.55));
#5148=CARTESIAN_POINT('Origin',(85.249999999988,-103.499999999974,7.3));
#5149=CARTESIAN_POINT('',(94.4999999999936,8.25000000000867,7.3));
#5150=CARTESIAN_POINT('',(94.4999999999896,-47.6249999999832,7.3));
#5151=CARTESIAN_POINT('',(79.4999999999938,8.24999999999658,7.3));
#5152=CARTESIAN_POINT('',(82.3749999999459,8.2499999999989,7.3));
#5153=CARTESIAN_POINT('',(79.4999999999941,-46.1249999999685,7.3));
#5154=CARTESIAN_POINT('Origin',(83.7499999999925,-103.500000000003,8.8));
#5155=CARTESIAN_POINT('',(182.,8.25000000000465,8.8));
#5156=CARTESIAN_POINT('',(182.,14.2500000000084,8.8));
#5157=CARTESIAN_POINT('',(182.,-47.6249999999848,8.8));
#5158=CARTESIAN_POINT('',(167.,14.2500000000084,8.8));
#5159=CARTESIAN_POINT('',(132.874999999996,14.2500000000084,8.8));
#5160=CARTESIAN_POINT('',(167.,8.25000000000466,8.8));
#5161=CARTESIAN_POINT('',(167.,-44.6249999999975,8.8));
#5162=CARTESIAN_POINT('',(126.124999999994,8.25000000000471,8.8));
#5163=CARTESIAN_POINT('Origin',(83.7499999999925,-103.500000000003,8.8));
#5164=CARTESIAN_POINT('',(3.49999999998066,8.2500000000318,8.8));
#5165=CARTESIAN_POINT('',(3.49999999998455,14.2500000000318,8.8));
#5166=CARTESIAN_POINT('',(3.4999999998344,-47.6249999998643,8.8));
#5167=CARTESIAN_POINT('',(-14.5000000000063,14.2500000000247,8.8));
#5168=CARTESIAN_POINT('',(43.6249999999652,14.2500000000477,8.8));
#5169=CARTESIAN_POINT('',(-14.5000000000063,-0.74999999997533,8.8));
#5170=CARTESIAN_POINT('',(-14.5000000000063,-44.6249999999893,8.8));
#5171=CARTESIAN_POINT('',(-8.50000000000628,-0.74999999997533,8.8));
#5172=CARTESIAN_POINT('',(34.6249999999931,-0.749999999975337,8.8));
#5173=CARTESIAN_POINT('',(-8.50000000000628,8.25000000006485,8.8));
#5174=CARTESIAN_POINT('',(-8.50000000000629,-52.1249999999748,8.8));
#5175=CARTESIAN_POINT('',(38.3750000001447,8.24999999993576,8.8));
#5176=CARTESIAN_POINT('Origin',(83.7499999999925,-103.500000000003,8.8));
#5177=CARTESIAN_POINT('',(94.4999999999847,-221.249999999996,8.8));
#5178=CARTESIAN_POINT('',(94.4999999999749,-215.249999999996,8.8));
#5179=CARTESIAN_POINT('',(94.5000000002475,-162.375000000024,8.8));
#5180=CARTESIAN_POINT('',(79.4999999999947,-215.249999999998,8.8));
#5181=CARTESIAN_POINT('',(89.8749999999903,-215.249999999996,8.8));
#5182=CARTESIAN_POINT('',(79.5000000000043,-221.25000000001,8.8));
#5183=CARTESIAN_POINT('',(79.499999999996,-159.374999999986,8.8));
#5184=CARTESIAN_POINT('',(81.6250000000556,-221.250000000008,8.8));
#5185=CARTESIAN_POINT('Origin',(83.7499999999925,-103.500000000003,8.8));
#5186=CARTESIAN_POINT('',(181.999999999988,-221.25,8.8));
#5187=CARTESIAN_POINT('',(182.000000000012,-215.250000000059,8.8));
#5188=CARTESIAN_POINT('',(182.000000000267,-162.375000000234,8.8));
#5189=CARTESIAN_POINT('',(167.000000000002,-215.250000000059,8.8));
#5190=CARTESIAN_POINT('',(133.625,-215.250000000058,8.8));
#5191=CARTESIAN_POINT('',(166.999999999979,-221.24999999997,8.8));
#5192=CARTESIAN_POINT('',(167.000000000003,-159.375000000017,8.8));
#5193=CARTESIAN_POINT('',(125.374999999869,-221.249999999888,8.8));
#5194=CARTESIAN_POINT('Origin',(83.7499999999925,-103.500000000003,8.8));
#5195=CARTESIAN_POINT('',(-14.5000000000176,-206.250000000039,8.8));
#5196=CARTESIAN_POINT('',(-14.5000000000101,-221.250000000039,8.8));
#5197=CARTESIAN_POINT('',(-14.500000000043,-154.875000000045,8.8));
#5198=CARTESIAN_POINT('',(3.50000000000331,-221.249999999992,8.8));
#5199=CARTESIAN_POINT('',(34.6250000001606,-221.249999999903,8.8));
#5200=CARTESIAN_POINT('',(3.49999999999424,-215.249999999992,8.8));
#5201=CARTESIAN_POINT('',(3.49999999983155,-162.375000000115,8.8));
#5202=CARTESIAN_POINT('',(-8.50000000002767,-215.249999999992,8.8));
#5203=CARTESIAN_POINT('',(44.374999999988,-215.249999999995,8.8));
#5204=CARTESIAN_POINT('',(-8.50000000001758,-206.250000000032,8.8));
#5205=CARTESIAN_POINT('',(-8.49999999996503,-159.37499999993,8.8));
#5206=CARTESIAN_POINT('',(38.3749999999949,-206.250000000023,8.8));
#5207=CARTESIAN_POINT('Origin',(83.7499999999925,-103.500000000003,8.8));
#5208=CARTESIAN_POINT('',(94.4999999999936,8.25000000000867,8.8));
#5209=CARTESIAN_POINT('',(94.4999999999938,14.2500000000087,8.8));
#5210=CARTESIAN_POINT('',(94.4999999999896,-47.6249999999832,8.8));
#5211=CARTESIAN_POINT('',(79.499999999994,14.2500000000003,8.8));
#5212=CARTESIAN_POINT('',(89.1249999999603,14.2500000000057,8.8));
#5213=CARTESIAN_POINT('',(79.4999999999938,8.24999999999658,8.8));
#5214=CARTESIAN_POINT('',(79.4999999999331,-44.6249999999993,8.8));
#5215=CARTESIAN_POINT('',(82.3749999999459,8.2499999999989,8.8));
#5216=CARTESIAN_POINT('Origin',(167.000000000002,-215.250000000059,8.3));
#5217=CARTESIAN_POINT('',(182.000000000012,-215.250000000059,8.3));
#5218=CARTESIAN_POINT('',(167.000000000002,-215.250000000059,8.3));
#5219=CARTESIAN_POINT('Origin',(182.000000000003,-218.249999999999,1.));
#5220=CARTESIAN_POINT('',(182.000000000003,-218.249999999999,1.));
#5221=CARTESIAN_POINT('',(167.000000000002,-218.249999999996,1.));
#5222=CARTESIAN_POINT('Origin',(-8.50000000000628,8.25000000006485,8.3));
#5223=CARTESIAN_POINT('',(-8.50000000000628,-0.74999999997533,7.3));
#5224=CARTESIAN_POINT('',(-8.50000000000628,-0.74999999997533,8.3));
#5225=CARTESIAN_POINT('',(-8.50000000000628,8.25000000006485,7.3));
#5226=CARTESIAN_POINT('',(-8.50000000000629,-52.1249999999748,7.3));
#5227=CARTESIAN_POINT('',(-8.50000000000628,8.25000000006485,8.3));
#5228=CARTESIAN_POINT('Origin',(3.49999999998066,8.2500000000318,8.3));
#5229=CARTESIAN_POINT('',(3.49999999998066,8.2500000000318,7.3));
#5230=CARTESIAN_POINT('',(38.3750000001447,8.24999999993576,7.3));
#5231=CARTESIAN_POINT('',(3.49999999998066,8.2500000000318,8.3));
#5232=CARTESIAN_POINT('Origin',(85.249999999988,-103.499999999974,7.3));
#5233=CARTESIAN_POINT('',(3.4999999998344,-47.6249999998643,7.3));
#5234=CARTESIAN_POINT('',(36.8749999999909,-0.749999999975337,7.3));
#5235=CARTESIAN_POINT('Origin',(94.4999999999936,8.25000000000867,8.3));
#5236=CARTESIAN_POINT('',(79.4999999999938,8.24999999999658,8.3));
#5237=CARTESIAN_POINT('',(94.4999999999936,8.25000000000867,8.3));
#5238=CARTESIAN_POINT('Origin',(79.4999999999938,11.2500000000374,1.));
#5239=CARTESIAN_POINT('',(79.4999999999938,11.2500000000374,1.));
#5240=CARTESIAN_POINT('',(94.4999999999938,11.2500000000087,1.));
#5241=CARTESIAN_POINT('Origin',(79.4999999999947,-215.249999999998,8.3));
#5242=CARTESIAN_POINT('',(94.4999999999749,-215.249999999996,8.3));
#5243=CARTESIAN_POINT('',(79.4999999999947,-215.249999999998,8.3));
#5244=CARTESIAN_POINT('Origin',(94.499999999998,-218.249999999996,1.));
#5245=CARTESIAN_POINT('',(94.499999999998,-218.249999999996,1.));
#5246=CARTESIAN_POINT('',(79.4999999999946,-218.249999999995,1.));
#5247=CARTESIAN_POINT('Origin',(-8.50000000002231,-95.9999999999631,8.3));
#5248=CARTESIAN_POINT('',(-8.50000000002231,-95.9999999999631,8.3));
#5249=CARTESIAN_POINT('',(-8.50000000001189,-110.999999999968,8.3));
#5250=CARTESIAN_POINT('',(-8.50000000001449,-107.250000000004,8.3));
#5251=CARTESIAN_POINT('',(-8.50000000001189,-110.999999999968,8.3));
#5252=CARTESIAN_POINT('',(-8.50000000002231,-95.9999999999631,8.3));
#5253=CARTESIAN_POINT('Origin',(182.,8.25000000000464,8.3));
#5254=CARTESIAN_POINT('',(167.,8.25000000000466,8.3));
#5255=CARTESIAN_POINT('',(182.,8.25000000000465,8.3));
#5256=CARTESIAN_POINT('Origin',(167.,11.2500000000326,1.));
#5257=CARTESIAN_POINT('',(167.,11.2500000000087,1.));
#5258=CARTESIAN_POINT('',(182.,11.2500000000087,1.));
#5259=CARTESIAN_POINT('Origin',(-8.50000000002767,-215.249999999992,8.3));
#5260=CARTESIAN_POINT('',(3.49999999999424,-215.249999999992,8.3));
#5261=CARTESIAN_POINT('',(-8.50000000002767,-215.249999999992,8.3));
#5262=CARTESIAN_POINT('Origin',(-8.50000000001758,-206.250000000032,8.3));
#5263=CARTESIAN_POINT('',(-8.50000000001758,-206.250000000032,8.3));
#5264=CARTESIAN_POINT('Origin',(-11.5000000000054,-218.249999999991,1.));
#5265=CARTESIAN_POINT('',(-11.5000000000054,-218.249999999991,1.));
#5266=CARTESIAN_POINT('',(-11.5000000000175,-206.250000000032,1.));
#5267=CARTESIAN_POINT('Origin',(3.49999999999456,-218.249999999992,1.));
#5268=CARTESIAN_POINT('',(3.49999999999456,-218.249999999992,1.));
#5269=CARTESIAN_POINT('Origin',(122.249999999871,-222.249999999881,2.));
#5270=CARTESIAN_POINT('',(181.999999999988,-221.25,3.));
#5271=CARTESIAN_POINT('',(181.999999999984,-222.250000000041,1.99999999995879));
#5272=CARTESIAN_POINT('',(166.999999999979,-221.24999999997,3.));
#5273=CARTESIAN_POINT('',(122.249999999873,-221.249999999881,3.));
#5274=CARTESIAN_POINT('',(166.999999999979,-221.499999999954,2.75000000001614));
#5275=CARTESIAN_POINT('Origin',(166.999999999979,-221.24999999997,1.));
#5276=CARTESIAN_POINT('',(181.999999999988,-221.25,1.));
#5277=CARTESIAN_POINT('',(166.999999999979,-221.24999999997,1.));
#5278=CARTESIAN_POINT('Origin',(78.5000000000609,-222.250000000011,2.));
#5279=CARTESIAN_POINT('',(94.4999999999847,-221.249999999996,3.));
#5280=CARTESIAN_POINT('',(94.4999999999802,-222.250000000017,1.99999999997826));
#5281=CARTESIAN_POINT('',(79.5000000000043,-221.25000000001,3.));
#5282=CARTESIAN_POINT('',(78.5000000000599,-221.250000000011,3.));
#5283=CARTESIAN_POINT('',(79.5000000000043,-221.500000000007,2.75000000000351));
#5284=CARTESIAN_POINT('Origin',(79.5000000000043,-221.25000000001,1.));
#5285=CARTESIAN_POINT('',(94.4999999999847,-221.249999999996,1.));
#5286=CARTESIAN_POINT('',(79.5000000000043,-221.25000000001,1.));
#5287=CARTESIAN_POINT('Origin',(31.5000000001679,-222.249999999911,2.));
#5288=CARTESIAN_POINT('',(3.50000000000331,-221.249999999992,3.));
#5289=CARTESIAN_POINT('',(3.50000000000624,-222.249999999992,1.9999999999997));
#5290=CARTESIAN_POINT('',(-14.5000000000101,-221.250000000039,3.));
#5291=CARTESIAN_POINT('',(31.500000000165,-221.249999999911,3.));
#5292=CARTESIAN_POINT('',(-14.5000000000101,-221.250000000039,3.));
#5293=CARTESIAN_POINT('Origin',(-15.500000000043,-154.875000000043,2.));
#5294=CARTESIAN_POINT('',(-14.5000000000176,-206.250000000039,3.));
#5295=CARTESIAN_POINT('',(-14.500000000043,-154.875000000042,3.));
#5296=CARTESIAN_POINT('',(-14.7499999999965,-206.250000000039,2.75000000002102));
#5297=CARTESIAN_POINT('Origin',(-15.4999999999793,-99.7499999999829,2.));
#5298=CARTESIAN_POINT('',(-14.4999999999799,-110.999999999976,3.));
#5299=CARTESIAN_POINT('',(-15.4999999999766,-110.999999999977,2.00000000000332));
#5300=CARTESIAN_POINT('',(-14.4999999999791,-95.9999999999711,3.));
#5301=CARTESIAN_POINT('',(-14.4999999999793,-99.749999999983,3.));
#5302=CARTESIAN_POINT('',(-14.7499999999828,-95.999999999971,2.7499999999963));
#5303=CARTESIAN_POINT('Origin',(-14.4999999999791,-95.9999999999711,1.));
#5304=CARTESIAN_POINT('',(-14.4999999999799,-110.999999999976,8.3));
#5305=CARTESIAN_POINT('',(-14.4999999999799,-110.999999999976,1.));
#5306=CARTESIAN_POINT('',(-14.4999999999791,-95.9999999999711,8.3));
#5307=CARTESIAN_POINT('',(-14.4999999999793,-99.7499999999845,8.3));
#5308=CARTESIAN_POINT('',(-14.4999999999791,-95.9999999999711,1.));
#5309=CARTESIAN_POINT('Origin',(-15.5000000000063,-44.6249999999876,2.));
#5310=CARTESIAN_POINT('',(-14.5000000000063,-0.74999999997533,3.));
#5311=CARTESIAN_POINT('',(-15.5000000000063,-0.749999999975333,2.));
#5312=CARTESIAN_POINT('',(-14.5000000000063,14.2500000000247,3.));
#5313=CARTESIAN_POINT('',(-14.5000000000063,-44.6249999999876,3.));
#5314=CARTESIAN_POINT('',(-14.5000000000063,14.2500000000247,3.));
#5315=CARTESIAN_POINT('Origin',(40.4999999999692,15.2500000000465,2.));
#5316=CARTESIAN_POINT('',(3.49999999998455,14.2500000000318,3.));
#5317=CARTESIAN_POINT('',(40.4999999999696,14.2500000000465,3.));
#5318=CARTESIAN_POINT('',(3.49999999998422,14.5000000000233,2.75000000000857));
#5319=CARTESIAN_POINT('Origin',(85.9999999999641,15.2500000000039,2.));
#5320=CARTESIAN_POINT('',(79.499999999994,14.2500000000003,3.));
#5321=CARTESIAN_POINT('',(79.499999999995,15.2500000000029,1.99999999999741));
#5322=CARTESIAN_POINT('',(94.4999999999938,14.2500000000087,3.));
#5323=CARTESIAN_POINT('',(85.9999999999647,14.2500000000039,3.));
#5324=CARTESIAN_POINT('',(94.4999999999938,14.5000000000075,2.75000000000119));
#5325=CARTESIAN_POINT('Origin',(94.4999999999938,14.2500000000087,1.));
#5326=CARTESIAN_POINT('',(79.499999999994,14.2500000000003,1.));
#5327=CARTESIAN_POINT('',(94.4999999999938,14.2500000000087,1.));
#5328=CARTESIAN_POINT('Origin',(129.750000000001,15.2500000000084,2.));
#5329=CARTESIAN_POINT('',(167.,14.2500000000084,3.));
#5330=CARTESIAN_POINT('',(167.,15.2500000000084,2.00000000000001));
#5331=CARTESIAN_POINT('',(182.,14.2500000000084,3.));
#5332=CARTESIAN_POINT('',(129.750000000001,14.2500000000084,3.));
#5333=CARTESIAN_POINT('',(182.,14.5000000000086,2.7499999999998));
#5334=CARTESIAN_POINT('Origin',(182.,14.2500000000084,1.));
#5335=CARTESIAN_POINT('',(167.,14.2500000000084,1.));
#5336=CARTESIAN_POINT('',(182.,14.2500000000084,1.));
#5337=CARTESIAN_POINT('Origin',(79.499999999994,14.2500000000003,1.));
#5338=CARTESIAN_POINT('Origin',(94.4999999999938,11.2500000000087,1.));
#5339=CARTESIAN_POINT('Origin',(79.5000000000046,-218.249999999995,1.));
#5340=CARTESIAN_POINT('Origin',(94.4999999999847,-221.249999999996,1.));
#5341=CARTESIAN_POINT('Origin',(166.999999999978,-218.249999999996,1.));
#5342=CARTESIAN_POINT('Origin',(181.999999999988,-221.25,1.));
#5343=CARTESIAN_POINT('Origin',(-14.5000000000063,-0.749999999975337,1.));
#5344=CARTESIAN_POINT('',(-14.5000000000063,-0.74999999997533,1.));
#5345=CARTESIAN_POINT('Origin',(-14.5000000000063,14.2500000000247,1.));
#5346=CARTESIAN_POINT('',(-14.5000000000063,14.2500000000247,1.));
#5347=CARTESIAN_POINT('Origin',(3.49999999998455,14.2500000000318,1.));
#5348=CARTESIAN_POINT('',(3.49999999998455,14.2500000000318,1.));
#5349=CARTESIAN_POINT('Origin',(3.49999999998852,11.2500000000318,1.));
#5350=CARTESIAN_POINT('Origin',(-11.5000000000175,-206.250000000032,1.));
#5351=CARTESIAN_POINT('',(-14.5000000000176,-206.250000000039,1.));
#5352=CARTESIAN_POINT('Origin',(3.50000000000332,-221.249999999992,1.));
#5353=CARTESIAN_POINT('',(3.50000000000331,-221.249999999992,1.));
#5354=CARTESIAN_POINT('Origin',(-14.5000000000101,-221.250000000044,1.));
#5355=CARTESIAN_POINT('',(-14.5000000000101,-221.250000000039,1.));
#5356=CARTESIAN_POINT('Origin',(-14.5000000000176,-206.250000000039,1.));
#5357=CARTESIAN_POINT('Origin',(167.,14.2500000000084,1.));
#5358=CARTESIAN_POINT('Origin',(182.,11.2500000000087,1.));
#5359=CARTESIAN_POINT('Origin',(-11.5000000000213,-110.999999999973,1.));
#5360=CARTESIAN_POINT('',(-11.5000000000213,-110.999999999973,1.));
#5361=CARTESIAN_POINT('',(-11.4999999999957,-95.9999999999683,1.));
#5362=CARTESIAN_POINT('Origin',(-14.4999999999799,-110.999999999976,1.));
#5363=CARTESIAN_POINT('',(34.6250000000105,-110.999999999921,8.3));
#5364=CARTESIAN_POINT('Origin',(-11.4999999999957,-95.9999999999728,1.));
#5365=CARTESIAN_POINT('',(38.3749999999763,-95.9999999998815,8.3));
#5366=CARTESIAN_POINT('Origin',(83.7499999999925,-103.500000000003,8.3));
#5367=CARTESIAN_POINT('Origin',(116.250000000001,-207.5,0.5));
#5368=CARTESIAN_POINT('',(155.,-207.,1.));
#5369=CARTESIAN_POINT('',(-0.999999999999996,-208.,0.));
#5370=CARTESIAN_POINT('Origin',(38.7500000000006,0.499999999999998,0.5));
#5371=CARTESIAN_POINT('',(156.,0.999999999999996,0.));
#5372=CARTESIAN_POINT('',(-0.999999999999996,0.999999999999996,0.));
#5373=CARTESIAN_POINT('Origin',(155.5,-51.75,0.5));
#5374=CARTESIAN_POINT('Origin',(-0.499999999999998,-155.25,0.5));
#5375=CARTESIAN_POINT('Origin',(-30.,-225.05,0.));
#5376=CARTESIAN_POINT('Origin',(185.,18.05,0.));
#5377=CARTESIAN_POINT('Origin',(188.000000000001,-64.7903597886144,5.));
#5378=CARTESIAN_POINT('',(188.000000000001,-64.7903597886144,2.5));
#5379=CARTESIAN_POINT('',(188.000000000001,-62.2903597886144,5.));
#5380=CARTESIAN_POINT('Origin',(188.,-64.7903597886144,5.));
#5381=CARTESIAN_POINT('',(185.750000000003,-62.2903597886144,5.));
#5382=CARTESIAN_POINT('',(188.000000000001,-62.2903597886144,5.));
#5383=CARTESIAN_POINT('',(185.750000000003,-64.7903597886144,2.5));
#5384=CARTESIAN_POINT('Origin',(185.750000000003,-64.7903597886144,5.));
#5385=CARTESIAN_POINT('',(188.000000000001,-64.7903597886144,2.5));
#5386=CARTESIAN_POINT('Origin',(188.000000000001,-62.2903597886144,13.));
#5387=CARTESIAN_POINT('',(188.000000000001,-62.2903597886144,13.));
#5388=CARTESIAN_POINT('',(188.000000000001,-62.2903597886144,6.5));
#5389=CARTESIAN_POINT('',(185.750000000001,-62.2903597886144,13.));
#5390=CARTESIAN_POINT('',(132.750000000001,-62.2903597886144,13.));
#5391=CARTESIAN_POINT('',(185.750000000003,-62.2903597886144,6.5));
#5392=CARTESIAN_POINT('Origin',(188.000000000001,-109.790359788614,5.));
#5393=CARTESIAN_POINT('',(188.000000000001,-112.290359788614,5.));
#5394=CARTESIAN_POINT('',(188.000000000001,-109.790359788614,2.5));
#5395=CARTESIAN_POINT('Origin',(188.,-109.790359788614,5.));
#5396=CARTESIAN_POINT('',(185.750000000003,-109.790359788614,2.5));
#5397=CARTESIAN_POINT('',(188.000000000001,-109.790359788614,2.5));
#5398=CARTESIAN_POINT('',(185.750000000003,-112.290359788614,5.));
#5399=CARTESIAN_POINT('Origin',(185.750000000003,-109.790359788614,5.));
#5400=CARTESIAN_POINT('',(188.000000000001,-112.290359788614,5.));
#5401=CARTESIAN_POINT('Origin',(188.000000000001,-62.2903597886144,2.5));
#5402=CARTESIAN_POINT('',(185.750000000003,-22.0201798943072,2.5));
#5403=CARTESIAN_POINT('',(188.,-20.5201798943072,2.5));
#5404=CARTESIAN_POINT('Origin',(188.000000000001,-112.290359788614,2.5));
#5405=CARTESIAN_POINT('',(185.750000000001,-112.290359788614,13.));
#5406=CARTESIAN_POINT('',(185.750000000003,-112.290359788614,1.25));
#5407=CARTESIAN_POINT('',(188.000000000001,-112.290359788614,13.));
#5408=CARTESIAN_POINT('',(132.750000000001,-112.290359788614,13.));
#5409=CARTESIAN_POINT('',(188.000000000001,-112.290359788614,1.25));
#5410=CARTESIAN_POINT('Origin',(77.5000000000013,-103.5,13.));
#5411=CARTESIAN_POINT('',(185.750000000003,-225.25,13.));
#5412=CARTESIAN_POINT('',(185.750000000003,-42.625,13.));
#5413=CARTESIAN_POINT('',(-30.,-225.25,13.));
#5414=CARTESIAN_POINT('',(131.250000000002,-225.25,13.));
#5415=CARTESIAN_POINT('',(-30.,18.25,13.));
#5416=CARTESIAN_POINT('',(-30.,-225.25,13.));
#5417=CARTESIAN_POINT('',(185.75,18.25,13.));
#5418=CARTESIAN_POINT('',(-30.,18.25,13.));
#5419=CARTESIAN_POINT('',(185.750000000003,-42.625,13.));
#5420=CARTESIAN_POINT('',(188.,21.25,13.));
#5421=CARTESIAN_POINT('',(188.,21.25,13.));
#5422=CARTESIAN_POINT('',(-33.,21.25,13.));
#5423=CARTESIAN_POINT('',(-33.,21.25,13.));
#5424=CARTESIAN_POINT('',(-33.,-228.25,13.));
#5425=CARTESIAN_POINT('',(-33.,-228.25,13.));
#5426=CARTESIAN_POINT('',(188.000000000003,-228.25,13.));
#5427=CARTESIAN_POINT('',(188.000000000003,-228.25,13.));
#5428=CARTESIAN_POINT('',(188.,21.25,13.));
#5429=CARTESIAN_POINT('Origin',(185.750000000003,18.25,0.));
#5430=CARTESIAN_POINT('',(185.75,18.25,0.));
#5431=CARTESIAN_POINT('',(185.75,18.25,0.));
#5432=CARTESIAN_POINT('',(185.75,-1.00007348000333,0.));
#5433=CARTESIAN_POINT('',(185.750000000001,-42.6249999999995,0.));
#5434=CARTESIAN_POINT('',(185.750000000003,-1.00007348000579,1.8));
#5435=CARTESIAN_POINT('',(185.750000000003,-1.0000734800058,0.5));
#5436=CARTESIAN_POINT('',(185.750000000003,-11.6474160820743,1.8));
#5437=CARTESIAN_POINT('',(185.750000000003,-42.625,1.8));
#5438=CARTESIAN_POINT('',(185.75,-11.6474160820763,0.));
#5439=CARTESIAN_POINT('',(185.750000000003,-11.6474160820742,0.5));
#5440=CARTESIAN_POINT('',(185.750000000001,-96.0000734800034,0.));
#5441=CARTESIAN_POINT('',(185.750000000001,-42.6249999999995,0.));
#5442=CARTESIAN_POINT('',(185.750000000003,-96.0000734800048,1.8));
#5443=CARTESIAN_POINT('',(185.750000000003,-96.0000734800048,0.5));
#5444=CARTESIAN_POINT('',(185.750000000003,-106.647416082075,1.8));
#5445=CARTESIAN_POINT('',(185.750000000003,-42.625,1.8));
#5446=CARTESIAN_POINT('',(185.750000000001,-106.647416082076,0.));
#5447=CARTESIAN_POINT('',(185.750000000003,-106.647416082075,0.5));
#5448=CARTESIAN_POINT('',(185.750000000002,-191.000073480003,0.));
#5449=CARTESIAN_POINT('',(185.750000000001,-42.6249999999995,0.));
#5450=CARTESIAN_POINT('',(185.750000000003,-191.000073480004,1.8));
#5451=CARTESIAN_POINT('',(185.750000000003,-191.000073480004,0.5));
#5452=CARTESIAN_POINT('',(185.750000000003,-201.647416082076,1.8));
#5453=CARTESIAN_POINT('',(185.750000000003,-42.625,1.8));
#5454=CARTESIAN_POINT('',(185.750000000002,-201.647416082076,0.));
#5455=CARTESIAN_POINT('',(185.750000000003,-201.647416082076,0.5));
#5456=CARTESIAN_POINT('',(185.750000000003,-225.25,0.));
#5457=CARTESIAN_POINT('',(185.750000000001,-42.6249999999995,0.));
#5458=CARTESIAN_POINT('',(185.750000000003,-225.25,0.));
#5459=CARTESIAN_POINT('Origin',(-30.25,-164.375,1.55));
#5460=CARTESIAN_POINT('',(-30.,-201.647416082076,1.8));
#5461=CARTESIAN_POINT('',(-30.5,-201.18948905907,1.3));
#5462=CARTESIAN_POINT('',(-36.2422594069758,-195.930417547933,-4.44225940697574));
#5463=CARTESIAN_POINT('',(-30.5,-191.534359702565,1.3));
#5464=CARTESIAN_POINT('',(-30.5,-164.375,1.3));
#5465=CARTESIAN_POINT('',(-30.,-191.000073480006,1.8));
#5466=CARTESIAN_POINT('',(-26.1969408778971,-186.936229294973,5.60305912210284));
#5467=CARTESIAN_POINT('',(-30.,-164.375,1.8));
#5468=CARTESIAN_POINT('Origin',(77.5000000000013,-103.5,1.3));
#5469=CARTESIAN_POINT('',(-31.3000000000001,-200.456805822259,1.3));
#5470=CARTESIAN_POINT('',(-25.2124799658209,-206.032085675749,1.3));
#5471=CARTESIAN_POINT('',(-31.3000000000001,-192.389217658659,1.3));
#5472=CARTESIAN_POINT('',(-31.3,-104.275,1.3));
#5473=CARTESIAN_POINT('',(16.1626347292837,-141.67195401426,1.3));
#5474=CARTESIAN_POINT('Origin',(-30.25,-164.375,1.55));
#5475=CARTESIAN_POINT('',(-30.,-106.647416082076,1.8));
#5476=CARTESIAN_POINT('',(-30.5,-106.18948905907,1.3));
#5477=CARTESIAN_POINT('',(-20.9177415225715,-114.965439255567,10.8822584774284));
#5478=CARTESIAN_POINT('',(-30.5,-96.5343597025647,1.3));
#5479=CARTESIAN_POINT('',(-30.5,-164.375,1.3));
#5480=CARTESIAN_POINT('',(-30.,-96.0000734800059,1.8));
#5481=CARTESIAN_POINT('',(-42.3521483099323,-109.199238802007,-10.5521483099321));
#5482=CARTESIAN_POINT('',(-30.,-164.375,1.8));
#5483=CARTESIAN_POINT('Origin',(77.5000000000013,-103.5,1.3));
#5484=CARTESIAN_POINT('',(-31.3,-105.456805822259,1.3));
#5485=CARTESIAN_POINT('',(-1.55393303403681,-132.699861606017,1.3));
#5486=CARTESIAN_POINT('',(-31.3,-97.3892176586589,1.3));
#5487=CARTESIAN_POINT('',(-31.3,-104.275,1.3));
#5488=CARTESIAN_POINT('',(-7.53522486256605,-71.994833782379,1.3));
#5489=CARTESIAN_POINT('Origin',(-30.25,-164.375,1.55));
#5490=CARTESIAN_POINT('',(-30.,-11.6474160820764,1.8));
#5491=CARTESIAN_POINT('',(-30.5,-11.1894890590698,1.3));
#5492=CARTESIAN_POINT('',(-5.59322363816708,-34.0004609632009,26.2067763618325));
#5493=CARTESIAN_POINT('',(-30.5,-1.53435970256471,1.3));
#5494=CARTESIAN_POINT('',(-30.5,-164.375,1.3));
#5495=CARTESIAN_POINT('',(-30.,-1.00007348000588,1.8));
#5496=CARTESIAN_POINT('',(-58.5073557419674,-31.4622483090399,-26.707355741967));
#5497=CARTESIAN_POINT('',(-30.,-164.375,1.8));
#5498=CARTESIAN_POINT('Origin',(77.5000000000013,-103.5,1.3));
#5499=CARTESIAN_POINT('',(-31.3,-10.4568058222592,1.3));
#5500=CARTESIAN_POINT('',(22.1046138977473,-59.367637536285,1.3));
#5501=CARTESIAN_POINT('',(-31.3,-2.38921765865884,1.3));
#5502=CARTESIAN_POINT('',(-31.3,-104.275,1.3));
#5503=CARTESIAN_POINT('',(-31.2330844544163,-2.31771355049811,1.3));
#5504=CARTESIAN_POINT('Origin',(186.000000000003,-42.625,1.55));
#5505=CARTESIAN_POINT('',(186.250000000003,-1.53435970256466,1.3));
#5506=CARTESIAN_POINT('',(193.041895089543,-8.79199164537747,-5.49189508954013));
#5507=CARTESIAN_POINT('',(186.250000000003,-11.1894890590676,1.3));
#5508=CARTESIAN_POINT('',(186.250000000003,-42.625,1.3));
#5509=CARTESIAN_POINT('',(181.468605940347,-15.5685481541864,6.08139405965506));
#5510=CARTESIAN_POINT('Origin',(77.5000000000013,-103.5,1.3));
#5511=CARTESIAN_POINT('',(187.050000000002,-2.38921765865781,1.3));
#5512=CARTESIAN_POINT('',(186.058001926272,-1.32919585146043,1.3));
#5513=CARTESIAN_POINT('',(187.050000000001,-10.4568058222581,1.3));
#5514=CARTESIAN_POINT('',(187.050000000001,-53.1641345888332,1.3));
#5515=CARTESIAN_POINT('',(134.191447491178,-58.8675250038674,1.3));
#5516=CARTESIAN_POINT('Origin',(186.000000000003,-42.625,1.55));
#5517=CARTESIAN_POINT('',(186.250000000003,-96.5343597025636,1.3));
#5518=CARTESIAN_POINT('',(176.886687657508,-86.528982138344,10.6633123424942));
#5519=CARTESIAN_POINT('',(186.250000000003,-106.189489059069,1.3));
#5520=CARTESIAN_POINT('',(186.250000000003,-42.625,1.3));
#5521=CARTESIAN_POINT('',(196.793123824752,-96.5335264465531,-9.2431238247496));
#5522=CARTESIAN_POINT('Origin',(77.5000000000013,-103.5,1.3));
#5523=CARTESIAN_POINT('',(187.05,-97.3892176586547,1.3));
#5524=CARTESIAN_POINT('',(162.360142334422,-71.006316083341,1.3));
#5525=CARTESIAN_POINT('',(187.05,-105.456805822261,1.3));
#5526=CARTESIAN_POINT('',(187.050000000001,-53.1641345888332,1.3));
#5527=CARTESIAN_POINT('',(157.849994422962,-132.199749073599,1.3));
#5528=CARTESIAN_POINT('Origin',(186.000000000003,-42.625,1.55));
#5529=CARTESIAN_POINT('',(186.250000000003,-191.534359702563,1.3));
#5530=CARTESIAN_POINT('',(160.731480225474,-164.265972631311,26.8185197745285));
#5531=CARTESIAN_POINT('',(186.250000000003,-201.189489059069,1.3));
#5532=CARTESIAN_POINT('',(186.250000000003,-42.625,1.3));
#5533=CARTESIAN_POINT('',(212.117641709157,-177.498504738919,-24.5676417091544));
#5534=CARTESIAN_POINT('Origin',(77.5000000000013,-103.5,1.3));
#5535=CARTESIAN_POINT('',(187.049999999998,-192.389217658652,1.3));
#5536=CARTESIAN_POINT('',(138.662282742572,-140.683436315222,1.3));
#5537=CARTESIAN_POINT('',(187.049999999998,-200.456805822263,1.3));
#5538=CARTESIAN_POINT('',(187.050000000001,-53.1641345888332,1.3));
#5539=CARTESIAN_POINT('',(181.508541354747,-205.531973143331,1.3));
#5540=CARTESIAN_POINT('Origin',(-28.5,-44.125,-2.5));
#5541=CARTESIAN_POINT('',(-30.,-225.25,-5.));
#5542=CARTESIAN_POINT('',(-30.,18.25,-5.));
#5543=CARTESIAN_POINT('',(-30.,-44.125,-5.));
#5544=CARTESIAN_POINT('',(-27.,15.25,0.));
#5545=CARTESIAN_POINT('',(-30.,18.25,-5.));
#5546=CARTESIAN_POINT('',(-27.,-222.25,0.));
#5547=CARTESIAN_POINT('',(-27.,-222.25,0.));
#5548=CARTESIAN_POINT('',(-30.,-225.25,-5.));
#5549=CARTESIAN_POINT('Origin',(129.750000000001,16.75,-2.5));
#5550=CARTESIAN_POINT('',(185.,18.25,-5.));
#5551=CARTESIAN_POINT('',(129.750000000001,18.25,-5.));
#5552=CARTESIAN_POINT('',(182.,15.25,0.));
#5553=CARTESIAN_POINT('',(185.,18.25,-5.));
#5554=CARTESIAN_POINT('',(-27.,15.25,0.));
#5555=CARTESIAN_POINT('Origin',(183.500000000002,-162.874999999999,-2.5));
#5556=CARTESIAN_POINT('',(185.000000000003,-225.25,-5.));
#5557=CARTESIAN_POINT('',(185.000000000002,-162.874999999999,-5.));
#5558=CARTESIAN_POINT('',(182.000000000003,-222.25,0.));
#5559=CARTESIAN_POINT('',(185.000000000003,-225.25,-5.));
#5560=CARTESIAN_POINT('',(182.,15.25,0.));
#5561=CARTESIAN_POINT('Origin',(25.2500000000007,-223.75,-2.5));
#5562=CARTESIAN_POINT('',(182.000000000003,-222.25,0.));
#5563=CARTESIAN_POINT('',(25.2500000000007,-225.25,-5.));
#5564=CARTESIAN_POINT('Origin',(77.5000000000013,-103.5,-5.));
#5565=CARTESIAN_POINT('',(-33.,-228.25,-5.));
#5566=CARTESIAN_POINT('',(-33.,21.25,-5.));
#5567=CARTESIAN_POINT('',(-33.,-228.25,-5.));
#5568=CARTESIAN_POINT('',(188.,21.25,-5.));
#5569=CARTESIAN_POINT('',(-33.,21.25,-5.));
#5570=CARTESIAN_POINT('',(188.000000000003,-228.25,-5.));
#5571=CARTESIAN_POINT('',(188.,21.25,-5.));
#5572=CARTESIAN_POINT('',(188.000000000003,-228.25,-5.));
#5573=CARTESIAN_POINT('Origin',(187.200000000001,-53.1641345888332,0.15));
#5574=CARTESIAN_POINT('',(187.349999999998,-200.182049608459,0.3));
#5575=CARTESIAN_POINT('',(187.049999999998,-200.456805822263,0.));
#5576=CARTESIAN_POINT('',(211.104479089971,-178.426413822971,24.0544790899716));
#5577=CARTESIAN_POINT('',(187.349999999998,-192.709789392187,0.3));
#5578=CARTESIAN_POINT('',(187.350000000001,-53.1641345888332,0.3));
#5579=CARTESIAN_POINT('',(187.049999999998,-192.389217658652,0.));
#5580=CARTESIAN_POINT('',(163.144364824398,-166.844314626971,-23.9056351755991));
#5581=CARTESIAN_POINT('',(187.050000000001,-53.1641345888332,0.));
#5582=CARTESIAN_POINT('Origin',(187.252619676594,-200.271235771651,1.));
#5583=CARTESIAN_POINT('',(181.508541354747,-205.531973143331,0.));
#5584=CARTESIAN_POINT('',(187.349999999998,-200.182049608459,1.));
#5585=CARTESIAN_POINT('',(210.981187064683,-178.539331323172,-22.6311870646839));
#5586=CARTESIAN_POINT('',(187.349999999998,-200.182049608459,1.));
#5587=CARTESIAN_POINT('Origin',(77.5000000000013,-103.5,0.));
#5588=CARTESIAN_POINT('',(138.662282742572,-140.683436315222,0.));
#5589=CARTESIAN_POINT('',(187.05,-105.456805822261,-6.93889390390723E-17));
#5590=CARTESIAN_POINT('',(157.849994422962,-132.199749073599,-6.93889390390723E-17));
#5591=CARTESIAN_POINT('',(187.05,-97.3892176586547,0.));
#5592=CARTESIAN_POINT('',(187.050000000001,-53.1641345888332,0.));
#5593=CARTESIAN_POINT('',(162.360142334422,-71.006316083341,0.));
#5594=CARTESIAN_POINT('',(187.050000000001,-10.4568058222581,0.));
#5595=CARTESIAN_POINT('',(134.191447491178,-58.8675250038674,0.));
#5596=CARTESIAN_POINT('',(187.050000000002,-2.38921765865779,0.));
#5597=CARTESIAN_POINT('',(187.050000000001,-53.1641345888332,0.));
#5598=CARTESIAN_POINT('',(186.058001926272,-1.32919585146045,0.));
#5599=CARTESIAN_POINT('',(-30.,18.25,0.));
#5600=CARTESIAN_POINT('',(23.7500000000007,18.25,0.));
#5601=CARTESIAN_POINT('',(-30.,-1.00007348000585,0.));
#5602=CARTESIAN_POINT('',(-30.,-164.375,0.));
#5603=CARTESIAN_POINT('',(-31.3,-2.38921765865881,0.));
#5604=CARTESIAN_POINT('',(-31.2330844544163,-2.31771355049808,0.));
#5605=CARTESIAN_POINT('',(-31.3,-10.4568058222592,0.));
#5606=CARTESIAN_POINT('',(-31.3,-104.275,0.));
#5607=CARTESIAN_POINT('',(-30.,-11.6474160820764,0.));
#5608=CARTESIAN_POINT('',(22.1046138977474,-59.3676375362851,0.));
#5609=CARTESIAN_POINT('',(-30.,-96.0000734800059,0.));
#5610=CARTESIAN_POINT('',(-30.,-164.375,0.));
#5611=CARTESIAN_POINT('',(-31.3,-97.3892176586589,0.));
#5612=CARTESIAN_POINT('',(-7.53522486256604,-71.994833782379,0.));
#5613=CARTESIAN_POINT('',(-31.3,-105.456805822259,6.93889390390723E-17));
#5614=CARTESIAN_POINT('',(-31.3,-104.275,0.));
#5615=CARTESIAN_POINT('',(-30.,-106.647416082076,0.));
#5616=CARTESIAN_POINT('',(-1.5539330340368,-132.699861606017,6.93889390390723E-17));
#5617=CARTESIAN_POINT('',(-30.,-191.000073480006,0.));
#5618=CARTESIAN_POINT('',(-30.,-164.375,0.));
#5619=CARTESIAN_POINT('',(-31.3000000000001,-192.389217658659,6.93889390390723E-17));
#5620=CARTESIAN_POINT('',(16.1626347292838,-141.67195401426,6.93889390390723E-17));
#5621=CARTESIAN_POINT('',(-31.3000000000001,-200.456805822259,6.93889390390723E-17));
#5622=CARTESIAN_POINT('',(-31.3,-104.275,0.));
#5623=CARTESIAN_POINT('',(-30.,-201.647416082076,0.));
#5624=CARTESIAN_POINT('',(-25.2124799658209,-206.032085675749,6.93889390390723E-17));
#5625=CARTESIAN_POINT('',(-30.,-225.25,0.));
#5626=CARTESIAN_POINT('',(-30.,-164.375,0.));
#5627=CARTESIAN_POINT('',(131.250000000002,-225.25,0.));
#5628=CARTESIAN_POINT('Origin',(187.200000000001,-53.1641345888332,1.15));
#5629=CARTESIAN_POINT('',(187.349999999998,-192.709789392187,1.));
#5630=CARTESIAN_POINT('',(163.03296538574,-166.725276256419,25.3170346142574));
#5631=CARTESIAN_POINT('',(187.350000000001,-53.1641345888332,1.));
#5632=CARTESIAN_POINT('Origin',(185.769043815814,-191.02042317683,1.));
#5633=CARTESIAN_POINT('',(187.349999999998,-192.709789392187,1.));
#5634=CARTESIAN_POINT('Origin',(187.200000000001,-53.1641345888332,0.15));
#5635=CARTESIAN_POINT('',(187.35,-105.182049608457,0.3));
#5636=CARTESIAN_POINT('',(195.779961205566,-97.4614355306043,8.72996120556578));
#5637=CARTESIAN_POINT('',(187.35,-97.7097893921901,0.3));
#5638=CARTESIAN_POINT('',(187.350000000001,-53.1641345888332,0.3));
#5639=CARTESIAN_POINT('',(179.299572256433,-89.1073241340044,-7.7504277435661));
#5640=CARTESIAN_POINT('Origin',(187.252619676593,-105.271235771651,1.));
#5641=CARTESIAN_POINT('',(187.35,-105.182049608457,1.));
#5642=CARTESIAN_POINT('',(195.656669180278,-97.5743530308052,-7.30666918027812));
#5643=CARTESIAN_POINT('',(187.35,-105.182049608457,1.));
#5644=CARTESIAN_POINT('Origin',(187.200000000001,-53.1641345888332,1.15));
#5645=CARTESIAN_POINT('',(187.35,-97.7097893921901,1.));
#5646=CARTESIAN_POINT('',(179.188172817775,-88.9882857634526,9.16182718222439));
#5647=CARTESIAN_POINT('',(187.350000000001,-53.1641345888332,1.));
#5648=CARTESIAN_POINT('Origin',(185.769043815813,-96.0204231768299,1.));
#5649=CARTESIAN_POINT('',(187.35,-97.7097893921901,1.));
#5650=CARTESIAN_POINT('Origin',(187.200000000001,-53.1641345888332,0.15));
#5651=CARTESIAN_POINT('',(187.350000000002,-2.70978939219315,0.3));
#5652=CARTESIAN_POINT('',(195.454779688469,-11.3703336410386,8.40477968846696));
#5653=CARTESIAN_POINT('',(187.350000000001,-10.1820496084541,0.3));
#5654=CARTESIAN_POINT('',(180.455443321161,-16.4964572382376,-6.59455667883992));
#5655=CARTESIAN_POINT('',(187.350000000001,-53.1641345888332,0.3));
#5656=CARTESIAN_POINT('Origin',(185.769043815812,-1.02042317682988,1.));
#5657=CARTESIAN_POINT('',(187.350000000002,-2.70978939219315,1.));
#5658=CARTESIAN_POINT('',(187.350000000002,-2.70978939219315,1.));
#5659=CARTESIAN_POINT('',(195.34338024981,-11.2512952704868,-6.99338024980866));
#5660=CARTESIAN_POINT('Origin',(187.350000000002,-2.8282691776642,1.));
#5661=CARTESIAN_POINT('',(187.350000000001,-10.1820496084541,1.));
#5662=CARTESIAN_POINT('',(187.350000000001,-10.1820496084541,1.));
#5663=CARTESIAN_POINT('',(187.350000000001,-53.1641345888332,1.));
#5664=CARTESIAN_POINT('Origin',(187.200000000001,-53.1641345888332,1.15));
#5665=CARTESIAN_POINT('',(180.332151295873,-16.6093747384384,8.01784870412757));
#5666=CARTESIAN_POINT('Origin',(187.252619676592,-10.2712357716509,1.));
#5667=CARTESIAN_POINT('Origin',(-31.45,-104.275,0.15));
#5668=CARTESIAN_POINT('',(-31.5999999999999,-2.70978939219415,0.3));
#5669=CARTESIAN_POINT('',(-48.9077153713985,-21.2043371260106,17.6077153713986));
#5670=CARTESIAN_POINT('',(-31.5999999999999,-10.1820496084552,0.3));
#5671=CARTESIAN_POINT('',(-31.6,-104.275,0.3));
#5672=CARTESIAN_POINT('',(-15.9749102963022,-24.4923512329064,-15.3250897036978));
#5673=CARTESIAN_POINT('Origin',(-30.0026196765903,-11.6450168406719,1.));
#5674=CARTESIAN_POINT('',(-31.5999999999999,-10.1820496084552,1.));
#5675=CARTESIAN_POINT('',(-31.5999999999999,-10.1820496084552,1.));
#5676=CARTESIAN_POINT('',(-15.8516182710147,-24.6052687331071,16.7483817289856));
#5677=CARTESIAN_POINT('',(-30.,-11.6474160820763,0.5));
#5678=CARTESIAN_POINT('Origin',(-31.6,-105.05,1.));
#5679=CARTESIAN_POINT('',(-31.5999999999999,-2.70978939219415,1.));
#5680=CARTESIAN_POINT('',(-31.5999999999999,-2.70978939219415,1.));
#5681=CARTESIAN_POINT('',(-31.6,-104.275,1.));
#5682=CARTESIAN_POINT('Origin',(-31.45,-104.275,1.15));
#5683=CARTESIAN_POINT('',(-48.79631593274,-21.0852987554586,-16.1963159327404));
#5684=CARTESIAN_POINT('Origin',(-31.5190438158106,-2.62328184450751,1.));
#5685=CARTESIAN_POINT('',(-30.,-1.00007348000584,0.5));
#5686=CARTESIAN_POINT('Origin',(-31.45,-104.275,0.15));
#5687=CARTESIAN_POINT('',(-31.6000000000001,-200.182049608455,0.3));
#5688=CARTESIAN_POINT('',(-46.6239460651106,-186.422307817639,15.3239460651106));
#5689=CARTESIAN_POINT('',(-31.6000000000001,-192.709789392194,0.3));
#5690=CARTESIAN_POINT('',(-16.5973005073286,-176.678318111944,-14.7026994926716));
#5691=CARTESIAN_POINT('',(-31.6,-104.275,0.3));
#5692=CARTESIAN_POINT('Origin',(-31.5190438158106,-192.623281844508,1.));
#5693=CARTESIAN_POINT('',(-30.,-191.000073480006,0.5));
#5694=CARTESIAN_POINT('',(-31.6000000000001,-192.709789392194,1.));
#5695=CARTESIAN_POINT('',(-16.4859010686704,-176.559279741393,16.1140989313299));
#5696=CARTESIAN_POINT('',(-31.6000000000001,-192.709789392194,1.));
#5697=CARTESIAN_POINT('Origin',(-31.45,-104.275,1.15));
#5698=CARTESIAN_POINT('',(-31.6000000000001,-200.182049608455,1.));
#5699=CARTESIAN_POINT('',(-46.5006540398227,-186.53522531784,-13.900654039823));
#5700=CARTESIAN_POINT('',(-31.6,-104.275,1.));
#5701=CARTESIAN_POINT('Origin',(-30.0026196765903,-201.645016840672,1.));
#5702=CARTESIAN_POINT('',(-31.6000000000001,-200.182049608455,1.));
#5703=CARTESIAN_POINT('',(-30.,-201.647416082076,0.5));
#5704=CARTESIAN_POINT('Origin',(-31.45,-104.275,0.15));
#5705=CARTESIAN_POINT('',(-31.6,-105.182049608455,0.3));
#5706=CARTESIAN_POINT('',(-31.2994281807064,-105.457329525273,-0.00057181929362654));
#5707=CARTESIAN_POINT('',(-31.6,-97.7097893921942,0.3));
#5708=CARTESIAN_POINT('',(-32.7525079393635,-98.9413276189774,1.45250793936354));
#5709=CARTESIAN_POINT('',(-31.6,-104.275,0.3));
#5710=CARTESIAN_POINT('Origin',(-31.5190438158106,-97.6232818445075,1.));
#5711=CARTESIAN_POINT('',(-30.,-96.0000734800059,0.5));
#5712=CARTESIAN_POINT('',(-31.6,-97.7097893921942,1.));
#5713=CARTESIAN_POINT('',(-32.6411085007052,-98.8222892484256,-0.0411085007052513));
#5714=CARTESIAN_POINT('',(-31.6,-97.7097893921942,1.));
#5715=CARTESIAN_POINT('Origin',(-31.45,-104.275,1.15));
#5716=CARTESIAN_POINT('',(-31.6,-105.182049608455,1.));
#5717=CARTESIAN_POINT('',(-31.1761361554187,-105.570247025474,1.42386384458129));
#5718=CARTESIAN_POINT('',(-31.6,-104.275,1.));
#5719=CARTESIAN_POINT('Origin',(-30.0026196765903,-106.645016840672,1.));
#5720=CARTESIAN_POINT('',(-31.6,-105.182049608455,1.));
#5721=CARTESIAN_POINT('',(-30.,-106.647416082076,0.5));
#5722=CARTESIAN_POINT('Origin',(-31.6,-105.05,1.));
#5723=CARTESIAN_POINT('Origin',(-31.6,-105.05,1.));
#5724=CARTESIAN_POINT('Origin',(187.350000000002,-2.8282691776642,1.));
#5725=CARTESIAN_POINT('Origin',(187.350000000002,-2.8282691776642,1.));
#5726=CARTESIAN_POINT('Origin',(-30.,-225.25,0.));
#5727=CARTESIAN_POINT('',(-30.,18.25,0.));
#5728=CARTESIAN_POINT('',(-30.,-225.25,0.));
#5729=CARTESIAN_POINT('Origin',(185.000000000003,-225.25,0.));
#5730=CARTESIAN_POINT('Origin',(-30.,18.25,0.));
#5731=CARTESIAN_POINT('Origin',(188.000000000003,-228.25,0.));
#5732=CARTESIAN_POINT('',(-33.,-228.25,0.));
#5733=CARTESIAN_POINT('',(188.000000000003,-228.25,0.));
#5734=CARTESIAN_POINT('Origin',(188.,21.25,0.));
#5735=CARTESIAN_POINT('',(188.,21.25,0.));
#5736=CARTESIAN_POINT('Origin',(-33.,21.25,0.));
#5737=CARTESIAN_POINT('',(-33.,21.25,0.));
#5738=CARTESIAN_POINT('Origin',(-33.,-228.25,0.));
#5739=UNCERTAINTY_MEASURE_WITH_UNIT(LENGTH_MEASURE(0.01),#5743,
'DISTANCE_ACCURACY_VALUE',
'Maximum model space distance between geometric entities at asserted c
onnectivities');
#5740=UNCERTAINTY_MEASURE_WITH_UNIT(LENGTH_MEASURE(0.01),#5743,
'DISTANCE_ACCURACY_VALUE',
'Maximum model space distance between geometric entities at asserted c
onnectivities');
#5741=(
GEOMETRIC_REPRESENTATION_CONTEXT(3)
GLOBAL_UNCERTAINTY_ASSIGNED_CONTEXT((#5739))
GLOBAL_UNIT_ASSIGNED_CONTEXT((#5743,#5745,#5746))
REPRESENTATION_CONTEXT('','3D')
);
#5742=(
GEOMETRIC_REPRESENTATION_CONTEXT(3)
GLOBAL_UNCERTAINTY_ASSIGNED_CONTEXT((#5740))
GLOBAL_UNIT_ASSIGNED_CONTEXT((#5743,#5745,#5746))
REPRESENTATION_CONTEXT('','3D')
);
#5743=(
LENGTH_UNIT()
NAMED_UNIT(*)
SI_UNIT(.MILLI.,.METRE.)
);
#5744=(
LENGTH_UNIT()
NAMED_UNIT(*)
SI_UNIT($,.METRE.)
);
#5745=(
NAMED_UNIT(*)
PLANE_ANGLE_UNIT()
SI_UNIT($,.RADIAN.)
);
#5746=(
NAMED_UNIT(*)
SI_UNIT($,.STERADIAN.)
SOLID_ANGLE_UNIT()
);
#5747=SHAPE_DEFINITION_REPRESENTATION(#5748,#5749);
#5748=PRODUCT_DEFINITION_SHAPE('',$,#5751);
#5749=SHAPE_REPRESENTATION('',(#3623),#5741);
#5750=PRODUCT_DEFINITION_CONTEXT('part definition',#5755,'design');
#5751=PRODUCT_DEFINITION('Kindle Photo Frame','Kindle Photo Frame v11',
#5752,#5750);
#5752=PRODUCT_DEFINITION_FORMATION('',$,#5757);
#5753=PRODUCT_RELATED_PRODUCT_CATEGORY('Kindle Photo Frame v11',
'Kindle Photo Frame v11',(#5757));
#5754=APPLICATION_PROTOCOL_DEFINITION('international standard',
'automotive_design',2009,#5755);
#5755=APPLICATION_CONTEXT(
'Core Data for Automotive Mechanical Design Process');
#5756=PRODUCT_CONTEXT('part definition',#5755,'mechanical');
#5757=PRODUCT('Kindle Photo Frame','Kindle Photo Frame v11',$,(#5756));
#5758=PRESENTATION_STYLE_ASSIGNMENT((#5760));
#5759=PRESENTATION_STYLE_ASSIGNMENT((#5761));
#5760=SURFACE_STYLE_USAGE(.BOTH.,#5762);
#5761=SURFACE_STYLE_USAGE(.BOTH.,#5763);
#5762=SURFACE_SIDE_STYLE('',(#5764));
#5763=SURFACE_SIDE_STYLE('',(#5765));
#5764=SURFACE_STYLE_FILL_AREA(#5766);
#5765=SURFACE_STYLE_FILL_AREA(#5767);
#5766=FILL_AREA_STYLE('ABS (White)',(#5768));
#5767=FILL_AREA_STYLE('ABS (White)',(#5769));
#5768=FILL_AREA_STYLE_COLOUR('ABS (White)',#5770);
#5769=FILL_AREA_STYLE_COLOUR('ABS (White)',#5771);
#5770=COLOUR_RGB('ABS (White)',1.,1.,1.);
#5771=COLOUR_RGB('ABS (White)',0.,0.,0.);
ENDSEC;
END-ISO-10303-21;
